{"id":8,"name":"humanshape","names":[{"name":"ひとがた","language":{"name":"ja","url":"http://pokeapi.co/api/v2/language/1/"}},{"name":"Humanoïde","language":{"name":"fr","url":"http://pokeapi.co/api/v2/language/5/"}},{"name":"Humanotyp","language":{"name":"de","url":"http://pokeapi.co/api/v2/language/6/"}},{"name":"Humanoide","language":{"name":"es","url":"http://pokeapi.co/api/v2/language/7/"}},{"name":"Umanoide","language":{"name":"it","url":"http://pokeapi.co/api/v2/language/8/"}},{"name":"Human-Like","language":{"name":"en","url":"http://pokeapi.co/api/v2/language/9/"}}],"pokemon_species":[{"name":"abra","url":"http://pokeapi.co/api/v2/pokemon-species/63/"},{"name":"kadabra","url":"http://pokeapi.co/api/v2/pokemon-species/64/"},{"name":"alakazam","url":"http://pokeapi.co/api/v2/pokemon-species/65/"},{"name":"machop","url":"http://pokeapi.co/api/v2/pokemon-species/66/"},{"name":"machoke","url":"http://pokeapi.co/api/v2/pokemon-species/67/"},{"name":"machamp","url":"http://pokeapi.co/api/v2/pokemon-species/68/"},{"name":"drowzee","url":"http://pokeapi.co/api/v2/pokemon-species/96/"},{"name":"hypno","url":"http://pokeapi.co/api/v2/pokemon-species/97/"},{"name":"hitmonlee","url":"http://pokeapi.co/api/v2/pokemon-species/106/"},{"name":"hitmonchan","url":"http://pokeapi.co/api/v2/pokemon-species/107/"},{"name":"mr-mime","url":"http://pokeapi.co/api/v2/pokemon-species/122/"},{"name":"jynx","url":"http://pokeapi.co/api/v2/pokemon-species/124/"},{"name":"electabuzz","url":"http://pokeapi.co/api/v2/pokemon-species/125/"},{"name":"magmar","url":"http://pokeapi.co/api/v2/pokemon-species/126/"},{"name":"hitmontop","url":"http://pokeapi.co/api/v2/pokemon-species/237/"},{"name":"makuhita","url":"http://pokeapi.co/api/v2/pokemon-species/296/"},{"name":"hariyama","url":"http://pokeapi.co/api/v2/pokemon-species/297/"},{"name":"sableye","url":"http://pokeapi.co/api/v2/pokemon-species/302/"},{"name":"meditite","url":"http://pokeapi.co/api/v2/pokemon-species/307/"},{"name":"medicham","url":"http://pokeapi.co/api/v2/pokemon-species/308/"},{"name":"volbeat","url":"http://pokeapi.co/api/v2/pokemon-species/313/"},{"name":"illumise","url":"http://pokeapi.co/api/v2/pokemon-species/314/"},{"name":"spinda","url":"http://pokeapi.co/api/v2/pokemon-species/327/"},{"name":"cacnea","url":"http://pokeapi.co/api/v2/pokemon-species/331/"},{"name":"cacturne","url":"http://pokeapi.co/api/v2/pokemon-species/332/"},{"name":"chimchar","url":"http://pokeapi.co/api/v2/pokemon-species/390/"},{"name":"monferno","url":"http://pokeapi.co/api/v2/pokemon-species/391/"},{"name":"infernape","url":"http://pokeapi.co/api/v2/pokemon-species/392/"},{"name":"buneary","url":"http://pokeapi.co/api/v2/pokemon-species/427/"},{"name":"lopunny","url":"http://pokeapi.co/api/v2/pokemon-species/428/"},{"name":"lucario","url":"http://pokeapi.co/api/v2/pokemon-species/448/"},{"name":"croagunk","url":"http://pokeapi.co/api/v2/pokemon-species/453/"},{"name":"toxicroak","url":"http://pokeapi.co/api/v2/pokemon-species/454/"},{"name":"electivire","url":"http://pokeapi.co/api/v2/pokemon-species/466/"},{"name":"magmortar","url":"http://pokeapi.co/api/v2/pokemon-species/467/"},{"name":"timburr","url":"http://pokeapi.co/api/v2/pokemon-species/532/"},{"name":"gurdurr","url":"http://pokeapi.co/api/v2/pokemon-species/533/"},{"name":"conkeldurr","url":"http://pokeapi.co/api/v2/pokemon-species/534/"},{"name":"throh","url":"http://pokeapi.co/api/v2/pokemon-species/538/"},{"name":"sawk","url":"http://pokeapi.co/api/v2/pokemon-species/539/"},{"name":"gothita","url":"http://pokeapi.co/api/v2/pokemon-species/574/"},{"name":"gothorita","url":"http://pokeapi.co/api/v2/pokemon-species/575/"},{"name":"gothitelle","url":"http://pokeapi.co/api/v2/pokemon-species/576/"},{"name":"elgyem","url":"http://pokeapi.co/api/v2/pokemon-species/605/"},{"name":"beheeyem","url":"http://pokeapi.co/api/v2/pokemon-species/606/"},{"name":"mienfoo","url":"http://pokeapi.co/api/v2/pokemon-species/619/"},{"name":"mienshao","url":"http://pokeapi.co/api/v2/pokemon-species/620/"},{"name":"pawniard","url":"http://pokeapi.co/api/v2/pokemon-species/624/"},{"name":"bisharp","url":"http://pokeapi.co/api/v2/pokemon-species/625/"},{"name":"pancham","url":"http://pokeapi.co/api/v2/pokemon-species/674/"},{"name":"pangoro","url":"http://pokeapi.co/api/v2/pokemon-species/675/"},{"name":"hawlucha","url":"http://pokeapi.co/api/v2/pokemon-species/701/"}]}