{"id":2,"name":"water1","names":[{"name":"すいちゅう１","language":{"name":"ja","url":"http://pokeapi.co/api/v2/language/1/"}},{"name":"Aquatique 1","language":{"name":"fr","url":"http://pokeapi.co/api/v2/language/5/"}},{"name":"Wasser 1","language":{"name":"de","url":"http://pokeapi.co/api/v2/language/6/"}},{"name":"Agua 1","language":{"name":"es","url":"http://pokeapi.co/api/v2/language/7/"}},{"name":"Acqua 1","language":{"name":"it","url":"http://pokeapi.co/api/v2/language/8/"}},{"name":"Water 1","language":{"name":"en","url":"http://pokeapi.co/api/v2/language/9/"}}],"pokemon_species":[{"name":"squirtle","url":"http://pokeapi.co/api/v2/pokemon-species/7/"},{"name":"wartortle","url":"http://pokeapi.co/api/v2/pokemon-species/8/"},{"name":"blastoise","url":"http://pokeapi.co/api/v2/pokemon-species/9/"},{"name":"psyduck","url":"http://pokeapi.co/api/v2/pokemon-species/54/"},{"name":"golduck","url":"http://pokeapi.co/api/v2/pokemon-species/55/"},{"name":"poliwag","url":"http://pokeapi.co/api/v2/pokemon-species/60/"},{"name":"poliwhirl","url":"http://pokeapi.co/api/v2/pokemon-species/61/"},{"name":"poliwrath","url":"http://pokeapi.co/api/v2/pokemon-species/62/"},{"name":"slowpoke","url":"http://pokeapi.co/api/v2/pokemon-species/79/"},{"name":"slowbro","url":"http://pokeapi.co/api/v2/pokemon-species/80/"},{"name":"seel","url":"http://pokeapi.co/api/v2/pokemon-species/86/"},{"name":"dewgong","url":"http://pokeapi.co/api/v2/pokemon-species/87/"},{"name":"horsea","url":"http://pokeapi.co/api/v2/pokemon-species/116/"},{"name":"seadra","url":"http://pokeapi.co/api/v2/pokemon-species/117/"},{"name":"lapras","url":"http://pokeapi.co/api/v2/pokemon-species/131/"},{"name":"omanyte","url":"http://pokeapi.co/api/v2/pokemon-species/138/"},{"name":"omastar","url":"http://pokeapi.co/api/v2/pokemon-species/139/"},{"name":"kabuto","url":"http://pokeapi.co/api/v2/pokemon-species/140/"},{"name":"kabutops","url":"http://pokeapi.co/api/v2/pokemon-species/141/"},{"name":"dratini","url":"http://pokeapi.co/api/v2/pokemon-species/147/"},{"name":"dragonair","url":"http://pokeapi.co/api/v2/pokemon-species/148/"},{"name":"dragonite","url":"http://pokeapi.co/api/v2/pokemon-species/149/"},{"name":"totodile","url":"http://pokeapi.co/api/v2/pokemon-species/158/"},{"name":"croconaw","url":"http://pokeapi.co/api/v2/pokemon-species/159/"},{"name":"feraligatr","url":"http://pokeapi.co/api/v2/pokemon-species/160/"},{"name":"marill","url":"http://pokeapi.co/api/v2/pokemon-species/183/"},{"name":"azumarill","url":"http://pokeapi.co/api/v2/pokemon-species/184/"},{"name":"politoed","url":"http://pokeapi.co/api/v2/pokemon-species/186/"},{"name":"wooper","url":"http://pokeapi.co/api/v2/pokemon-species/194/"},{"name":"quagsire","url":"http://pokeapi.co/api/v2/pokemon-species/195/"},{"name":"slowking","url":"http://pokeapi.co/api/v2/pokemon-species/199/"},{"name":"corsola","url":"http://pokeapi.co/api/v2/pokemon-species/222/"},{"name":"remoraid","url":"http://pokeapi.co/api/v2/pokemon-species/223/"},{"name":"octillery","url":"http://pokeapi.co/api/v2/pokemon-species/224/"},{"name":"delibird","url":"http://pokeapi.co/api/v2/pokemon-species/225/"},{"name":"mantine","url":"http://pokeapi.co/api/v2/pokemon-species/226/"},{"name":"kingdra","url":"http://pokeapi.co/api/v2/pokemon-species/230/"},{"name":"mudkip","url":"http://pokeapi.co/api/v2/pokemon-species/258/"},{"name":"marshtomp","url":"http://pokeapi.co/api/v2/pokemon-species/259/"},{"name":"swampert","url":"http://pokeapi.co/api/v2/pokemon-species/260/"},{"name":"lotad","url":"http://pokeapi.co/api/v2/pokemon-species/270/"},{"name":"lombre","url":"http://pokeapi.co/api/v2/pokemon-species/271/"},{"name":"ludicolo","url":"http://pokeapi.co/api/v2/pokemon-species/272/"},{"name":"wingull","url":"http://pokeapi.co/api/v2/pokemon-species/278/"},{"name":"pelipper","url":"http://pokeapi.co/api/v2/pokemon-species/279/"},{"name":"surskit","url":"http://pokeapi.co/api/v2/pokemon-species/283/"},{"name":"masquerain","url":"http://pokeapi.co/api/v2/pokemon-species/284/"},{"name":"corphish","url":"http://pokeapi.co/api/v2/pokemon-species/341/"},{"name":"crawdaunt","url":"http://pokeapi.co/api/v2/pokemon-species/342/"},{"name":"feebas","url":"http://pokeapi.co/api/v2/pokemon-species/349/"},{"name":"milotic","url":"http://pokeapi.co/api/v2/pokemon-species/350/"},{"name":"spheal","url":"http://pokeapi.co/api/v2/pokemon-species/363/"},{"name":"sealeo","url":"http://pokeapi.co/api/v2/pokemon-species/364/"},{"name":"walrein","url":"http://pokeapi.co/api/v2/pokemon-species/365/"},{"name":"clamperl","url":"http://pokeapi.co/api/v2/pokemon-species/366/"},{"name":"huntail","url":"http://pokeapi.co/api/v2/pokemon-species/367/"},{"name":"gorebyss","url":"http://pokeapi.co/api/v2/pokemon-species/368/"},{"name":"relicanth","url":"http://pokeapi.co/api/v2/pokemon-species/369/"},{"name":"piplup","url":"http://pokeapi.co/api/v2/pokemon-species/393/"},{"name":"prinplup","url":"http://pokeapi.co/api/v2/pokemon-species/394/"},{"name":"empoleon","url":"http://pokeapi.co/api/v2/pokemon-species/395/"},{"name":"bidoof","url":"http://pokeapi.co/api/v2/pokemon-species/399/"},{"name":"bibarel","url":"http://pokeapi.co/api/v2/pokemon-species/400/"},{"name":"buizel","url":"http://pokeapi.co/api/v2/pokemon-species/418/"},{"name":"floatzel","url":"http://pokeapi.co/api/v2/pokemon-species/419/"},{"name":"shellos","url":"http://pokeapi.co/api/v2/pokemon-species/422/"},{"name":"gastrodon","url":"http://pokeapi.co/api/v2/pokemon-species/423/"},{"name":"phione","url":"http://pokeapi.co/api/v2/pokemon-species/489/"},{"name":"manaphy","url":"http://pokeapi.co/api/v2/pokemon-species/490/"},{"name":"tympole","url":"http://pokeapi.co/api/v2/pokemon-species/535/"},{"name":"palpitoad","url":"http://pokeapi.co/api/v2/pokemon-species/536/"},{"name":"seismitoad","url":"http://pokeapi.co/api/v2/pokemon-species/537/"},{"name":"tirtouga","url":"http://pokeapi.co/api/v2/pokemon-species/564/"},{"name":"carracosta","url":"http://pokeapi.co/api/v2/pokemon-species/565/"},{"name":"ducklett","url":"http://pokeapi.co/api/v2/pokemon-species/580/"},{"name":"swanna","url":"http://pokeapi.co/api/v2/pokemon-species/581/"},{"name":"alomomola","url":"http://pokeapi.co/api/v2/pokemon-species/594/"},{"name":"stunfisk","url":"http://pokeapi.co/api/v2/pokemon-species/618/"},{"name":"froakie","url":"http://pokeapi.co/api/v2/pokemon-species/656/"},{"name":"frogadier","url":"http://pokeapi.co/api/v2/pokemon-species/657/"},{"name":"greninja","url":"http://pokeapi.co/api/v2/pokemon-species/658/"},{"name":"inkay","url":"http://pokeapi.co/api/v2/pokemon-species/686/"},{"name":"malamar","url":"http://pokeapi.co/api/v2/pokemon-species/687/"},{"name":"skrelp","url":"http://pokeapi.co/api/v2/pokemon-species/690/"},{"name":"dragalge","url":"http://pokeapi.co/api/v2/pokemon-species/691/"},{"name":"clauncher","url":"http://pokeapi.co/api/v2/pokemon-species/692/"},{"name":"clawitzer","url":"http://pokeapi.co/api/v2/pokemon-species/693/"}]}