{"id":4,"name":"flying","names":[{"name":"ひこう","language":{"name":"ja","url":"http://pokeapi.co/api/v2/language/1/"}},{"name":"Aérien","language":{"name":"fr","url":"http://pokeapi.co/api/v2/language/5/"}},{"name":"Flug","language":{"name":"de","url":"http://pokeapi.co/api/v2/language/6/"}},{"name":"Volador","language":{"name":"es","url":"http://pokeapi.co/api/v2/language/7/"}},{"name":"Volante","language":{"name":"it","url":"http://pokeapi.co/api/v2/language/8/"}},{"name":"Flying","language":{"name":"en","url":"http://pokeapi.co/api/v2/language/9/"}}],"pokemon_species":[{"name":"pidgey","url":"http://pokeapi.co/api/v2/pokemon-species/16/"},{"name":"pidgeotto","url":"http://pokeapi.co/api/v2/pokemon-species/17/"},{"name":"pidgeot","url":"http://pokeapi.co/api/v2/pokemon-species/18/"},{"name":"spearow","url":"http://pokeapi.co/api/v2/pokemon-species/21/"},{"name":"fearow","url":"http://pokeapi.co/api/v2/pokemon-species/22/"},{"name":"zubat","url":"http://pokeapi.co/api/v2/pokemon-species/41/"},{"name":"golbat","url":"http://pokeapi.co/api/v2/pokemon-species/42/"},{"name":"farfetchd","url":"http://pokeapi.co/api/v2/pokemon-species/83/"},{"name":"doduo","url":"http://pokeapi.co/api/v2/pokemon-species/84/"},{"name":"dodrio","url":"http://pokeapi.co/api/v2/pokemon-species/85/"},{"name":"aerodactyl","url":"http://pokeapi.co/api/v2/pokemon-species/142/"},{"name":"hoothoot","url":"http://pokeapi.co/api/v2/pokemon-species/163/"},{"name":"noctowl","url":"http://pokeapi.co/api/v2/pokemon-species/164/"},{"name":"crobat","url":"http://pokeapi.co/api/v2/pokemon-species/169/"},{"name":"togetic","url":"http://pokeapi.co/api/v2/pokemon-species/176/"},{"name":"natu","url":"http://pokeapi.co/api/v2/pokemon-species/177/"},{"name":"xatu","url":"http://pokeapi.co/api/v2/pokemon-species/178/"},{"name":"murkrow","url":"http://pokeapi.co/api/v2/pokemon-species/198/"},{"name":"skarmory","url":"http://pokeapi.co/api/v2/pokemon-species/227/"},{"name":"taillow","url":"http://pokeapi.co/api/v2/pokemon-species/276/"},{"name":"swellow","url":"http://pokeapi.co/api/v2/pokemon-species/277/"},{"name":"wingull","url":"http://pokeapi.co/api/v2/pokemon-species/278/"},{"name":"pelipper","url":"http://pokeapi.co/api/v2/pokemon-species/279/"},{"name":"swablu","url":"http://pokeapi.co/api/v2/pokemon-species/333/"},{"name":"altaria","url":"http://pokeapi.co/api/v2/pokemon-species/334/"},{"name":"starly","url":"http://pokeapi.co/api/v2/pokemon-species/396/"},{"name":"staravia","url":"http://pokeapi.co/api/v2/pokemon-species/397/"},{"name":"staraptor","url":"http://pokeapi.co/api/v2/pokemon-species/398/"},{"name":"honchkrow","url":"http://pokeapi.co/api/v2/pokemon-species/430/"},{"name":"chatot","url":"http://pokeapi.co/api/v2/pokemon-species/441/"},{"name":"togekiss","url":"http://pokeapi.co/api/v2/pokemon-species/468/"},{"name":"pidove","url":"http://pokeapi.co/api/v2/pokemon-species/519/"},{"name":"tranquill","url":"http://pokeapi.co/api/v2/pokemon-species/520/"},{"name":"unfezant","url":"http://pokeapi.co/api/v2/pokemon-species/521/"},{"name":"woobat","url":"http://pokeapi.co/api/v2/pokemon-species/527/"},{"name":"swoobat","url":"http://pokeapi.co/api/v2/pokemon-species/528/"},{"name":"sigilyph","url":"http://pokeapi.co/api/v2/pokemon-species/561/"},{"name":"archen","url":"http://pokeapi.co/api/v2/pokemon-species/566/"},{"name":"archeops","url":"http://pokeapi.co/api/v2/pokemon-species/567/"},{"name":"ducklett","url":"http://pokeapi.co/api/v2/pokemon-species/580/"},{"name":"swanna","url":"http://pokeapi.co/api/v2/pokemon-species/581/"},{"name":"rufflet","url":"http://pokeapi.co/api/v2/pokemon-species/627/"},{"name":"braviary","url":"http://pokeapi.co/api/v2/pokemon-species/628/"},{"name":"vullaby","url":"http://pokeapi.co/api/v2/pokemon-species/629/"},{"name":"mandibuzz","url":"http://pokeapi.co/api/v2/pokemon-species/630/"},{"name":"fletchling","url":"http://pokeapi.co/api/v2/pokemon-species/661/"},{"name":"fletchinder","url":"http://pokeapi.co/api/v2/pokemon-species/662/"},{"name":"talonflame","url":"http://pokeapi.co/api/v2/pokemon-species/663/"},{"name":"noibat","url":"http://pokeapi.co/api/v2/pokemon-species/714/"},{"name":"noivern","url":"http://pokeapi.co/api/v2/pokemon-species/715/"}]}