{"id":15,"name":"no-eggs","names":[{"name":"タマゴみはっけん","language":{"name":"ja","url":"http://pokeapi.co/api/v2/language/1/"}},{"name":"Inconnu","language":{"name":"fr","url":"http://pokeapi.co/api/v2/language/5/"}},{"name":"Unbekannt","language":{"name":"de","url":"http://pokeapi.co/api/v2/language/6/"}},{"name":"Desconocido","language":{"name":"es","url":"http://pokeapi.co/api/v2/language/7/"}},{"name":"Non ancora scoperto","language":{"name":"it","url":"http://pokeapi.co/api/v2/language/8/"}},{"name":"Undiscovered","language":{"name":"en","url":"http://pokeapi.co/api/v2/language/9/"}}],"pokemon_species":[{"name":"nidorina","url":"http://pokeapi.co/api/v2/pokemon-species/30/"},{"name":"nidoqueen","url":"http://pokeapi.co/api/v2/pokemon-species/31/"},{"name":"articuno","url":"http://pokeapi.co/api/v2/pokemon-species/144/"},{"name":"zapdos","url":"http://pokeapi.co/api/v2/pokemon-species/145/"},{"name":"moltres","url":"http://pokeapi.co/api/v2/pokemon-species/146/"},{"name":"mewtwo","url":"http://pokeapi.co/api/v2/pokemon-species/150/"},{"name":"mew","url":"http://pokeapi.co/api/v2/pokemon-species/151/"},{"name":"pichu","url":"http://pokeapi.co/api/v2/pokemon-species/172/"},{"name":"cleffa","url":"http://pokeapi.co/api/v2/pokemon-species/173/"},{"name":"igglybuff","url":"http://pokeapi.co/api/v2/pokemon-species/174/"},{"name":"togepi","url":"http://pokeapi.co/api/v2/pokemon-species/175/"},{"name":"unown","url":"http://pokeapi.co/api/v2/pokemon-species/201/"},{"name":"tyrogue","url":"http://pokeapi.co/api/v2/pokemon-species/236/"},{"name":"smoochum","url":"http://pokeapi.co/api/v2/pokemon-species/238/"},{"name":"elekid","url":"http://pokeapi.co/api/v2/pokemon-species/239/"},{"name":"magby","url":"http://pokeapi.co/api/v2/pokemon-species/240/"},{"name":"raikou","url":"http://pokeapi.co/api/v2/pokemon-species/243/"},{"name":"entei","url":"http://pokeapi.co/api/v2/pokemon-species/244/"},{"name":"suicune","url":"http://pokeapi.co/api/v2/pokemon-species/245/"},{"name":"lugia","url":"http://pokeapi.co/api/v2/pokemon-species/249/"},{"name":"ho-oh","url":"http://pokeapi.co/api/v2/pokemon-species/250/"},{"name":"celebi","url":"http://pokeapi.co/api/v2/pokemon-species/251/"},{"name":"azurill","url":"http://pokeapi.co/api/v2/pokemon-species/298/"},{"name":"wynaut","url":"http://pokeapi.co/api/v2/pokemon-species/360/"},{"name":"regirock","url":"http://pokeapi.co/api/v2/pokemon-species/377/"},{"name":"regice","url":"http://pokeapi.co/api/v2/pokemon-species/378/"},{"name":"registeel","url":"http://pokeapi.co/api/v2/pokemon-species/379/"},{"name":"latias","url":"http://pokeapi.co/api/v2/pokemon-species/380/"},{"name":"latios","url":"http://pokeapi.co/api/v2/pokemon-species/381/"},{"name":"kyogre","url":"http://pokeapi.co/api/v2/pokemon-species/382/"},{"name":"groudon","url":"http://pokeapi.co/api/v2/pokemon-species/383/"},{"name":"rayquaza","url":"http://pokeapi.co/api/v2/pokemon-species/384/"},{"name":"jirachi","url":"http://pokeapi.co/api/v2/pokemon-species/385/"},{"name":"deoxys","url":"http://pokeapi.co/api/v2/pokemon-species/386/"},{"name":"budew","url":"http://pokeapi.co/api/v2/pokemon-species/406/"},{"name":"chingling","url":"http://pokeapi.co/api/v2/pokemon-species/433/"},{"name":"bonsly","url":"http://pokeapi.co/api/v2/pokemon-species/438/"},{"name":"mime-jr","url":"http://pokeapi.co/api/v2/pokemon-species/439/"},{"name":"happiny","url":"http://pokeapi.co/api/v2/pokemon-species/440/"},{"name":"munchlax","url":"http://pokeapi.co/api/v2/pokemon-species/446/"},{"name":"riolu","url":"http://pokeapi.co/api/v2/pokemon-species/447/"},{"name":"mantyke","url":"http://pokeapi.co/api/v2/pokemon-species/458/"},{"name":"uxie","url":"http://pokeapi.co/api/v2/pokemon-species/480/"},{"name":"mesprit","url":"http://pokeapi.co/api/v2/pokemon-species/481/"},{"name":"azelf","url":"http://pokeapi.co/api/v2/pokemon-species/482/"},{"name":"dialga","url":"http://pokeapi.co/api/v2/pokemon-species/483/"},{"name":"palkia","url":"http://pokeapi.co/api/v2/pokemon-species/484/"},{"name":"heatran","url":"http://pokeapi.co/api/v2/pokemon-species/485/"},{"name":"regigigas","url":"http://pokeapi.co/api/v2/pokemon-species/486/"},{"name":"giratina","url":"http://pokeapi.co/api/v2/pokemon-species/487/"},{"name":"cresselia","url":"http://pokeapi.co/api/v2/pokemon-species/488/"},{"name":"darkrai","url":"http://pokeapi.co/api/v2/pokemon-species/491/"},{"name":"shaymin","url":"http://pokeapi.co/api/v2/pokemon-species/492/"},{"name":"arceus","url":"http://pokeapi.co/api/v2/pokemon-species/493/"},{"name":"victini","url":"http://pokeapi.co/api/v2/pokemon-species/494/"},{"name":"cobalion","url":"http://pokeapi.co/api/v2/pokemon-species/638/"},{"name":"terrakion","url":"http://pokeapi.co/api/v2/pokemon-species/639/"},{"name":"virizion","url":"http://pokeapi.co/api/v2/pokemon-species/640/"},{"name":"tornadus","url":"http://pokeapi.co/api/v2/pokemon-species/641/"},{"name":"thundurus","url":"http://pokeapi.co/api/v2/pokemon-species/642/"},{"name":"reshiram","url":"http://pokeapi.co/api/v2/pokemon-species/643/"},{"name":"zekrom","url":"http://pokeapi.co/api/v2/pokemon-species/644/"},{"name":"landorus","url":"http://pokeapi.co/api/v2/pokemon-species/645/"},{"name":"kyurem","url":"http://pokeapi.co/api/v2/pokemon-species/646/"},{"name":"keldeo","url":"http://pokeapi.co/api/v2/pokemon-species/647/"},{"name":"meloetta","url":"http://pokeapi.co/api/v2/pokemon-species/648/"},{"name":"genesect","url":"http://pokeapi.co/api/v2/pokemon-species/649/"},{"name":"xerneas","url":"http://pokeapi.co/api/v2/pokemon-species/716/"},{"name":"yveltal","url":"http://pokeapi.co/api/v2/pokemon-species/717/"},{"name":"zygarde","url":"http://pokeapi.co/api/v2/pokemon-species/718/"},{"name":"diancie","url":"http://pokeapi.co/api/v2/pokemon-species/719/"},{"name":"hoopa","url":"http://pokeapi.co/api/v2/pokemon-species/720/"},{"name":"volcanion","url":"http://pokeapi.co/api/v2/pokemon-species/721/"}]}