{"id":13,"name":"ditto","names":[{"name":"メタモン","language":{"name":"ja","url":"http://pokeapi.co/api/v2/language/1/"}},{"name":"Métamorph","language":{"name":"fr","url":"http://pokeapi.co/api/v2/language/5/"}},{"name":"Ditto","language":{"name":"de","url":"http://pokeapi.co/api/v2/language/6/"}},{"name":"Ditto","language":{"name":"es","url":"http://pokeapi.co/api/v2/language/7/"}},{"name":"Ditto","language":{"name":"it","url":"http://pokeapi.co/api/v2/language/8/"}},{"name":"Ditto","language":{"name":"en","url":"http://pokeapi.co/api/v2/language/9/"}}],"pokemon_species":[{"name":"ditto","url":"http://pokeapi.co/api/v2/pokemon-species/132/"}]}