{"id":5,"name":"ground","names":[{"name":"りくじょう","language":{"name":"ja","url":"http://pokeapi.co/api/v2/language/1/"}},{"name":"Terrestre","language":{"name":"fr","url":"http://pokeapi.co/api/v2/language/5/"}},{"name":"Feld","language":{"name":"de","url":"http://pokeapi.co/api/v2/language/6/"}},{"name":"Campo","language":{"name":"es","url":"http://pokeapi.co/api/v2/language/7/"}},{"name":"Campo","language":{"name":"it","url":"http://pokeapi.co/api/v2/language/8/"}},{"name":"Field","language":{"name":"en","url":"http://pokeapi.co/api/v2/language/9/"}}],"pokemon_species":[{"name":"rattata","url":"http://pokeapi.co/api/v2/pokemon-species/19/"},{"name":"raticate","url":"http://pokeapi.co/api/v2/pokemon-species/20/"},{"name":"ekans","url":"http://pokeapi.co/api/v2/pokemon-species/23/"},{"name":"arbok","url":"http://pokeapi.co/api/v2/pokemon-species/24/"},{"name":"pikachu","url":"http://pokeapi.co/api/v2/pokemon-species/25/"},{"name":"raichu","url":"http://pokeapi.co/api/v2/pokemon-species/26/"},{"name":"sandshrew","url":"http://pokeapi.co/api/v2/pokemon-species/27/"},{"name":"sandslash","url":"http://pokeapi.co/api/v2/pokemon-species/28/"},{"name":"nidoran-f","url":"http://pokeapi.co/api/v2/pokemon-species/29/"},{"name":"nidoran-m","url":"http://pokeapi.co/api/v2/pokemon-species/32/"},{"name":"nidorino","url":"http://pokeapi.co/api/v2/pokemon-species/33/"},{"name":"nidoking","url":"http://pokeapi.co/api/v2/pokemon-species/34/"},{"name":"vulpix","url":"http://pokeapi.co/api/v2/pokemon-species/37/"},{"name":"ninetales","url":"http://pokeapi.co/api/v2/pokemon-species/38/"},{"name":"diglett","url":"http://pokeapi.co/api/v2/pokemon-species/50/"},{"name":"dugtrio","url":"http://pokeapi.co/api/v2/pokemon-species/51/"},{"name":"meowth","url":"http://pokeapi.co/api/v2/pokemon-species/52/"},{"name":"persian","url":"http://pokeapi.co/api/v2/pokemon-species/53/"},{"name":"psyduck","url":"http://pokeapi.co/api/v2/pokemon-species/54/"},{"name":"golduck","url":"http://pokeapi.co/api/v2/pokemon-species/55/"},{"name":"mankey","url":"http://pokeapi.co/api/v2/pokemon-species/56/"},{"name":"primeape","url":"http://pokeapi.co/api/v2/pokemon-species/57/"},{"name":"growlithe","url":"http://pokeapi.co/api/v2/pokemon-species/58/"},{"name":"arcanine","url":"http://pokeapi.co/api/v2/pokemon-species/59/"},{"name":"ponyta","url":"http://pokeapi.co/api/v2/pokemon-species/77/"},{"name":"rapidash","url":"http://pokeapi.co/api/v2/pokemon-species/78/"},{"name":"farfetchd","url":"http://pokeapi.co/api/v2/pokemon-species/83/"},{"name":"seel","url":"http://pokeapi.co/api/v2/pokemon-species/86/"},{"name":"dewgong","url":"http://pokeapi.co/api/v2/pokemon-species/87/"},{"name":"rhyhorn","url":"http://pokeapi.co/api/v2/pokemon-species/111/"},{"name":"rhydon","url":"http://pokeapi.co/api/v2/pokemon-species/112/"},{"name":"tauros","url":"http://pokeapi.co/api/v2/pokemon-species/128/"},{"name":"eevee","url":"http://pokeapi.co/api/v2/pokemon-species/133/"},{"name":"vaporeon","url":"http://pokeapi.co/api/v2/pokemon-species/134/"},{"name":"jolteon","url":"http://pokeapi.co/api/v2/pokemon-species/135/"},{"name":"flareon","url":"http://pokeapi.co/api/v2/pokemon-species/136/"},{"name":"cyndaquil","url":"http://pokeapi.co/api/v2/pokemon-species/155/"},{"name":"quilava","url":"http://pokeapi.co/api/v2/pokemon-species/156/"},{"name":"typhlosion","url":"http://pokeapi.co/api/v2/pokemon-species/157/"},{"name":"sentret","url":"http://pokeapi.co/api/v2/pokemon-species/161/"},{"name":"furret","url":"http://pokeapi.co/api/v2/pokemon-species/162/"},{"name":"mareep","url":"http://pokeapi.co/api/v2/pokemon-species/179/"},{"name":"flaaffy","url":"http://pokeapi.co/api/v2/pokemon-species/180/"},{"name":"ampharos","url":"http://pokeapi.co/api/v2/pokemon-species/181/"},{"name":"aipom","url":"http://pokeapi.co/api/v2/pokemon-species/190/"},{"name":"wooper","url":"http://pokeapi.co/api/v2/pokemon-species/194/"},{"name":"quagsire","url":"http://pokeapi.co/api/v2/pokemon-species/195/"},{"name":"espeon","url":"http://pokeapi.co/api/v2/pokemon-species/196/"},{"name":"umbreon","url":"http://pokeapi.co/api/v2/pokemon-species/197/"},{"name":"girafarig","url":"http://pokeapi.co/api/v2/pokemon-species/203/"},{"name":"dunsparce","url":"http://pokeapi.co/api/v2/pokemon-species/206/"},{"name":"snubbull","url":"http://pokeapi.co/api/v2/pokemon-species/209/"},{"name":"granbull","url":"http://pokeapi.co/api/v2/pokemon-species/210/"},{"name":"sneasel","url":"http://pokeapi.co/api/v2/pokemon-species/215/"},{"name":"teddiursa","url":"http://pokeapi.co/api/v2/pokemon-species/216/"},{"name":"ursaring","url":"http://pokeapi.co/api/v2/pokemon-species/217/"},{"name":"swinub","url":"http://pokeapi.co/api/v2/pokemon-species/220/"},{"name":"piloswine","url":"http://pokeapi.co/api/v2/pokemon-species/221/"},{"name":"delibird","url":"http://pokeapi.co/api/v2/pokemon-species/225/"},{"name":"houndour","url":"http://pokeapi.co/api/v2/pokemon-species/228/"},{"name":"houndoom","url":"http://pokeapi.co/api/v2/pokemon-species/229/"},{"name":"phanpy","url":"http://pokeapi.co/api/v2/pokemon-species/231/"},{"name":"donphan","url":"http://pokeapi.co/api/v2/pokemon-species/232/"},{"name":"stantler","url":"http://pokeapi.co/api/v2/pokemon-species/234/"},{"name":"smeargle","url":"http://pokeapi.co/api/v2/pokemon-species/235/"},{"name":"miltank","url":"http://pokeapi.co/api/v2/pokemon-species/241/"},{"name":"torchic","url":"http://pokeapi.co/api/v2/pokemon-species/255/"},{"name":"combusken","url":"http://pokeapi.co/api/v2/pokemon-species/256/"},{"name":"blaziken","url":"http://pokeapi.co/api/v2/pokemon-species/257/"},{"name":"poochyena","url":"http://pokeapi.co/api/v2/pokemon-species/261/"},{"name":"mightyena","url":"http://pokeapi.co/api/v2/pokemon-species/262/"},{"name":"zigzagoon","url":"http://pokeapi.co/api/v2/pokemon-species/263/"},{"name":"linoone","url":"http://pokeapi.co/api/v2/pokemon-species/264/"},{"name":"seedot","url":"http://pokeapi.co/api/v2/pokemon-species/273/"},{"name":"nuzleaf","url":"http://pokeapi.co/api/v2/pokemon-species/274/"},{"name":"shiftry","url":"http://pokeapi.co/api/v2/pokemon-species/275/"},{"name":"slakoth","url":"http://pokeapi.co/api/v2/pokemon-species/287/"},{"name":"vigoroth","url":"http://pokeapi.co/api/v2/pokemon-species/288/"},{"name":"slaking","url":"http://pokeapi.co/api/v2/pokemon-species/289/"},{"name":"whismur","url":"http://pokeapi.co/api/v2/pokemon-species/293/"},{"name":"loudred","url":"http://pokeapi.co/api/v2/pokemon-species/294/"},{"name":"exploud","url":"http://pokeapi.co/api/v2/pokemon-species/295/"},{"name":"skitty","url":"http://pokeapi.co/api/v2/pokemon-species/300/"},{"name":"delcatty","url":"http://pokeapi.co/api/v2/pokemon-species/301/"},{"name":"mawile","url":"http://pokeapi.co/api/v2/pokemon-species/303/"},{"name":"electrike","url":"http://pokeapi.co/api/v2/pokemon-species/309/"},{"name":"manectric","url":"http://pokeapi.co/api/v2/pokemon-species/310/"},{"name":"wailmer","url":"http://pokeapi.co/api/v2/pokemon-species/320/"},{"name":"wailord","url":"http://pokeapi.co/api/v2/pokemon-species/321/"},{"name":"numel","url":"http://pokeapi.co/api/v2/pokemon-species/322/"},{"name":"camerupt","url":"http://pokeapi.co/api/v2/pokemon-species/323/"},{"name":"torkoal","url":"http://pokeapi.co/api/v2/pokemon-species/324/"},{"name":"spoink","url":"http://pokeapi.co/api/v2/pokemon-species/325/"},{"name":"grumpig","url":"http://pokeapi.co/api/v2/pokemon-species/326/"},{"name":"spinda","url":"http://pokeapi.co/api/v2/pokemon-species/327/"},{"name":"zangoose","url":"http://pokeapi.co/api/v2/pokemon-species/335/"},{"name":"seviper","url":"http://pokeapi.co/api/v2/pokemon-species/336/"},{"name":"kecleon","url":"http://pokeapi.co/api/v2/pokemon-species/352/"},{"name":"absol","url":"http://pokeapi.co/api/v2/pokemon-species/359/"},{"name":"spheal","url":"http://pokeapi.co/api/v2/pokemon-species/363/"},{"name":"sealeo","url":"http://pokeapi.co/api/v2/pokemon-species/364/"},{"name":"walrein","url":"http://pokeapi.co/api/v2/pokemon-species/365/"},{"name":"chimchar","url":"http://pokeapi.co/api/v2/pokemon-species/390/"},{"name":"monferno","url":"http://pokeapi.co/api/v2/pokemon-species/391/"},{"name":"infernape","url":"http://pokeapi.co/api/v2/pokemon-species/392/"},{"name":"piplup","url":"http://pokeapi.co/api/v2/pokemon-species/393/"},{"name":"prinplup","url":"http://pokeapi.co/api/v2/pokemon-species/394/"},{"name":"empoleon","url":"http://pokeapi.co/api/v2/pokemon-species/395/"},{"name":"bidoof","url":"http://pokeapi.co/api/v2/pokemon-species/399/"},{"name":"bibarel","url":"http://pokeapi.co/api/v2/pokemon-species/400/"},{"name":"shinx","url":"http://pokeapi.co/api/v2/pokemon-species/403/"},{"name":"luxio","url":"http://pokeapi.co/api/v2/pokemon-species/404/"},{"name":"luxray","url":"http://pokeapi.co/api/v2/pokemon-species/405/"},{"name":"pachirisu","url":"http://pokeapi.co/api/v2/pokemon-species/417/"},{"name":"buizel","url":"http://pokeapi.co/api/v2/pokemon-species/418/"},{"name":"floatzel","url":"http://pokeapi.co/api/v2/pokemon-species/419/"},{"name":"ambipom","url":"http://pokeapi.co/api/v2/pokemon-species/424/"},{"name":"buneary","url":"http://pokeapi.co/api/v2/pokemon-species/427/"},{"name":"lopunny","url":"http://pokeapi.co/api/v2/pokemon-species/428/"},{"name":"glameow","url":"http://pokeapi.co/api/v2/pokemon-species/431/"},{"name":"purugly","url":"http://pokeapi.co/api/v2/pokemon-species/432/"},{"name":"stunky","url":"http://pokeapi.co/api/v2/pokemon-species/434/"},{"name":"skuntank","url":"http://pokeapi.co/api/v2/pokemon-species/435/"},{"name":"lucario","url":"http://pokeapi.co/api/v2/pokemon-species/448/"},{"name":"hippopotas","url":"http://pokeapi.co/api/v2/pokemon-species/449/"},{"name":"hippowdon","url":"http://pokeapi.co/api/v2/pokemon-species/450/"},{"name":"weavile","url":"http://pokeapi.co/api/v2/pokemon-species/461/"},{"name":"rhyperior","url":"http://pokeapi.co/api/v2/pokemon-species/464/"},{"name":"leafeon","url":"http://pokeapi.co/api/v2/pokemon-species/470/"},{"name":"glaceon","url":"http://pokeapi.co/api/v2/pokemon-species/471/"},{"name":"mamoswine","url":"http://pokeapi.co/api/v2/pokemon-species/473/"},{"name":"snivy","url":"http://pokeapi.co/api/v2/pokemon-species/495/"},{"name":"servine","url":"http://pokeapi.co/api/v2/pokemon-species/496/"},{"name":"serperior","url":"http://pokeapi.co/api/v2/pokemon-species/497/"},{"name":"tepig","url":"http://pokeapi.co/api/v2/pokemon-species/498/"},{"name":"pignite","url":"http://pokeapi.co/api/v2/pokemon-species/499/"},{"name":"emboar","url":"http://pokeapi.co/api/v2/pokemon-species/500/"},{"name":"oshawott","url":"http://pokeapi.co/api/v2/pokemon-species/501/"},{"name":"dewott","url":"http://pokeapi.co/api/v2/pokemon-species/502/"},{"name":"samurott","url":"http://pokeapi.co/api/v2/pokemon-species/503/"},{"name":"patrat","url":"http://pokeapi.co/api/v2/pokemon-species/504/"},{"name":"watchog","url":"http://pokeapi.co/api/v2/pokemon-species/505/"},{"name":"lillipup","url":"http://pokeapi.co/api/v2/pokemon-species/506/"},{"name":"herdier","url":"http://pokeapi.co/api/v2/pokemon-species/507/"},{"name":"stoutland","url":"http://pokeapi.co/api/v2/pokemon-species/508/"},{"name":"purrloin","url":"http://pokeapi.co/api/v2/pokemon-species/509/"},{"name":"liepard","url":"http://pokeapi.co/api/v2/pokemon-species/510/"},{"name":"pansage","url":"http://pokeapi.co/api/v2/pokemon-species/511/"},{"name":"simisage","url":"http://pokeapi.co/api/v2/pokemon-species/512/"},{"name":"pansear","url":"http://pokeapi.co/api/v2/pokemon-species/513/"},{"name":"simisear","url":"http://pokeapi.co/api/v2/pokemon-species/514/"},{"name":"panpour","url":"http://pokeapi.co/api/v2/pokemon-species/515/"},{"name":"simipour","url":"http://pokeapi.co/api/v2/pokemon-species/516/"},{"name":"munna","url":"http://pokeapi.co/api/v2/pokemon-species/517/"},{"name":"musharna","url":"http://pokeapi.co/api/v2/pokemon-species/518/"},{"name":"blitzle","url":"http://pokeapi.co/api/v2/pokemon-species/522/"},{"name":"zebstrika","url":"http://pokeapi.co/api/v2/pokemon-species/523/"},{"name":"woobat","url":"http://pokeapi.co/api/v2/pokemon-species/527/"},{"name":"swoobat","url":"http://pokeapi.co/api/v2/pokemon-species/528/"},{"name":"drilbur","url":"http://pokeapi.co/api/v2/pokemon-species/529/"},{"name":"excadrill","url":"http://pokeapi.co/api/v2/pokemon-species/530/"},{"name":"sandile","url":"http://pokeapi.co/api/v2/pokemon-species/551/"},{"name":"krokorok","url":"http://pokeapi.co/api/v2/pokemon-species/552/"},{"name":"krookodile","url":"http://pokeapi.co/api/v2/pokemon-species/553/"},{"name":"darumaka","url":"http://pokeapi.co/api/v2/pokemon-species/554/"},{"name":"darmanitan","url":"http://pokeapi.co/api/v2/pokemon-species/555/"},{"name":"scraggy","url":"http://pokeapi.co/api/v2/pokemon-species/559/"},{"name":"scrafty","url":"http://pokeapi.co/api/v2/pokemon-species/560/"},{"name":"zorua","url":"http://pokeapi.co/api/v2/pokemon-species/570/"},{"name":"zoroark","url":"http://pokeapi.co/api/v2/pokemon-species/571/"},{"name":"minccino","url":"http://pokeapi.co/api/v2/pokemon-species/572/"},{"name":"cinccino","url":"http://pokeapi.co/api/v2/pokemon-species/573/"},{"name":"deerling","url":"http://pokeapi.co/api/v2/pokemon-species/585/"},{"name":"sawsbuck","url":"http://pokeapi.co/api/v2/pokemon-species/586/"},{"name":"emolga","url":"http://pokeapi.co/api/v2/pokemon-species/587/"},{"name":"cubchoo","url":"http://pokeapi.co/api/v2/pokemon-species/613/"},{"name":"beartic","url":"http://pokeapi.co/api/v2/pokemon-species/614/"},{"name":"mienfoo","url":"http://pokeapi.co/api/v2/pokemon-species/619/"},{"name":"mienshao","url":"http://pokeapi.co/api/v2/pokemon-species/620/"},{"name":"bouffalant","url":"http://pokeapi.co/api/v2/pokemon-species/626/"},{"name":"heatmor","url":"http://pokeapi.co/api/v2/pokemon-species/631/"},{"name":"chespin","url":"http://pokeapi.co/api/v2/pokemon-species/650/"},{"name":"quilladin","url":"http://pokeapi.co/api/v2/pokemon-species/651/"},{"name":"chesnaught","url":"http://pokeapi.co/api/v2/pokemon-species/652/"},{"name":"fennekin","url":"http://pokeapi.co/api/v2/pokemon-species/653/"},{"name":"braixen","url":"http://pokeapi.co/api/v2/pokemon-species/654/"},{"name":"delphox","url":"http://pokeapi.co/api/v2/pokemon-species/655/"},{"name":"bunnelby","url":"http://pokeapi.co/api/v2/pokemon-species/659/"},{"name":"diggersby","url":"http://pokeapi.co/api/v2/pokemon-species/660/"},{"name":"litleo","url":"http://pokeapi.co/api/v2/pokemon-species/667/"},{"name":"pyroar","url":"http://pokeapi.co/api/v2/pokemon-species/668/"},{"name":"skiddo","url":"http://pokeapi.co/api/v2/pokemon-species/672/"},{"name":"gogoat","url":"http://pokeapi.co/api/v2/pokemon-species/673/"},{"name":"pancham","url":"http://pokeapi.co/api/v2/pokemon-species/674/"},{"name":"pangoro","url":"http://pokeapi.co/api/v2/pokemon-species/675/"},{"name":"furfrou","url":"http://pokeapi.co/api/v2/pokemon-species/676/"},{"name":"espurr","url":"http://pokeapi.co/api/v2/pokemon-species/677/"},{"name":"meowstic","url":"http://pokeapi.co/api/v2/pokemon-species/678/"},{"name":"sylveon","url":"http://pokeapi.co/api/v2/pokemon-species/700/"},{"name":"dedenne","url":"http://pokeapi.co/api/v2/pokemon-species/702/"}]}