{"id":7,"name":"plant","names":[{"name":"しょくぶつ","language":{"name":"ja","url":"http://pokeapi.co/api/v2/language/1/"}},{"name":"Végétal","language":{"name":"fr","url":"http://pokeapi.co/api/v2/language/5/"}},{"name":"Pflanze","language":{"name":"de","url":"http://pokeapi.co/api/v2/language/6/"}},{"name":"Planta","language":{"name":"es","url":"http://pokeapi.co/api/v2/language/7/"}},{"name":"Erba","language":{"name":"it","url":"http://pokeapi.co/api/v2/language/8/"}},{"name":"Grass","language":{"name":"en","url":"http://pokeapi.co/api/v2/language/9/"}}],"pokemon_species":[{"name":"bulbasaur","url":"http://pokeapi.co/api/v2/pokemon-species/1/"},{"name":"ivysaur","url":"http://pokeapi.co/api/v2/pokemon-species/2/"},{"name":"venusaur","url":"http://pokeapi.co/api/v2/pokemon-species/3/"},{"name":"oddish","url":"http://pokeapi.co/api/v2/pokemon-species/43/"},{"name":"gloom","url":"http://pokeapi.co/api/v2/pokemon-species/44/"},{"name":"vileplume","url":"http://pokeapi.co/api/v2/pokemon-species/45/"},{"name":"paras","url":"http://pokeapi.co/api/v2/pokemon-species/46/"},{"name":"parasect","url":"http://pokeapi.co/api/v2/pokemon-species/47/"},{"name":"bellsprout","url":"http://pokeapi.co/api/v2/pokemon-species/69/"},{"name":"weepinbell","url":"http://pokeapi.co/api/v2/pokemon-species/70/"},{"name":"victreebel","url":"http://pokeapi.co/api/v2/pokemon-species/71/"},{"name":"exeggcute","url":"http://pokeapi.co/api/v2/pokemon-species/102/"},{"name":"exeggutor","url":"http://pokeapi.co/api/v2/pokemon-species/103/"},{"name":"tangela","url":"http://pokeapi.co/api/v2/pokemon-species/114/"},{"name":"chikorita","url":"http://pokeapi.co/api/v2/pokemon-species/152/"},{"name":"bayleef","url":"http://pokeapi.co/api/v2/pokemon-species/153/"},{"name":"meganium","url":"http://pokeapi.co/api/v2/pokemon-species/154/"},{"name":"bellossom","url":"http://pokeapi.co/api/v2/pokemon-species/182/"},{"name":"hoppip","url":"http://pokeapi.co/api/v2/pokemon-species/187/"},{"name":"skiploom","url":"http://pokeapi.co/api/v2/pokemon-species/188/"},{"name":"jumpluff","url":"http://pokeapi.co/api/v2/pokemon-species/189/"},{"name":"sunkern","url":"http://pokeapi.co/api/v2/pokemon-species/191/"},{"name":"sunflora","url":"http://pokeapi.co/api/v2/pokemon-species/192/"},{"name":"lotad","url":"http://pokeapi.co/api/v2/pokemon-species/270/"},{"name":"lombre","url":"http://pokeapi.co/api/v2/pokemon-species/271/"},{"name":"ludicolo","url":"http://pokeapi.co/api/v2/pokemon-species/272/"},{"name":"seedot","url":"http://pokeapi.co/api/v2/pokemon-species/273/"},{"name":"nuzleaf","url":"http://pokeapi.co/api/v2/pokemon-species/274/"},{"name":"shiftry","url":"http://pokeapi.co/api/v2/pokemon-species/275/"},{"name":"shroomish","url":"http://pokeapi.co/api/v2/pokemon-species/285/"},{"name":"breloom","url":"http://pokeapi.co/api/v2/pokemon-species/286/"},{"name":"roselia","url":"http://pokeapi.co/api/v2/pokemon-species/315/"},{"name":"cacnea","url":"http://pokeapi.co/api/v2/pokemon-species/331/"},{"name":"cacturne","url":"http://pokeapi.co/api/v2/pokemon-species/332/"},{"name":"tropius","url":"http://pokeapi.co/api/v2/pokemon-species/357/"},{"name":"turtwig","url":"http://pokeapi.co/api/v2/pokemon-species/387/"},{"name":"grotle","url":"http://pokeapi.co/api/v2/pokemon-species/388/"},{"name":"torterra","url":"http://pokeapi.co/api/v2/pokemon-species/389/"},{"name":"roserade","url":"http://pokeapi.co/api/v2/pokemon-species/407/"},{"name":"cherubi","url":"http://pokeapi.co/api/v2/pokemon-species/420/"},{"name":"cherrim","url":"http://pokeapi.co/api/v2/pokemon-species/421/"},{"name":"carnivine","url":"http://pokeapi.co/api/v2/pokemon-species/455/"},{"name":"snover","url":"http://pokeapi.co/api/v2/pokemon-species/459/"},{"name":"abomasnow","url":"http://pokeapi.co/api/v2/pokemon-species/460/"},{"name":"tangrowth","url":"http://pokeapi.co/api/v2/pokemon-species/465/"},{"name":"snivy","url":"http://pokeapi.co/api/v2/pokemon-species/495/"},{"name":"servine","url":"http://pokeapi.co/api/v2/pokemon-species/496/"},{"name":"serperior","url":"http://pokeapi.co/api/v2/pokemon-species/497/"},{"name":"cottonee","url":"http://pokeapi.co/api/v2/pokemon-species/546/"},{"name":"whimsicott","url":"http://pokeapi.co/api/v2/pokemon-species/547/"},{"name":"petilil","url":"http://pokeapi.co/api/v2/pokemon-species/548/"},{"name":"lilligant","url":"http://pokeapi.co/api/v2/pokemon-species/549/"},{"name":"maractus","url":"http://pokeapi.co/api/v2/pokemon-species/556/"},{"name":"foongus","url":"http://pokeapi.co/api/v2/pokemon-species/590/"},{"name":"amoonguss","url":"http://pokeapi.co/api/v2/pokemon-species/591/"},{"name":"ferroseed","url":"http://pokeapi.co/api/v2/pokemon-species/597/"},{"name":"ferrothorn","url":"http://pokeapi.co/api/v2/pokemon-species/598/"},{"name":"phantump","url":"http://pokeapi.co/api/v2/pokemon-species/708/"},{"name":"trevenant","url":"http://pokeapi.co/api/v2/pokemon-species/709/"}]}