{"id":1,"name":"monster","names":[{"name":"かいじゅう","language":{"name":"ja","url":"http://pokeapi.co/api/v2/language/1/"}},{"name":"Monstrueux","language":{"name":"fr","url":"http://pokeapi.co/api/v2/language/5/"}},{"name":"Monster","language":{"name":"de","url":"http://pokeapi.co/api/v2/language/6/"}},{"name":"Monstruo","language":{"name":"es","url":"http://pokeapi.co/api/v2/language/7/"}},{"name":"Mostro","language":{"name":"it","url":"http://pokeapi.co/api/v2/language/8/"}},{"name":"Monster","language":{"name":"en","url":"http://pokeapi.co/api/v2/language/9/"}}],"pokemon_species":[{"name":"bulbasaur","url":"http://pokeapi.co/api/v2/pokemon-species/1/"},{"name":"ivysaur","url":"http://pokeapi.co/api/v2/pokemon-species/2/"},{"name":"venusaur","url":"http://pokeapi.co/api/v2/pokemon-species/3/"},{"name":"charmander","url":"http://pokeapi.co/api/v2/pokemon-species/4/"},{"name":"charmeleon","url":"http://pokeapi.co/api/v2/pokemon-species/5/"},{"name":"charizard","url":"http://pokeapi.co/api/v2/pokemon-species/6/"},{"name":"squirtle","url":"http://pokeapi.co/api/v2/pokemon-species/7/"},{"name":"wartortle","url":"http://pokeapi.co/api/v2/pokemon-species/8/"},{"name":"blastoise","url":"http://pokeapi.co/api/v2/pokemon-species/9/"},{"name":"nidoran-f","url":"http://pokeapi.co/api/v2/pokemon-species/29/"},{"name":"nidoran-m","url":"http://pokeapi.co/api/v2/pokemon-species/32/"},{"name":"nidorino","url":"http://pokeapi.co/api/v2/pokemon-species/33/"},{"name":"nidoking","url":"http://pokeapi.co/api/v2/pokemon-species/34/"},{"name":"slowpoke","url":"http://pokeapi.co/api/v2/pokemon-species/79/"},{"name":"slowbro","url":"http://pokeapi.co/api/v2/pokemon-species/80/"},{"name":"cubone","url":"http://pokeapi.co/api/v2/pokemon-species/104/"},{"name":"marowak","url":"http://pokeapi.co/api/v2/pokemon-species/105/"},{"name":"lickitung","url":"http://pokeapi.co/api/v2/pokemon-species/108/"},{"name":"rhyhorn","url":"http://pokeapi.co/api/v2/pokemon-species/111/"},{"name":"rhydon","url":"http://pokeapi.co/api/v2/pokemon-species/112/"},{"name":"kangaskhan","url":"http://pokeapi.co/api/v2/pokemon-species/115/"},{"name":"lapras","url":"http://pokeapi.co/api/v2/pokemon-species/131/"},{"name":"snorlax","url":"http://pokeapi.co/api/v2/pokemon-species/143/"},{"name":"chikorita","url":"http://pokeapi.co/api/v2/pokemon-species/152/"},{"name":"bayleef","url":"http://pokeapi.co/api/v2/pokemon-species/153/"},{"name":"meganium","url":"http://pokeapi.co/api/v2/pokemon-species/154/"},{"name":"totodile","url":"http://pokeapi.co/api/v2/pokemon-species/158/"},{"name":"croconaw","url":"http://pokeapi.co/api/v2/pokemon-species/159/"},{"name":"feraligatr","url":"http://pokeapi.co/api/v2/pokemon-species/160/"},{"name":"mareep","url":"http://pokeapi.co/api/v2/pokemon-species/179/"},{"name":"flaaffy","url":"http://pokeapi.co/api/v2/pokemon-species/180/"},{"name":"ampharos","url":"http://pokeapi.co/api/v2/pokemon-species/181/"},{"name":"slowking","url":"http://pokeapi.co/api/v2/pokemon-species/199/"},{"name":"larvitar","url":"http://pokeapi.co/api/v2/pokemon-species/246/"},{"name":"pupitar","url":"http://pokeapi.co/api/v2/pokemon-species/247/"},{"name":"tyranitar","url":"http://pokeapi.co/api/v2/pokemon-species/248/"},{"name":"treecko","url":"http://pokeapi.co/api/v2/pokemon-species/252/"},{"name":"grovyle","url":"http://pokeapi.co/api/v2/pokemon-species/253/"},{"name":"sceptile","url":"http://pokeapi.co/api/v2/pokemon-species/254/"},{"name":"mudkip","url":"http://pokeapi.co/api/v2/pokemon-species/258/"},{"name":"marshtomp","url":"http://pokeapi.co/api/v2/pokemon-species/259/"},{"name":"swampert","url":"http://pokeapi.co/api/v2/pokemon-species/260/"},{"name":"whismur","url":"http://pokeapi.co/api/v2/pokemon-species/293/"},{"name":"loudred","url":"http://pokeapi.co/api/v2/pokemon-species/294/"},{"name":"exploud","url":"http://pokeapi.co/api/v2/pokemon-species/295/"},{"name":"aron","url":"http://pokeapi.co/api/v2/pokemon-species/304/"},{"name":"lairon","url":"http://pokeapi.co/api/v2/pokemon-species/305/"},{"name":"aggron","url":"http://pokeapi.co/api/v2/pokemon-species/306/"},{"name":"tropius","url":"http://pokeapi.co/api/v2/pokemon-species/357/"},{"name":"turtwig","url":"http://pokeapi.co/api/v2/pokemon-species/387/"},{"name":"grotle","url":"http://pokeapi.co/api/v2/pokemon-species/388/"},{"name":"torterra","url":"http://pokeapi.co/api/v2/pokemon-species/389/"},{"name":"cranidos","url":"http://pokeapi.co/api/v2/pokemon-species/408/"},{"name":"rampardos","url":"http://pokeapi.co/api/v2/pokemon-species/409/"},{"name":"shieldon","url":"http://pokeapi.co/api/v2/pokemon-species/410/"},{"name":"bastiodon","url":"http://pokeapi.co/api/v2/pokemon-species/411/"},{"name":"gible","url":"http://pokeapi.co/api/v2/pokemon-species/443/"},{"name":"gabite","url":"http://pokeapi.co/api/v2/pokemon-species/444/"},{"name":"garchomp","url":"http://pokeapi.co/api/v2/pokemon-species/445/"},{"name":"snover","url":"http://pokeapi.co/api/v2/pokemon-species/459/"},{"name":"abomasnow","url":"http://pokeapi.co/api/v2/pokemon-species/460/"},{"name":"lickilicky","url":"http://pokeapi.co/api/v2/pokemon-species/463/"},{"name":"rhyperior","url":"http://pokeapi.co/api/v2/pokemon-species/464/"},{"name":"axew","url":"http://pokeapi.co/api/v2/pokemon-species/610/"},{"name":"fraxure","url":"http://pokeapi.co/api/v2/pokemon-species/611/"},{"name":"haxorus","url":"http://pokeapi.co/api/v2/pokemon-species/612/"},{"name":"druddigon","url":"http://pokeapi.co/api/v2/pokemon-species/621/"},{"name":"helioptile","url":"http://pokeapi.co/api/v2/pokemon-species/694/"},{"name":"heliolisk","url":"http://pokeapi.co/api/v2/pokemon-species/695/"},{"name":"tyrunt","url":"http://pokeapi.co/api/v2/pokemon-species/696/"},{"name":"tyrantrum","url":"http://pokeapi.co/api/v2/pokemon-species/697/"},{"name":"amaura","url":"http://pokeapi.co/api/v2/pokemon-species/698/"},{"name":"aurorus","url":"http://pokeapi.co/api/v2/pokemon-species/699/"},{"name":"bergmite","url":"http://pokeapi.co/api/v2/pokemon-species/712/"},{"name":"avalugg","url":"http://pokeapi.co/api/v2/pokemon-species/713/"}]}