{"id":132,"name":"friend-guard","is_main_series":true,"generation":{"name":"generation-v","url":"http://pokeapi.co/api/v2/generation/5/"},"names":[{"name":"Friend Guard","language":{"name":"en","url":"http://pokeapi.co/api/v2/language/9/"}},{"name":"Amicoscudo","language":{"name":"it","url":"http://pokeapi.co/api/v2/language/8/"}},{"name":"Compiescolta","language":{"name":"es","url":"http://pokeapi.co/api/v2/language/7/"}},{"name":"Freundeshut","language":{"name":"de","url":"http://pokeapi.co/api/v2/language/6/"}},{"name":"Garde Amie","language":{"name":"fr","url":"http://pokeapi.co/api/v2/language/5/"}},{"name":"프렌드가드","language":{"name":"ko","url":"http://pokeapi.co/api/v2/language/3/"}},{"name":"フレンドガード","language":{"name":"ja","url":"http://pokeapi.co/api/v2/language/1/"}}],"effect_entries":[{"effect":"All friendly Pokémon take 0.75× as much direct damage from moves while this Pokémon is in battle.\n\nThis effect stacks if multiple allied Pokémon have it.","short_effect":"Decreases all direct damage taken by friendly Pokémon to 0.75×.","language":{"name":"en","url":"http://pokeapi.co/api/v2/language/9/"}}],"effect_changes":[],"flavor_text_entries":[{"flavor_text":"味方の　ダメージを\n減らすことができる。","language":{"name":"ja-kanji","url":"http://pokeapi.co/api/v2/language/11/"},"version_group":{"name":"omega-ruby-alpha-sapphire","url":"http://pokeapi.co/api/v2/version-group/16/"}},{"flavor_text":"Reduces damage done to allies.","language":{"name":"en","url":"http://pokeapi.co/api/v2/language/9/"},"version_group":{"name":"omega-ruby-alpha-sapphire","url":"http://pokeapi.co/api/v2/version-group/16/"}},{"flavor_text":"Riduce il danno subito dagli\nalleati.","language":{"name":"it","url":"http://pokeapi.co/api/v2/language/8/"},"version_group":{"name":"omega-ruby-alpha-sapphire","url":"http://pokeapi.co/api/v2/version-group/16/"}},{"flavor_text":"Reduce el daño que sufren los\naliados.","language":{"name":"es","url":"http://pokeapi.co/api/v2/language/7/"},"version_group":{"name":"omega-ruby-alpha-sapphire","url":"http://pokeapi.co/api/v2/version-group/16/"}},{"flavor_text":"Verringert den Schaden\nan Mitstreitern.","language":{"name":"de","url":"http://pokeapi.co/api/v2/language/6/"},"version_group":{"name":"omega-ruby-alpha-sapphire","url":"http://pokeapi.co/api/v2/version-group/16/"}},{"flavor_text":"Diminue les dégâts subis par les\nalliés.","language":{"name":"fr","url":"http://pokeapi.co/api/v2/language/5/"},"version_group":{"name":"omega-ruby-alpha-sapphire","url":"http://pokeapi.co/api/v2/version-group/16/"}},{"flavor_text":"같은 편의 데미지를\n줄일 수 있다.","language":{"name":"ko","url":"http://pokeapi.co/api/v2/language/3/"},"version_group":{"name":"omega-ruby-alpha-sapphire","url":"http://pokeapi.co/api/v2/version-group/16/"}},{"flavor_text":" かたの　ダメージを\nへらすことができる。","language":{"name":"ja","url":"http://pokeapi.co/api/v2/language/1/"},"version_group":{"name":"omega-ruby-alpha-sapphire","url":"http://pokeapi.co/api/v2/version-group/16/"}},{"flavor_text":"味方の　ダメージを\n減らすことができる。","language":{"name":"ja-kanji","url":"http://pokeapi.co/api/v2/language/11/"},"version_group":{"name":"x-y","url":"http://pokeapi.co/api/v2/version-group/15/"}},{"flavor_text":"Reduces damage done\nto allies.","language":{"name":"en","url":"http://pokeapi.co/api/v2/language/9/"},"version_group":{"name":"x-y","url":"http://pokeapi.co/api/v2/version-group/15/"}},{"flavor_text":"Riduce il danno subito dagli\nalleati.","language":{"name":"it","url":"http://pokeapi.co/api/v2/language/8/"},"version_group":{"name":"x-y","url":"http://pokeapi.co/api/v2/version-group/15/"}},{"flavor_text":"Reduce el daño que sufren los\naliados.","language":{"name":"es","url":"http://pokeapi.co/api/v2/language/7/"},"version_group":{"name":"x-y","url":"http://pokeapi.co/api/v2/version-group/15/"}},{"flavor_text":"Verringert den Schaden\nan Mitstreitern.","language":{"name":"de","url":"http://pokeapi.co/api/v2/language/6/"},"version_group":{"name":"x-y","url":"http://pokeapi.co/api/v2/version-group/15/"}},{"flavor_text":"Diminue les dégâts subis par les\nalliés.","language":{"name":"fr","url":"http://pokeapi.co/api/v2/language/5/"},"version_group":{"name":"x-y","url":"http://pokeapi.co/api/v2/version-group/15/"}},{"flavor_text":"같은 편의 데미지를\n줄일 수 있다.","language":{"name":"ko","url":"http://pokeapi.co/api/v2/language/3/"},"version_group":{"name":"x-y","url":"http://pokeapi.co/api/v2/version-group/15/"}},{"flavor_text":"みかたの　ダメージを\nへらすことができる。","language":{"name":"ja","url":"http://pokeapi.co/api/v2/language/1/"},"version_group":{"name":"x-y","url":"http://pokeapi.co/api/v2/version-group/15/"}},{"flavor_text":"Reduces damage done\nto allies.","language":{"name":"en","url":"http://pokeapi.co/api/v2/language/9/"},"version_group":{"name":"black-2-white-2","url":"http://pokeapi.co/api/v2/version-group/14/"}},{"flavor_text":"Reduces damage done\nto allies.","language":{"name":"en","url":"http://pokeapi.co/api/v2/language/9/"},"version_group":{"name":"black-white","url":"http://pokeapi.co/api/v2/version-group/11/"}},{"flavor_text":"Diminue les dégâts subis\npar les alliés.","language":{"name":"fr","url":"http://pokeapi.co/api/v2/language/5/"},"version_group":{"name":"black-white","url":"http://pokeapi.co/api/v2/version-group/11/"}}],"pokemon":[{"is_hidden":true,"slot":3,"pokemon":{"name":"clefairy","url":"http://pokeapi.co/api/v2/pokemon/35/"}},{"is_hidden":true,"slot":3,"pokemon":{"name":"jigglypuff","url":"http://pokeapi.co/api/v2/pokemon/39/"}},{"is_hidden":true,"slot":3,"pokemon":{"name":"cleffa","url":"http://pokeapi.co/api/v2/pokemon/173/"}},{"is_hidden":true,"slot":3,"pokemon":{"name":"igglybuff","url":"http://pokeapi.co/api/v2/pokemon/174/"}},{"is_hidden":true,"slot":3,"pokemon":{"name":"happiny","url":"http://pokeapi.co/api/v2/pokemon/440/"}},{"is_hidden":true,"slot":3,"pokemon":{"name":"scatterbug","url":"http://pokeapi.co/api/v2/pokemon/664/"}},{"is_hidden":true,"slot":3,"pokemon":{"name":"spewpa","url":"http://pokeapi.co/api/v2/pokemon/665/"}},{"is_hidden":true,"slot":3,"pokemon":{"name":"vivillon","url":"http://pokeapi.co/api/v2/pokemon/666/"}}]}