{"id":82,"name":"gluttony","is_main_series":true,"generation":{"name":"generation-iv","url":"http://pokeapi.co/api/v2/generation/4/"},"names":[{"name":"Gluttony","language":{"name":"en","url":"http://pokeapi.co/api/v2/language/9/"}},{"name":"Voracità","language":{"name":"it","url":"http://pokeapi.co/api/v2/language/8/"}},{"name":"Gula","language":{"name":"es","url":"http://pokeapi.co/api/v2/language/7/"}},{"name":"Völlerei","language":{"name":"de","url":"http://pokeapi.co/api/v2/language/6/"}},{"name":"Gloutonnerie","language":{"name":"fr","url":"http://pokeapi.co/api/v2/language/5/"}},{"name":"먹보","language":{"name":"ko","url":"http://pokeapi.co/api/v2/language/3/"}},{"name":"くいしんぼう","language":{"name":"ja","url":"http://pokeapi.co/api/v2/language/1/"}}],"effect_entries":[{"effect":"This Pokémon eats any held Berry triggered by low HP when it falls below 50% of its HP, regardless of the Berry's usual threshold.","short_effect":"Makes the Pokémon eat any held Berry triggered by low HP below 1/2 its max HP.","language":{"name":"en","url":"http://pokeapi.co/api/v2/language/9/"}}],"effect_changes":[],"flavor_text_entries":[{"flavor_text":"きの を　いつもより\n早く　使う。","language":{"name":"ja-kanji","url":"http://pokeapi.co/api/v2/language/11/"},"version_group":{"name":"omega-ruby-alpha-sapphire","url":"http://pokeapi.co/api/v2/version-group/16/"}},{"flavor_text":"Makes the Pokémon use a held\nBerry earlier than usual.","language":{"name":"en","url":"http://pokeapi.co/api/v2/language/9/"},"version_group":{"name":"omega-ruby-alpha-sapphire","url":"http://pokeapi.co/api/v2/version-group/16/"}},{"flavor_text":"Favorisce l’uso anticipato di\nuna bacca tenuta dal Pokémon.","language":{"name":"it","url":"http://pokeapi.co/api/v2/language/8/"},"version_group":{"name":"omega-ruby-alpha-sapphire","url":"http://pokeapi.co/api/v2/version-group/16/"}},{"flavor_text":"Fomenta el uso rápido de la baya\nque porte.","language":{"name":"es","url":"http://pokeapi.co/api/v2/language/7/"},"version_group":{"name":"omega-ruby-alpha-sapphire","url":"http://pokeapi.co/api/v2/version-group/16/"}},{"flavor_text":"Ermutigt zum frühzeitigen Einsatz\nvon Beeren.","language":{"name":"de","url":"http://pokeapi.co/api/v2/language/6/"},"version_group":{"name":"omega-ruby-alpha-sapphire","url":"http://pokeapi.co/api/v2/version-group/16/"}},{"flavor_text":"Permet d’utiliser plus rapidement\nune Baie tenue.","language":{"name":"fr","url":"http://pokeapi.co/api/v2/language/5/"},"version_group":{"name":"omega-ruby-alpha-sapphire","url":"http://pokeapi.co/api/v2/version-group/16/"}},{"flavor_text":"나무열매를 여느 때보다\n빨리 사용한다.","language":{"name":"ko","url":"http://pokeapi.co/api/v2/language/3/"},"version_group":{"name":"omega-ruby-alpha-sapphire","url":"http://pokeapi.co/api/v2/version-group/16/"}},{"flavor_text":"きの を　いつもより\nはやく　つかう。","language":{"name":"ja","url":"http://pokeapi.co/api/v2/language/1/"},"version_group":{"name":"omega-ruby-alpha-sapphire","url":"http://pokeapi.co/api/v2/version-group/16/"}},{"flavor_text":"きのみを　いつもより\n早く　使う。","language":{"name":"ja-kanji","url":"http://pokeapi.co/api/v2/language/11/"},"version_group":{"name":"x-y","url":"http://pokeapi.co/api/v2/version-group/15/"}},{"flavor_text":"Makes the Pokémon use a held\nBerry earlier than usual.","language":{"name":"en","url":"http://pokeapi.co/api/v2/language/9/"},"version_group":{"name":"x-y","url":"http://pokeapi.co/api/v2/version-group/15/"}},{"flavor_text":"Favorisce l’uso anticipato di\nuna bacca tenuta dal Pokémon.","language":{"name":"it","url":"http://pokeapi.co/api/v2/language/8/"},"version_group":{"name":"x-y","url":"http://pokeapi.co/api/v2/version-group/15/"}},{"flavor_text":"Fomenta el uso rápido de la baya\nque porte.","language":{"name":"es","url":"http://pokeapi.co/api/v2/language/7/"},"version_group":{"name":"x-y","url":"http://pokeapi.co/api/v2/version-group/15/"}},{"flavor_text":"Ermutigt zum frühzeitigen Einsatz\nvon Beeren.","language":{"name":"de","url":"http://pokeapi.co/api/v2/language/6/"},"version_group":{"name":"x-y","url":"http://pokeapi.co/api/v2/version-group/15/"}},{"flavor_text":"Permet d’utiliser plus rapidement\nune Baie tenue.","language":{"name":"fr","url":"http://pokeapi.co/api/v2/language/5/"},"version_group":{"name":"x-y","url":"http://pokeapi.co/api/v2/version-group/15/"}},{"flavor_text":"나무열매를 여느 때보다\n빨리 사용한다.","language":{"name":"ko","url":"http://pokeapi.co/api/v2/language/3/"},"version_group":{"name":"x-y","url":"http://pokeapi.co/api/v2/version-group/15/"}},{"flavor_text":"きのみを　いつもより\nはやく　つかう。","language":{"name":"ja","url":"http://pokeapi.co/api/v2/language/1/"},"version_group":{"name":"x-y","url":"http://pokeapi.co/api/v2/version-group/15/"}},{"flavor_text":"Encourages the early use\nof a held Berry.","language":{"name":"en","url":"http://pokeapi.co/api/v2/language/9/"},"version_group":{"name":"black-2-white-2","url":"http://pokeapi.co/api/v2/version-group/14/"}},{"flavor_text":"Encourages the early use\nof a held Berry.","language":{"name":"en","url":"http://pokeapi.co/api/v2/language/9/"},"version_group":{"name":"black-white","url":"http://pokeapi.co/api/v2/version-group/11/"}},{"flavor_text":"Encourage l’utilisation\nd’une Baie tenue.","language":{"name":"fr","url":"http://pokeapi.co/api/v2/language/5/"},"version_group":{"name":"black-white","url":"http://pokeapi.co/api/v2/version-group/11/"}},{"flavor_text":"Encourages the early use\nof a held Berry.","language":{"name":"en","url":"http://pokeapi.co/api/v2/language/9/"},"version_group":{"name":"heartgold-soulsilver","url":"http://pokeapi.co/api/v2/version-group/10/"}},{"flavor_text":"Encourages the early use\nof a held Berry.","language":{"name":"en","url":"http://pokeapi.co/api/v2/language/9/"},"version_group":{"name":"platinum","url":"http://pokeapi.co/api/v2/version-group/9/"}},{"flavor_text":"Encourages the early use\nof a held Berry.","language":{"name":"en","url":"http://pokeapi.co/api/v2/language/9/"},"version_group":{"name":"diamond-pearl","url":"http://pokeapi.co/api/v2/version-group/8/"}}],"pokemon":[{"is_hidden":true,"slot":3,"pokemon":{"name":"bellsprout","url":"http://pokeapi.co/api/v2/pokemon/69/"}},{"is_hidden":true,"slot":3,"pokemon":{"name":"weepinbell","url":"http://pokeapi.co/api/v2/pokemon/70/"}},{"is_hidden":true,"slot":3,"pokemon":{"name":"victreebel","url":"http://pokeapi.co/api/v2/pokemon/71/"}},{"is_hidden":true,"slot":3,"pokemon":{"name":"snorlax","url":"http://pokeapi.co/api/v2/pokemon/143/"}},{"is_hidden":false,"slot":2,"pokemon":{"name":"shuckle","url":"http://pokeapi.co/api/v2/pokemon/213/"}},{"is_hidden":false,"slot":2,"pokemon":{"name":"zigzagoon","url":"http://pokeapi.co/api/v2/pokemon/263/"}},{"is_hidden":false,"slot":2,"pokemon":{"name":"linoone","url":"http://pokeapi.co/api/v2/pokemon/264/"}},{"is_hidden":true,"slot":3,"pokemon":{"name":"gulpin","url":"http://pokeapi.co/api/v2/pokemon/316/"}},{"is_hidden":true,"slot":3,"pokemon":{"name":"swalot","url":"http://pokeapi.co/api/v2/pokemon/317/"}},{"is_hidden":true,"slot":3,"pokemon":{"name":"spoink","url":"http://pokeapi.co/api/v2/pokemon/325/"}},{"is_hidden":true,"slot":3,"pokemon":{"name":"grumpig","url":"http://pokeapi.co/api/v2/pokemon/326/"}},{"is_hidden":true,"slot":3,"pokemon":{"name":"munchlax","url":"http://pokeapi.co/api/v2/pokemon/446/"}},{"is_hidden":false,"slot":1,"pokemon":{"name":"pansage","url":"http://pokeapi.co/api/v2/pokemon/511/"}},{"is_hidden":false,"slot":1,"pokemon":{"name":"simisage","url":"http://pokeapi.co/api/v2/pokemon/512/"}},{"is_hidden":false,"slot":1,"pokemon":{"name":"pansear","url":"http://pokeapi.co/api/v2/pokemon/513/"}},{"is_hidden":false,"slot":1,"pokemon":{"name":"simisear","url":"http://pokeapi.co/api/v2/pokemon/514/"}},{"is_hidden":false,"slot":1,"pokemon":{"name":"panpour","url":"http://pokeapi.co/api/v2/pokemon/515/"}},{"is_hidden":false,"slot":1,"pokemon":{"name":"simipour","url":"http://pokeapi.co/api/v2/pokemon/516/"}},{"is_hidden":false,"slot":1,"pokemon":{"name":"heatmor","url":"http://pokeapi.co/api/v2/pokemon/631/"}}]}