{"id":94,"name":"solar-power","is_main_series":true,"generation":{"name":"generation-iv","url":"http://pokeapi.co/api/v2/generation/4/"},"names":[{"name":"Solar Power","language":{"name":"en","url":"http://pokeapi.co/api/v2/language/9/"}},{"name":"Solarpotere","language":{"name":"it","url":"http://pokeapi.co/api/v2/language/8/"}},{"name":"Poder Solar","language":{"name":"es","url":"http://pokeapi.co/api/v2/language/7/"}},{"name":"Solarkraft","language":{"name":"de","url":"http://pokeapi.co/api/v2/language/6/"}},{"name":"Force Soleil","language":{"name":"fr","url":"http://pokeapi.co/api/v2/language/5/"}},{"name":"선파워","language":{"name":"ko","url":"http://pokeapi.co/api/v2/language/3/"}},{"name":"サンパワー","language":{"name":"ja","url":"http://pokeapi.co/api/v2/language/1/"}}],"effect_entries":[{"effect":"During strong sunlight, this Pokémon has 1.5× its Special Attack but takes 1/8 of its maximum HP in damage after each turn.","short_effect":"Increases Special Attack to 1.5× but costs 1/8 max HP after each turn during strong sunlight.","language":{"name":"en","url":"http://pokeapi.co/api/v2/language/9/"}}],"effect_changes":[],"flavor_text_entries":[{"flavor_text":"晴れると　ＨＰが　減るが\n特攻が　あがる。","language":{"name":"ja-kanji","url":"http://pokeapi.co/api/v2/language/11/"},"version_group":{"name":"omega-ruby-alpha-sapphire","url":"http://pokeapi.co/api/v2/version-group/16/"}},{"flavor_text":"Boosts the Sp. Atk stat in sunny\nweather, but HP decreases.","language":{"name":"en","url":"http://pokeapi.co/api/v2/language/9/"},"version_group":{"name":"omega-ruby-alpha-sapphire","url":"http://pokeapi.co/api/v2/version-group/16/"}},{"flavor_text":"Se c’è il sole aumenta l’Attacco\nSpeciale, ma riduce i PS.","language":{"name":"it","url":"http://pokeapi.co/api/v2/language/8/"},"version_group":{"name":"omega-ruby-alpha-sapphire","url":"http://pokeapi.co/api/v2/version-group/16/"}},{"flavor_text":"Si hace sol, baja los PS, pero\npotencia el At. Esp.","language":{"name":"es","url":"http://pokeapi.co/api/v2/language/7/"},"version_group":{"name":"omega-ruby-alpha-sapphire","url":"http://pokeapi.co/api/v2/version-group/16/"}},{"flavor_text":"Führt bei Sonne zu KP-Verlusten,\nerhöht aber den Spezial-Angriff.","language":{"name":"de","url":"http://pokeapi.co/api/v2/language/6/"},"version_group":{"name":"omega-ruby-alpha-sapphire","url":"http://pokeapi.co/api/v2/version-group/16/"}},{"flavor_text":"Augmente l’Attaque Spéciale\nmais baisse les PV au soleil.","language":{"name":"fr","url":"http://pokeapi.co/api/v2/language/5/"},"version_group":{"name":"omega-ruby-alpha-sapphire","url":"http://pokeapi.co/api/v2/version-group/16/"}},{"flavor_text":"맑으면 HP가 줄지만\n특수공격이 올라간다.","language":{"name":"ko","url":"http://pokeapi.co/api/v2/language/3/"},"version_group":{"name":"omega-ruby-alpha-sapphire","url":"http://pokeapi.co/api/v2/version-group/16/"}},{"flavor_text":"はれると　ＨＰが　へるが\nとくこうが　あがる。","language":{"name":"ja","url":"http://pokeapi.co/api/v2/language/1/"},"version_group":{"name":"omega-ruby-alpha-sapphire","url":"http://pokeapi.co/api/v2/version-group/16/"}},{"flavor_text":"晴れると　ＨＰが　減るが\n特攻が　あがる。","language":{"name":"ja-kanji","url":"http://pokeapi.co/api/v2/language/11/"},"version_group":{"name":"x-y","url":"http://pokeapi.co/api/v2/version-group/15/"}},{"flavor_text":"Boosts the Sp. Atk stat in sunny\nweather, but HP decreases.","language":{"name":"en","url":"http://pokeapi.co/api/v2/language/9/"},"version_group":{"name":"x-y","url":"http://pokeapi.co/api/v2/version-group/15/"}},{"flavor_text":"Se c’è il sole aumenta l’Attacco\nSpeciale, ma riduce i PS.","language":{"name":"it","url":"http://pokeapi.co/api/v2/language/8/"},"version_group":{"name":"x-y","url":"http://pokeapi.co/api/v2/version-group/15/"}},{"flavor_text":"Si hace sol, baja los PS, pero\npotencia el At. Esp.","language":{"name":"es","url":"http://pokeapi.co/api/v2/language/7/"},"version_group":{"name":"x-y","url":"http://pokeapi.co/api/v2/version-group/15/"}},{"flavor_text":"Führt bei Sonne zu KP-Verlusten,\nerhöht aber den Spezial-Angriff.","language":{"name":"de","url":"http://pokeapi.co/api/v2/language/6/"},"version_group":{"name":"x-y","url":"http://pokeapi.co/api/v2/version-group/15/"}},{"flavor_text":"Augmente l’Attaque Spéciale\nmais baisse les PV au soleil.","language":{"name":"fr","url":"http://pokeapi.co/api/v2/language/5/"},"version_group":{"name":"x-y","url":"http://pokeapi.co/api/v2/version-group/15/"}},{"flavor_text":"맑으면 HP가 줄지만\n특수공격이 올라간다.","language":{"name":"ko","url":"http://pokeapi.co/api/v2/language/3/"},"version_group":{"name":"x-y","url":"http://pokeapi.co/api/v2/version-group/15/"}},{"flavor_text":"はれると　ＨＰが　へるが\nとくこうが　あがる。","language":{"name":"ja","url":"http://pokeapi.co/api/v2/language/1/"},"version_group":{"name":"x-y","url":"http://pokeapi.co/api/v2/version-group/15/"}},{"flavor_text":"In sunshine, Sp. Atk is\nboosted but HP decreases.","language":{"name":"en","url":"http://pokeapi.co/api/v2/language/9/"},"version_group":{"name":"black-2-white-2","url":"http://pokeapi.co/api/v2/version-group/14/"}},{"flavor_text":"In sunshine, Sp. Atk is\nboosted but HP decreases.","language":{"name":"en","url":"http://pokeapi.co/api/v2/language/9/"},"version_group":{"name":"black-white","url":"http://pokeapi.co/api/v2/version-group/11/"}},{"flavor_text":"Augmente l’Atq. Spé. mais\nbaisse les PV au soleil.","language":{"name":"fr","url":"http://pokeapi.co/api/v2/language/5/"},"version_group":{"name":"black-white","url":"http://pokeapi.co/api/v2/version-group/11/"}},{"flavor_text":"Boosts Sp. Atk, but\nlowers HP in sunshine.","language":{"name":"en","url":"http://pokeapi.co/api/v2/language/9/"},"version_group":{"name":"heartgold-soulsilver","url":"http://pokeapi.co/api/v2/version-group/10/"}},{"flavor_text":"Boosts Sp. Atk, but\nlowers HP in sunshine.","language":{"name":"en","url":"http://pokeapi.co/api/v2/language/9/"},"version_group":{"name":"platinum","url":"http://pokeapi.co/api/v2/version-group/9/"}},{"flavor_text":"Boosts Sp. Atk, but\nlowers HP in sunshine.","language":{"name":"en","url":"http://pokeapi.co/api/v2/language/9/"},"version_group":{"name":"diamond-pearl","url":"http://pokeapi.co/api/v2/version-group/8/"}}],"pokemon":[{"is_hidden":true,"slot":3,"pokemon":{"name":"charmander","url":"http://pokeapi.co/api/v2/pokemon/4/"}},{"is_hidden":true,"slot":3,"pokemon":{"name":"charmeleon","url":"http://pokeapi.co/api/v2/pokemon/5/"}},{"is_hidden":true,"slot":3,"pokemon":{"name":"charizard","url":"http://pokeapi.co/api/v2/pokemon/6/"}},{"is_hidden":false,"slot":2,"pokemon":{"name":"sunkern","url":"http://pokeapi.co/api/v2/pokemon/191/"}},{"is_hidden":false,"slot":2,"pokemon":{"name":"sunflora","url":"http://pokeapi.co/api/v2/pokemon/192/"}},{"is_hidden":false,"slot":2,"pokemon":{"name":"tropius","url":"http://pokeapi.co/api/v2/pokemon/357/"}},{"is_hidden":true,"slot":3,"pokemon":{"name":"helioptile","url":"http://pokeapi.co/api/v2/pokemon/694/"}},{"is_hidden":true,"slot":3,"pokemon":{"name":"heliolisk","url":"http://pokeapi.co/api/v2/pokemon/695/"}},{"is_hidden":false,"slot":1,"pokemon":{"name":"houndoom-mega","url":"http://pokeapi.co/api/v2/pokemon/10048/"}}]}