{"id":171,"name":"bulletproof","is_main_series":true,"generation":{"name":"generation-vi","url":"http://pokeapi.co/api/v2/generation/6/"},"names":[{"name":"Bulletproof","language":{"name":"en","url":"http://pokeapi.co/api/v2/language/9/"}},{"name":"Antiproiettile","language":{"name":"it","url":"http://pokeapi.co/api/v2/language/8/"}},{"name":"Antibalas","language":{"name":"es","url":"http://pokeapi.co/api/v2/language/7/"}},{"name":"Kugelsicher","language":{"name":"de","url":"http://pokeapi.co/api/v2/language/6/"}},{"name":"Pare-Balles","language":{"name":"fr","url":"http://pokeapi.co/api/v2/language/5/"}},{"name":"방탄","language":{"name":"ko","url":"http://pokeapi.co/api/v2/language/3/"}},{"name":"ぼうだん","language":{"name":"ja","url":"http://pokeapi.co/api/v2/language/1/"}}],"effect_entries":[{"effect":"Protects against bullet, ball, and bomb-based moves.","short_effect":"Protects against bullet, ball, and bomb-based moves.","language":{"name":"en","url":"http://pokeapi.co/api/v2/language/9/"}}],"effect_changes":[],"flavor_text_entries":[{"flavor_text":"たまや　ばくだんに\n当たらない。","language":{"name":"ja-kanji","url":"http://pokeapi.co/api/v2/language/11/"},"version_group":{"name":"omega-ruby-alpha-sapphire","url":"http://pokeapi.co/api/v2/version-group/16/"}},{"flavor_text":"Protects the Pokémon from\nsome ball and bomb moves.","language":{"name":"en","url":"http://pokeapi.co/api/v2/language/9/"},"version_group":{"name":"omega-ruby-alpha-sapphire","url":"http://pokeapi.co/api/v2/version-group/16/"}},{"flavor_text":"Protegge da alcune mosse\na base di proiettili e bombe.","language":{"name":"it","url":"http://pokeapi.co/api/v2/language/8/"},"version_group":{"name":"omega-ruby-alpha-sapphire","url":"http://pokeapi.co/api/v2/version-group/16/"}},{"flavor_text":"No le afectan las bombas ni\nalgunos proyectiles.","language":{"name":"es","url":"http://pokeapi.co/api/v2/language/7/"},"version_group":{"name":"omega-ruby-alpha-sapphire","url":"http://pokeapi.co/api/v2/version-group/16/"}},{"flavor_text":"Schützt das Pokémon vor\ngeworfenen Bomben und Kugeln.","language":{"name":"de","url":"http://pokeapi.co/api/v2/language/6/"},"version_group":{"name":"omega-ruby-alpha-sapphire","url":"http://pokeapi.co/api/v2/version-group/16/"}},{"flavor_text":"Protège de certaines capacités\nprojetant des bombes, balles…","language":{"name":"fr","url":"http://pokeapi.co/api/v2/language/5/"},"version_group":{"name":"omega-ruby-alpha-sapphire","url":"http://pokeapi.co/api/v2/version-group/16/"}},{"flavor_text":"구슬이나 폭탄에\n맞지 않는다.","language":{"name":"ko","url":"http://pokeapi.co/api/v2/language/3/"},"version_group":{"name":"omega-ruby-alpha-sapphire","url":"http://pokeapi.co/api/v2/version-group/16/"}},{"flavor_text":"たまや　ばくだんに\nあたらない。","language":{"name":"ja","url":"http://pokeapi.co/api/v2/language/1/"},"version_group":{"name":"omega-ruby-alpha-sapphire","url":"http://pokeapi.co/api/v2/version-group/16/"}},{"flavor_text":"たまや　ばくだんに\n当たらない。","language":{"name":"ja-kanji","url":"http://pokeapi.co/api/v2/language/11/"},"version_group":{"name":"x-y","url":"http://pokeapi.co/api/v2/version-group/15/"}},{"flavor_text":"Protects the Pokémon from\nsome ball and bomb moves.","language":{"name":"en","url":"http://pokeapi.co/api/v2/language/9/"},"version_group":{"name":"x-y","url":"http://pokeapi.co/api/v2/version-group/15/"}},{"flavor_text":"Protegge da alcune mosse\na base di proiettili e bombe.","language":{"name":"it","url":"http://pokeapi.co/api/v2/language/8/"},"version_group":{"name":"x-y","url":"http://pokeapi.co/api/v2/version-group/15/"}},{"flavor_text":"No le afectan las bombas ni\nalgunos proyectiles.","language":{"name":"es","url":"http://pokeapi.co/api/v2/language/7/"},"version_group":{"name":"x-y","url":"http://pokeapi.co/api/v2/version-group/15/"}},{"flavor_text":"Schützt das Pokémon vor\ngeworfenen Bomben und Kugeln.","language":{"name":"de","url":"http://pokeapi.co/api/v2/language/6/"},"version_group":{"name":"x-y","url":"http://pokeapi.co/api/v2/version-group/15/"}},{"flavor_text":"Protège de certaines capacités\nprojetant des bombes, balles…","language":{"name":"fr","url":"http://pokeapi.co/api/v2/language/5/"},"version_group":{"name":"x-y","url":"http://pokeapi.co/api/v2/version-group/15/"}},{"flavor_text":"구슬이나 폭탄에\n맞지 않는다.","language":{"name":"ko","url":"http://pokeapi.co/api/v2/language/3/"},"version_group":{"name":"x-y","url":"http://pokeapi.co/api/v2/version-group/15/"}},{"flavor_text":"たまや　ばくだんに\nあたらない。","language":{"name":"ja","url":"http://pokeapi.co/api/v2/language/1/"},"version_group":{"name":"x-y","url":"http://pokeapi.co/api/v2/version-group/15/"}}],"pokemon":[{"is_hidden":true,"slot":3,"pokemon":{"name":"chespin","url":"http://pokeapi.co/api/v2/pokemon/650/"}},{"is_hidden":true,"slot":3,"pokemon":{"name":"quilladin","url":"http://pokeapi.co/api/v2/pokemon/651/"}},{"is_hidden":true,"slot":3,"pokemon":{"name":"chesnaught","url":"http://pokeapi.co/api/v2/pokemon/652/"}}]}