{"id":140,"name":"telepathy","is_main_series":true,"generation":{"name":"generation-v","url":"http://pokeapi.co/api/v2/generation/5/"},"names":[{"name":"Telepathy","language":{"name":"en","url":"http://pokeapi.co/api/v2/language/9/"}},{"name":"Telepatia","language":{"name":"it","url":"http://pokeapi.co/api/v2/language/8/"}},{"name":"Telepatía","language":{"name":"es","url":"http://pokeapi.co/api/v2/language/7/"}},{"name":"Telepathie","language":{"name":"de","url":"http://pokeapi.co/api/v2/language/6/"}},{"name":"Télépathe","language":{"name":"fr","url":"http://pokeapi.co/api/v2/language/5/"}},{"name":"텔레파시","language":{"name":"ko","url":"http://pokeapi.co/api/v2/language/3/"}},{"name":"テレパシー","language":{"name":"ja","url":"http://pokeapi.co/api/v2/language/1/"}}],"effect_entries":[{"effect":"This Pokémon does not take damage from friendly Pokémon's moves, including single-target moves aimed at it.","short_effect":"Protects against friendly Pokémon's damaging moves.","language":{"name":"en","url":"http://pokeapi.co/api/v2/language/9/"}}],"effect_changes":[],"flavor_text_entries":[{"flavor_text":"味方の　攻撃を\n読 取って　受けない。","language":{"name":"ja-kanji","url":"http://pokeapi.co/api/v2/language/11/"},"version_group":{"name":"omega-ruby-alpha-sapphire","url":"http://pokeapi.co/api/v2/version-group/16/"}},{"flavor_text":"Anticipates an ally’s\nattack and dodges it.","language":{"name":"en","url":"http://pokeapi.co/api/v2/language/9/"},"version_group":{"name":"omega-ruby-alpha-sapphire","url":"http://pokeapi.co/api/v2/version-group/16/"}},{"flavor_text":"Prevede ed evita gli attacchi\ndegli alleati.","language":{"name":"it","url":"http://pokeapi.co/api/v2/language/8/"},"version_group":{"name":"omega-ruby-alpha-sapphire","url":"http://pokeapi.co/api/v2/version-group/16/"}},{"flavor_text":"Elude los ataques de aliados en\nbatalla.","language":{"name":"es","url":"http://pokeapi.co/api/v2/language/7/"},"version_group":{"name":"omega-ruby-alpha-sapphire","url":"http://pokeapi.co/api/v2/version-group/16/"}},{"flavor_text":"Erkennt und pariert Attacken\nvon Mitstreitern.","language":{"name":"de","url":"http://pokeapi.co/api/v2/language/6/"},"version_group":{"name":"omega-ruby-alpha-sapphire","url":"http://pokeapi.co/api/v2/version-group/16/"}},{"flavor_text":"Anticipe et évite les attaques de\nses alliés.","language":{"name":"fr","url":"http://pokeapi.co/api/v2/language/5/"},"version_group":{"name":"omega-ruby-alpha-sapphire","url":"http://pokeapi.co/api/v2/version-group/16/"}},{"flavor_text":"같은 편의 공격의 낌새를\n읽고 기술을 받지 않는다.","language":{"name":"ko","url":"http://pokeapi.co/api/v2/language/3/"},"version_group":{"name":"omega-ruby-alpha-sapphire","url":"http://pokeapi.co/api/v2/version-group/16/"}},{"flavor_text":" かたの　こうげきを\nよ とって　うけない。","language":{"name":"ja","url":"http://pokeapi.co/api/v2/language/1/"},"version_group":{"name":"omega-ruby-alpha-sapphire","url":"http://pokeapi.co/api/v2/version-group/16/"}},{"flavor_text":"味方の　攻撃を\n読み取って　受けない。","language":{"name":"ja-kanji","url":"http://pokeapi.co/api/v2/language/11/"},"version_group":{"name":"x-y","url":"http://pokeapi.co/api/v2/version-group/15/"}},{"flavor_text":"Anticipates an ally’s\nattack and dodges it.","language":{"name":"en","url":"http://pokeapi.co/api/v2/language/9/"},"version_group":{"name":"x-y","url":"http://pokeapi.co/api/v2/version-group/15/"}},{"flavor_text":"Prevede ed evita gli attacchi\ndegli alleati.","language":{"name":"it","url":"http://pokeapi.co/api/v2/language/8/"},"version_group":{"name":"x-y","url":"http://pokeapi.co/api/v2/version-group/15/"}},{"flavor_text":"Elude los ataques de aliados en\nbatalla.","language":{"name":"es","url":"http://pokeapi.co/api/v2/language/7/"},"version_group":{"name":"x-y","url":"http://pokeapi.co/api/v2/version-group/15/"}},{"flavor_text":"Erkennt und pariert Attacken\nvon Mitstreitern.","language":{"name":"de","url":"http://pokeapi.co/api/v2/language/6/"},"version_group":{"name":"x-y","url":"http://pokeapi.co/api/v2/version-group/15/"}},{"flavor_text":"Anticipe et évite les attaques de\nses alliés.","language":{"name":"fr","url":"http://pokeapi.co/api/v2/language/5/"},"version_group":{"name":"x-y","url":"http://pokeapi.co/api/v2/version-group/15/"}},{"flavor_text":"같은 편의 공격의 낌새를\n읽고 기술을 받지 않는다.","language":{"name":"ko","url":"http://pokeapi.co/api/v2/language/3/"},"version_group":{"name":"x-y","url":"http://pokeapi.co/api/v2/version-group/15/"}},{"flavor_text":"みかたの　こうげきを\nよみとって　うけない。","language":{"name":"ja","url":"http://pokeapi.co/api/v2/language/1/"},"version_group":{"name":"x-y","url":"http://pokeapi.co/api/v2/version-group/15/"}},{"flavor_text":"Anticipates an ally’s\nattack and dodges it.","language":{"name":"en","url":"http://pokeapi.co/api/v2/language/9/"},"version_group":{"name":"black-2-white-2","url":"http://pokeapi.co/api/v2/version-group/14/"}},{"flavor_text":"Anticipates an ally’s\nattack and dodges it.","language":{"name":"en","url":"http://pokeapi.co/api/v2/language/9/"},"version_group":{"name":"black-white","url":"http://pokeapi.co/api/v2/version-group/11/"}},{"flavor_text":"Anticipe et évite les\nattaques de ses alliés.","language":{"name":"fr","url":"http://pokeapi.co/api/v2/language/5/"},"version_group":{"name":"black-white","url":"http://pokeapi.co/api/v2/version-group/11/"}}],"pokemon":[{"is_hidden":true,"slot":3,"pokemon":{"name":"wobbuffet","url":"http://pokeapi.co/api/v2/pokemon/202/"}},{"is_hidden":true,"slot":3,"pokemon":{"name":"ralts","url":"http://pokeapi.co/api/v2/pokemon/280/"}},{"is_hidden":true,"slot":3,"pokemon":{"name":"kirlia","url":"http://pokeapi.co/api/v2/pokemon/281/"}},{"is_hidden":true,"slot":3,"pokemon":{"name":"gardevoir","url":"http://pokeapi.co/api/v2/pokemon/282/"}},{"is_hidden":true,"slot":3,"pokemon":{"name":"meditite","url":"http://pokeapi.co/api/v2/pokemon/307/"}},{"is_hidden":true,"slot":3,"pokemon":{"name":"medicham","url":"http://pokeapi.co/api/v2/pokemon/308/"}},{"is_hidden":true,"slot":3,"pokemon":{"name":"wynaut","url":"http://pokeapi.co/api/v2/pokemon/360/"}},{"is_hidden":true,"slot":3,"pokemon":{"name":"dialga","url":"http://pokeapi.co/api/v2/pokemon/483/"}},{"is_hidden":true,"slot":3,"pokemon":{"name":"palkia","url":"http://pokeapi.co/api/v2/pokemon/484/"}},{"is_hidden":true,"slot":3,"pokemon":{"name":"giratina-altered","url":"http://pokeapi.co/api/v2/pokemon/487/"}},{"is_hidden":true,"slot":3,"pokemon":{"name":"munna","url":"http://pokeapi.co/api/v2/pokemon/517/"}},{"is_hidden":true,"slot":3,"pokemon":{"name":"musharna","url":"http://pokeapi.co/api/v2/pokemon/518/"}},{"is_hidden":false,"slot":1,"pokemon":{"name":"elgyem","url":"http://pokeapi.co/api/v2/pokemon/605/"}},{"is_hidden":false,"slot":1,"pokemon":{"name":"beheeyem","url":"http://pokeapi.co/api/v2/pokemon/606/"}},{"is_hidden":true,"slot":3,"pokemon":{"name":"noibat","url":"http://pokeapi.co/api/v2/pokemon/714/"}},{"is_hidden":true,"slot":3,"pokemon":{"name":"noivern","url":"http://pokeapi.co/api/v2/pokemon/715/"}}]}