{"id":97,"name":"sniper","is_main_series":true,"generation":{"name":"generation-iv","url":"http://pokeapi.co/api/v2/generation/4/"},"names":[{"name":"Sniper","language":{"name":"en","url":"http://pokeapi.co/api/v2/language/9/"}},{"name":"Cecchino","language":{"name":"it","url":"http://pokeapi.co/api/v2/language/8/"}},{"name":"Francotirador","language":{"name":"es","url":"http://pokeapi.co/api/v2/language/7/"}},{"name":"Superschütze","language":{"name":"de","url":"http://pokeapi.co/api/v2/language/6/"}},{"name":"Sniper","language":{"name":"fr","url":"http://pokeapi.co/api/v2/language/5/"}},{"name":"스나이퍼","language":{"name":"ko","url":"http://pokeapi.co/api/v2/language/3/"}},{"name":"スナイパー","language":{"name":"ja","url":"http://pokeapi.co/api/v2/language/1/"}}],"effect_entries":[{"effect":"This Pokémon inflicts triple damage with critical hits, rather than the usual double damage.","short_effect":"Strengthens critical hits to inflict 3× damage rather than 2×.","language":{"name":"en","url":"http://pokeapi.co/api/v2/language/9/"}}],"effect_changes":[],"flavor_text_entries":[{"flavor_text":"急所に　当てたとき\n威力が　あがる。","language":{"name":"ja-kanji","url":"http://pokeapi.co/api/v2/language/11/"},"version_group":{"name":"omega-ruby-alpha-sapphire","url":"http://pokeapi.co/api/v2/version-group/16/"}},{"flavor_text":"Powers up moves if they\nbecome critical hits.","language":{"name":"en","url":"http://pokeapi.co/api/v2/language/9/"},"version_group":{"name":"omega-ruby-alpha-sapphire","url":"http://pokeapi.co/api/v2/version-group/16/"}},{"flavor_text":"Aumenta i danni inflitti\ndai brutti colpi.","language":{"name":"it","url":"http://pokeapi.co/api/v2/language/8/"},"version_group":{"name":"omega-ruby-alpha-sapphire","url":"http://pokeapi.co/api/v2/version-group/16/"}},{"flavor_text":"Potencia los movimientos si se\nvuelven críticos.","language":{"name":"es","url":"http://pokeapi.co/api/v2/language/7/"},"version_group":{"name":"omega-ruby-alpha-sapphire","url":"http://pokeapi.co/api/v2/version-group/16/"}},{"flavor_text":"Steigert den Schaden\nvon Volltreffern.","language":{"name":"de","url":"http://pokeapi.co/api/v2/language/6/"},"version_group":{"name":"omega-ruby-alpha-sapphire","url":"http://pokeapi.co/api/v2/version-group/16/"}},{"flavor_text":"Augmente la puissance des\ncoups critiques.","language":{"name":"fr","url":"http://pokeapi.co/api/v2/language/5/"},"version_group":{"name":"omega-ruby-alpha-sapphire","url":"http://pokeapi.co/api/v2/version-group/16/"}},{"flavor_text":"급소에 맞혔을 때\n위력이 올라간다.","language":{"name":"ko","url":"http://pokeapi.co/api/v2/language/3/"},"version_group":{"name":"omega-ruby-alpha-sapphire","url":"http://pokeapi.co/api/v2/version-group/16/"}},{"flavor_text":"きゅうしょに　あてたとき\nいりょくが　あがる。","language":{"name":"ja","url":"http://pokeapi.co/api/v2/language/1/"},"version_group":{"name":"omega-ruby-alpha-sapphire","url":"http://pokeapi.co/api/v2/version-group/16/"}},{"flavor_text":"急所に　当てたとき\n威力が　あがる。","language":{"name":"ja-kanji","url":"http://pokeapi.co/api/v2/language/11/"},"version_group":{"name":"x-y","url":"http://pokeapi.co/api/v2/version-group/15/"}},{"flavor_text":"Powers up moves if they\nbecome critical hits.","language":{"name":"en","url":"http://pokeapi.co/api/v2/language/9/"},"version_group":{"name":"x-y","url":"http://pokeapi.co/api/v2/version-group/15/"}},{"flavor_text":"Aumenta i danni inflitti\ndai brutti colpi.","language":{"name":"it","url":"http://pokeapi.co/api/v2/language/8/"},"version_group":{"name":"x-y","url":"http://pokeapi.co/api/v2/version-group/15/"}},{"flavor_text":"Potencia los movimientos si se\nvuelven críticos.","language":{"name":"es","url":"http://pokeapi.co/api/v2/language/7/"},"version_group":{"name":"x-y","url":"http://pokeapi.co/api/v2/version-group/15/"}},{"flavor_text":"Steigert den Schaden\nvon Volltreffern.","language":{"name":"de","url":"http://pokeapi.co/api/v2/language/6/"},"version_group":{"name":"x-y","url":"http://pokeapi.co/api/v2/version-group/15/"}},{"flavor_text":"Augmente la puissance des\ncoups critiques.","language":{"name":"fr","url":"http://pokeapi.co/api/v2/language/5/"},"version_group":{"name":"x-y","url":"http://pokeapi.co/api/v2/version-group/15/"}},{"flavor_text":"급소에 맞혔을 때\n위력이 올라간다.","language":{"name":"ko","url":"http://pokeapi.co/api/v2/language/3/"},"version_group":{"name":"x-y","url":"http://pokeapi.co/api/v2/version-group/15/"}},{"flavor_text":"きゅうしょに　あてたとき\nいりょくが　あがる。","language":{"name":"ja","url":"http://pokeapi.co/api/v2/language/1/"},"version_group":{"name":"x-y","url":"http://pokeapi.co/api/v2/version-group/15/"}},{"flavor_text":"Powers up moves if they\nbecome critical hits.","language":{"name":"en","url":"http://pokeapi.co/api/v2/language/9/"},"version_group":{"name":"black-2-white-2","url":"http://pokeapi.co/api/v2/version-group/14/"}},{"flavor_text":"Powers up moves if they\nbecome critical hits.","language":{"name":"en","url":"http://pokeapi.co/api/v2/language/9/"},"version_group":{"name":"black-white","url":"http://pokeapi.co/api/v2/version-group/11/"}},{"flavor_text":"Augmente la puissance\ndes coups critiques.","language":{"name":"fr","url":"http://pokeapi.co/api/v2/language/5/"},"version_group":{"name":"black-white","url":"http://pokeapi.co/api/v2/version-group/11/"}},{"flavor_text":"Powers up moves if they\nbecome critical hits.","language":{"name":"en","url":"http://pokeapi.co/api/v2/language/9/"},"version_group":{"name":"heartgold-soulsilver","url":"http://pokeapi.co/api/v2/version-group/10/"}},{"flavor_text":"Powers up moves if they\nbecome critical hits.","language":{"name":"en","url":"http://pokeapi.co/api/v2/language/9/"},"version_group":{"name":"platinum","url":"http://pokeapi.co/api/v2/version-group/9/"}},{"flavor_text":"Powers up moves if they\nbecome critical hits.","language":{"name":"en","url":"http://pokeapi.co/api/v2/language/9/"},"version_group":{"name":"diamond-pearl","url":"http://pokeapi.co/api/v2/version-group/8/"}}],"pokemon":[{"is_hidden":true,"slot":3,"pokemon":{"name":"beedrill","url":"http://pokeapi.co/api/v2/pokemon/15/"}},{"is_hidden":true,"slot":3,"pokemon":{"name":"spearow","url":"http://pokeapi.co/api/v2/pokemon/21/"}},{"is_hidden":true,"slot":3,"pokemon":{"name":"fearow","url":"http://pokeapi.co/api/v2/pokemon/22/"}},{"is_hidden":false,"slot":2,"pokemon":{"name":"horsea","url":"http://pokeapi.co/api/v2/pokemon/116/"}},{"is_hidden":false,"slot":2,"pokemon":{"name":"seadra","url":"http://pokeapi.co/api/v2/pokemon/117/"}},{"is_hidden":true,"slot":3,"pokemon":{"name":"spinarak","url":"http://pokeapi.co/api/v2/pokemon/167/"}},{"is_hidden":true,"slot":3,"pokemon":{"name":"ariados","url":"http://pokeapi.co/api/v2/pokemon/168/"}},{"is_hidden":false,"slot":2,"pokemon":{"name":"remoraid","url":"http://pokeapi.co/api/v2/pokemon/223/"}},{"is_hidden":false,"slot":2,"pokemon":{"name":"octillery","url":"http://pokeapi.co/api/v2/pokemon/224/"}},{"is_hidden":false,"slot":2,"pokemon":{"name":"kingdra","url":"http://pokeapi.co/api/v2/pokemon/230/"}},{"is_hidden":false,"slot":2,"pokemon":{"name":"skorupi","url":"http://pokeapi.co/api/v2/pokemon/451/"}},{"is_hidden":false,"slot":2,"pokemon":{"name":"drapion","url":"http://pokeapi.co/api/v2/pokemon/452/"}},{"is_hidden":false,"slot":2,"pokemon":{"name":"binacle","url":"http://pokeapi.co/api/v2/pokemon/688/"}},{"is_hidden":false,"slot":2,"pokemon":{"name":"barbaracle","url":"http://pokeapi.co/api/v2/pokemon/689/"}}]}