{"id":41,"name":"water-veil","is_main_series":true,"generation":{"name":"generation-iii","url":"http://pokeapi.co/api/v2/generation/3/"},"names":[{"name":"Water Veil","language":{"name":"en","url":"http://pokeapi.co/api/v2/language/9/"}},{"name":"Idrovelo","language":{"name":"it","url":"http://pokeapi.co/api/v2/language/8/"}},{"name":"Velo Agua","language":{"name":"es","url":"http://pokeapi.co/api/v2/language/7/"}},{"name":"Aquahülle","language":{"name":"de","url":"http://pokeapi.co/api/v2/language/6/"}},{"name":"Ignifu-Voile","language":{"name":"fr","url":"http://pokeapi.co/api/v2/language/5/"}},{"name":"수의베일","language":{"name":"ko","url":"http://pokeapi.co/api/v2/language/3/"}},{"name":"みずのベール","language":{"name":"ja","url":"http://pokeapi.co/api/v2/language/1/"}}],"effect_entries":[{"effect":"This Pokémon cannot be burned.\n\nIf a Pokémon is burned and acquires this ability, its burn is healed; this includes when regaining a lost ability upon leaving battle.","short_effect":"Prevents burns.","language":{"name":"en","url":"http://pokeapi.co/api/v2/language/9/"}}],"effect_changes":[],"flavor_text_entries":[{"flavor_text":"やけど状態に\nならない。","language":{"name":"ja-kanji","url":"http://pokeapi.co/api/v2/language/11/"},"version_group":{"name":"omega-ruby-alpha-sapphire","url":"http://pokeapi.co/api/v2/version-group/16/"}},{"flavor_text":"Prevents the Pokémon\nfrom getting a burn.","language":{"name":"en","url":"http://pokeapi.co/api/v2/language/9/"},"version_group":{"name":"omega-ruby-alpha-sapphire","url":"http://pokeapi.co/api/v2/version-group/16/"}},{"flavor_text":"Evita che il Pokémon\nresti scottato.","language":{"name":"it","url":"http://pokeapi.co/api/v2/language/8/"},"version_group":{"name":"omega-ruby-alpha-sapphire","url":"http://pokeapi.co/api/v2/version-group/16/"}},{"flavor_text":"Evita las quemaduras.","language":{"name":"es","url":"http://pokeapi.co/api/v2/language/7/"},"version_group":{"name":"omega-ruby-alpha-sapphire","url":"http://pokeapi.co/api/v2/version-group/16/"}},{"flavor_text":"Verhindert Verbrennungen.","language":{"name":"de","url":"http://pokeapi.co/api/v2/language/6/"},"version_group":{"name":"omega-ruby-alpha-sapphire","url":"http://pokeapi.co/api/v2/version-group/16/"}},{"flavor_text":"Protège le Pokémon des\nbrûlures.","language":{"name":"fr","url":"http://pokeapi.co/api/v2/language/5/"},"version_group":{"name":"omega-ruby-alpha-sapphire","url":"http://pokeapi.co/api/v2/version-group/16/"}},{"flavor_text":"화상 상태가\n되지 않는다.","language":{"name":"ko","url":"http://pokeapi.co/api/v2/language/3/"},"version_group":{"name":"omega-ruby-alpha-sapphire","url":"http://pokeapi.co/api/v2/version-group/16/"}},{"flavor_text":"やけど　じょうたいに\nならない。","language":{"name":"ja","url":"http://pokeapi.co/api/v2/language/1/"},"version_group":{"name":"omega-ruby-alpha-sapphire","url":"http://pokeapi.co/api/v2/version-group/16/"}},{"flavor_text":"やけど状態に\nならない。","language":{"name":"ja-kanji","url":"http://pokeapi.co/api/v2/language/11/"},"version_group":{"name":"x-y","url":"http://pokeapi.co/api/v2/version-group/15/"}},{"flavor_text":"Prevents the Pokémon\nfrom getting a burn.","language":{"name":"en","url":"http://pokeapi.co/api/v2/language/9/"},"version_group":{"name":"x-y","url":"http://pokeapi.co/api/v2/version-group/15/"}},{"flavor_text":"Evita che il Pokémon\nresti scottato.","language":{"name":"it","url":"http://pokeapi.co/api/v2/language/8/"},"version_group":{"name":"x-y","url":"http://pokeapi.co/api/v2/version-group/15/"}},{"flavor_text":"Evita las quemaduras.","language":{"name":"es","url":"http://pokeapi.co/api/v2/language/7/"},"version_group":{"name":"x-y","url":"http://pokeapi.co/api/v2/version-group/15/"}},{"flavor_text":"Verhindert Verbrennungen.","language":{"name":"de","url":"http://pokeapi.co/api/v2/language/6/"},"version_group":{"name":"x-y","url":"http://pokeapi.co/api/v2/version-group/15/"}},{"flavor_text":"Protège le Pokémon des\nbrûlures.","language":{"name":"fr","url":"http://pokeapi.co/api/v2/language/5/"},"version_group":{"name":"x-y","url":"http://pokeapi.co/api/v2/version-group/15/"}},{"flavor_text":"화상 상태가\n되지 않는다.","language":{"name":"ko","url":"http://pokeapi.co/api/v2/language/3/"},"version_group":{"name":"x-y","url":"http://pokeapi.co/api/v2/version-group/15/"}},{"flavor_text":"やけど　じょうたいに\nならない。","language":{"name":"ja","url":"http://pokeapi.co/api/v2/language/1/"},"version_group":{"name":"x-y","url":"http://pokeapi.co/api/v2/version-group/15/"}},{"flavor_text":"Prevents the Pokémon\nfrom getting a burn.","language":{"name":"en","url":"http://pokeapi.co/api/v2/language/9/"},"version_group":{"name":"black-2-white-2","url":"http://pokeapi.co/api/v2/version-group/14/"}},{"flavor_text":"Prevents the Pokémon\nfrom getting a burn.","language":{"name":"en","url":"http://pokeapi.co/api/v2/language/9/"},"version_group":{"name":"black-white","url":"http://pokeapi.co/api/v2/version-group/11/"}},{"flavor_text":"Protège le Pokémon\ndes brûlures.","language":{"name":"fr","url":"http://pokeapi.co/api/v2/language/5/"},"version_group":{"name":"black-white","url":"http://pokeapi.co/api/v2/version-group/11/"}},{"flavor_text":"Prevents the Pokémon\nfrom getting a burn.","language":{"name":"en","url":"http://pokeapi.co/api/v2/language/9/"},"version_group":{"name":"heartgold-soulsilver","url":"http://pokeapi.co/api/v2/version-group/10/"}},{"flavor_text":"Prevents the Pokémon\nfrom getting a burn.","language":{"name":"en","url":"http://pokeapi.co/api/v2/language/9/"},"version_group":{"name":"platinum","url":"http://pokeapi.co/api/v2/version-group/9/"}},{"flavor_text":"Prevents the Pokémon\nfrom getting a burn.","language":{"name":"en","url":"http://pokeapi.co/api/v2/language/9/"},"version_group":{"name":"diamond-pearl","url":"http://pokeapi.co/api/v2/version-group/8/"}},{"flavor_text":"Prevents burns.","language":{"name":"en","url":"http://pokeapi.co/api/v2/language/9/"},"version_group":{"name":"firered-leafgreen","url":"http://pokeapi.co/api/v2/version-group/7/"}},{"flavor_text":"Prevents burns.","language":{"name":"en","url":"http://pokeapi.co/api/v2/language/9/"},"version_group":{"name":"emerald","url":"http://pokeapi.co/api/v2/version-group/6/"}},{"flavor_text":"Prevents burns.","language":{"name":"en","url":"http://pokeapi.co/api/v2/language/9/"},"version_group":{"name":"ruby-sapphire","url":"http://pokeapi.co/api/v2/version-group/5/"}}],"pokemon":[{"is_hidden":false,"slot":2,"pokemon":{"name":"goldeen","url":"http://pokeapi.co/api/v2/pokemon/118/"}},{"is_hidden":false,"slot":2,"pokemon":{"name":"seaking","url":"http://pokeapi.co/api/v2/pokemon/119/"}},{"is_hidden":true,"slot":3,"pokemon":{"name":"mantine","url":"http://pokeapi.co/api/v2/pokemon/226/"}},{"is_hidden":false,"slot":1,"pokemon":{"name":"wailmer","url":"http://pokeapi.co/api/v2/pokemon/320/"}},{"is_hidden":false,"slot":1,"pokemon":{"name":"wailord","url":"http://pokeapi.co/api/v2/pokemon/321/"}},{"is_hidden":true,"slot":3,"pokemon":{"name":"huntail","url":"http://pokeapi.co/api/v2/pokemon/367/"}},{"is_hidden":true,"slot":3,"pokemon":{"name":"buizel","url":"http://pokeapi.co/api/v2/pokemon/418/"}},{"is_hidden":true,"slot":3,"pokemon":{"name":"floatzel","url":"http://pokeapi.co/api/v2/pokemon/419/"}},{"is_hidden":true,"slot":3,"pokemon":{"name":"finneon","url":"http://pokeapi.co/api/v2/pokemon/456/"}},{"is_hidden":true,"slot":3,"pokemon":{"name":"lumineon","url":"http://pokeapi.co/api/v2/pokemon/457/"}},{"is_hidden":true,"slot":3,"pokemon":{"name":"mantyke","url":"http://pokeapi.co/api/v2/pokemon/458/"}}]}