{"id":172,"name":"competitive","is_main_series":true,"generation":{"name":"generation-vi","url":"http://pokeapi.co/api/v2/generation/6/"},"names":[{"name":"Competitive","language":{"name":"en","url":"http://pokeapi.co/api/v2/language/9/"}},{"name":"Tenacia","language":{"name":"it","url":"http://pokeapi.co/api/v2/language/8/"}},{"name":"Tenacidad","language":{"name":"es","url":"http://pokeapi.co/api/v2/language/7/"}},{"name":"Unbeugsamkeit","language":{"name":"de","url":"http://pokeapi.co/api/v2/language/6/"}},{"name":"Battant","language":{"name":"fr","url":"http://pokeapi.co/api/v2/language/5/"}},{"name":"승기","language":{"name":"ko","url":"http://pokeapi.co/api/v2/language/3/"}},{"name":"かちき","language":{"name":"ja","url":"http://pokeapi.co/api/v2/language/1/"}}],"effect_entries":[{"effect":"Raises Special Attack by two stages upon having any stat lowered.","short_effect":"Raises Special Attack by two stages upon having any stat lowered.","language":{"name":"en","url":"http://pokeapi.co/api/v2/language/9/"}}],"effect_changes":[],"flavor_text_entries":[{"flavor_text":"能力が　さがると\n特攻が　あがる。","language":{"name":"ja-kanji","url":"http://pokeapi.co/api/v2/language/11/"},"version_group":{"name":"omega-ruby-alpha-sapphire","url":"http://pokeapi.co/api/v2/version-group/16/"}},{"flavor_text":"Boosts the Sp. Atk stat when\na stat is lowered.","language":{"name":"en","url":"http://pokeapi.co/api/v2/language/9/"},"version_group":{"name":"omega-ruby-alpha-sapphire","url":"http://pokeapi.co/api/v2/version-group/16/"}},{"flavor_text":"L’Attacco aumenta quando un\nnemico fa calare le statistiche.","language":{"name":"it","url":"http://pokeapi.co/api/v2/language/8/"},"version_group":{"name":"omega-ruby-alpha-sapphire","url":"http://pokeapi.co/api/v2/version-group/16/"}},{"flavor_text":"Aumenta su At. Esp. cuando\ndisminuyen otras características.","language":{"name":"es","url":"http://pokeapi.co/api/v2/language/7/"},"version_group":{"name":"omega-ruby-alpha-sapphire","url":"http://pokeapi.co/api/v2/version-group/16/"}},{"flavor_text":"Erhöht den Spezial-Angriff, wenn\nein Statuswert gesenkt wurde.","language":{"name":"de","url":"http://pokeapi.co/api/v2/language/6/"},"version_group":{"name":"omega-ruby-alpha-sapphire","url":"http://pokeapi.co/api/v2/version-group/16/"}},{"flavor_text":"Monte l’Attaque quand\nles stats baissent.","language":{"name":"fr","url":"http://pokeapi.co/api/v2/language/5/"},"version_group":{"name":"omega-ruby-alpha-sapphire","url":"http://pokeapi.co/api/v2/version-group/16/"}},{"flavor_text":"능력이 떨어지면\n특수공격이 올라간다.","language":{"name":"ko","url":"http://pokeapi.co/api/v2/language/3/"},"version_group":{"name":"omega-ruby-alpha-sapphire","url":"http://pokeapi.co/api/v2/version-group/16/"}},{"flavor_text":"のうりょくが　さがると\nとくこうが　あがる。","language":{"name":"ja","url":"http://pokeapi.co/api/v2/language/1/"},"version_group":{"name":"omega-ruby-alpha-sapphire","url":"http://pokeapi.co/api/v2/version-group/16/"}},{"flavor_text":"能力が　さがると\n特攻が　あがる。","language":{"name":"ja-kanji","url":"http://pokeapi.co/api/v2/language/11/"},"version_group":{"name":"x-y","url":"http://pokeapi.co/api/v2/version-group/15/"}},{"flavor_text":"Boosts the Sp. Atk stat when\na stat is lowered.","language":{"name":"en","url":"http://pokeapi.co/api/v2/language/9/"},"version_group":{"name":"x-y","url":"http://pokeapi.co/api/v2/version-group/15/"}},{"flavor_text":"L’Attacco aumenta quando un\nnemico fa calare le statistiche.","language":{"name":"it","url":"http://pokeapi.co/api/v2/language/8/"},"version_group":{"name":"x-y","url":"http://pokeapi.co/api/v2/version-group/15/"}},{"flavor_text":"Aumenta su At. Esp. cuando\ndisminuyen otras características.","language":{"name":"es","url":"http://pokeapi.co/api/v2/language/7/"},"version_group":{"name":"x-y","url":"http://pokeapi.co/api/v2/version-group/15/"}},{"flavor_text":"Erhöht den Spezial-Angriff, wenn\nein Statuswert gesenkt wurde.","language":{"name":"de","url":"http://pokeapi.co/api/v2/language/6/"},"version_group":{"name":"x-y","url":"http://pokeapi.co/api/v2/version-group/15/"}},{"flavor_text":"Monte l’Attaque quand une stat\nest baissée par l’adversaire.","language":{"name":"fr","url":"http://pokeapi.co/api/v2/language/5/"},"version_group":{"name":"x-y","url":"http://pokeapi.co/api/v2/version-group/15/"}},{"flavor_text":"능력이 떨어지면\n특수공격이 올라간다.","language":{"name":"ko","url":"http://pokeapi.co/api/v2/language/3/"},"version_group":{"name":"x-y","url":"http://pokeapi.co/api/v2/version-group/15/"}},{"flavor_text":"のうりょくが　さがると\nとくこうが　あがる。","language":{"name":"ja","url":"http://pokeapi.co/api/v2/language/1/"},"version_group":{"name":"x-y","url":"http://pokeapi.co/api/v2/version-group/15/"}}],"pokemon":[{"is_hidden":false,"slot":2,"pokemon":{"name":"jigglypuff","url":"http://pokeapi.co/api/v2/pokemon/39/"}},{"is_hidden":false,"slot":2,"pokemon":{"name":"wigglytuff","url":"http://pokeapi.co/api/v2/pokemon/40/"}},{"is_hidden":false,"slot":2,"pokemon":{"name":"igglybuff","url":"http://pokeapi.co/api/v2/pokemon/174/"}},{"is_hidden":false,"slot":2,"pokemon":{"name":"milotic","url":"http://pokeapi.co/api/v2/pokemon/350/"}},{"is_hidden":false,"slot":2,"pokemon":{"name":"gothita","url":"http://pokeapi.co/api/v2/pokemon/574/"}},{"is_hidden":false,"slot":2,"pokemon":{"name":"gothorita","url":"http://pokeapi.co/api/v2/pokemon/575/"}},{"is_hidden":false,"slot":2,"pokemon":{"name":"gothitelle","url":"http://pokeapi.co/api/v2/pokemon/576/"}},{"is_hidden":true,"slot":3,"pokemon":{"name":"meowstic-female","url":"http://pokeapi.co/api/v2/pokemon/10025/"}}]}