{"id":93,"name":"hydration","is_main_series":true,"generation":{"name":"generation-iv","url":"http://pokeapi.co/api/v2/generation/4/"},"names":[{"name":"Hydration","language":{"name":"en","url":"http://pokeapi.co/api/v2/language/9/"}},{"name":"Idratazione","language":{"name":"it","url":"http://pokeapi.co/api/v2/language/8/"}},{"name":"Hidratación","language":{"name":"es","url":"http://pokeapi.co/api/v2/language/7/"}},{"name":"Hydration","language":{"name":"de","url":"http://pokeapi.co/api/v2/language/6/"}},{"name":"Hydratation","language":{"name":"fr","url":"http://pokeapi.co/api/v2/language/5/"}},{"name":"촉촉바디","language":{"name":"ko","url":"http://pokeapi.co/api/v2/language/3/"}},{"name":"うるおいボディ","language":{"name":"ja","url":"http://pokeapi.co/api/v2/language/1/"}}],"effect_entries":[{"effect":"This Pokémon is cured of any major status ailment after each turn during rain.","short_effect":"Cures any major status ailment after each turn during rain.","language":{"name":"en","url":"http://pokeapi.co/api/v2/language/9/"}}],"effect_changes":[],"flavor_text_entries":[{"flavor_text":"状態異常が\n雨の　とき　治る。","language":{"name":"ja-kanji","url":"http://pokeapi.co/api/v2/language/11/"},"version_group":{"name":"omega-ruby-alpha-sapphire","url":"http://pokeapi.co/api/v2/version-group/16/"}},{"flavor_text":"Heals status conditions if\nit’s raining.","language":{"name":"en","url":"http://pokeapi.co/api/v2/language/9/"},"version_group":{"name":"omega-ruby-alpha-sapphire","url":"http://pokeapi.co/api/v2/version-group/16/"}},{"flavor_text":"Cura i problemi di stato se piove.","language":{"name":"it","url":"http://pokeapi.co/api/v2/language/8/"},"version_group":{"name":"omega-ruby-alpha-sapphire","url":"http://pokeapi.co/api/v2/version-group/16/"}},{"flavor_text":"Cura los problemas de estado si\nestá lloviendo.","language":{"name":"es","url":"http://pokeapi.co/api/v2/language/7/"},"version_group":{"name":"omega-ruby-alpha-sapphire","url":"http://pokeapi.co/api/v2/version-group/16/"}},{"flavor_text":"Heilt bei Regen Statusprobleme.","language":{"name":"de","url":"http://pokeapi.co/api/v2/language/6/"},"version_group":{"name":"omega-ruby-alpha-sapphire","url":"http://pokeapi.co/api/v2/version-group/16/"}},{"flavor_text":"Soigne les problèmes de statut\ns’il pleut.","language":{"name":"fr","url":"http://pokeapi.co/api/v2/language/5/"},"version_group":{"name":"omega-ruby-alpha-sapphire","url":"http://pokeapi.co/api/v2/version-group/16/"}},{"flavor_text":"비가 오면\n상태 이상이 회복된다.","language":{"name":"ko","url":"http://pokeapi.co/api/v2/language/3/"},"version_group":{"name":"omega-ruby-alpha-sapphire","url":"http://pokeapi.co/api/v2/version-group/16/"}},{"flavor_text":"じょうたい　いじょうが\nあめの　とき　なおる。","language":{"name":"ja","url":"http://pokeapi.co/api/v2/language/1/"},"version_group":{"name":"omega-ruby-alpha-sapphire","url":"http://pokeapi.co/api/v2/version-group/16/"}},{"flavor_text":"状態異常が\n雨の　とき　治る。","language":{"name":"ja-kanji","url":"http://pokeapi.co/api/v2/language/11/"},"version_group":{"name":"x-y","url":"http://pokeapi.co/api/v2/version-group/15/"}},{"flavor_text":"Heals status conditions if\nit’s raining.","language":{"name":"en","url":"http://pokeapi.co/api/v2/language/9/"},"version_group":{"name":"x-y","url":"http://pokeapi.co/api/v2/version-group/15/"}},{"flavor_text":"Cura i problemi di stato se piove.","language":{"name":"it","url":"http://pokeapi.co/api/v2/language/8/"},"version_group":{"name":"x-y","url":"http://pokeapi.co/api/v2/version-group/15/"}},{"flavor_text":"Cura los problemas de estado si\nestá lloviendo.","language":{"name":"es","url":"http://pokeapi.co/api/v2/language/7/"},"version_group":{"name":"x-y","url":"http://pokeapi.co/api/v2/version-group/15/"}},{"flavor_text":"Heilt bei Regen Statusprobleme.","language":{"name":"de","url":"http://pokeapi.co/api/v2/language/6/"},"version_group":{"name":"x-y","url":"http://pokeapi.co/api/v2/version-group/15/"}},{"flavor_text":"Soigne les problèmes de statut\ns’il pleut.","language":{"name":"fr","url":"http://pokeapi.co/api/v2/language/5/"},"version_group":{"name":"x-y","url":"http://pokeapi.co/api/v2/version-group/15/"}},{"flavor_text":"비가 오면\n상태 이상이 회복된다.","language":{"name":"ko","url":"http://pokeapi.co/api/v2/language/3/"},"version_group":{"name":"x-y","url":"http://pokeapi.co/api/v2/version-group/15/"}},{"flavor_text":"じょうたい　いじょうが\nあめの　とき　なおる。","language":{"name":"ja","url":"http://pokeapi.co/api/v2/language/1/"},"version_group":{"name":"x-y","url":"http://pokeapi.co/api/v2/version-group/15/"}},{"flavor_text":"Heals status problems if\nit is raining.","language":{"name":"en","url":"http://pokeapi.co/api/v2/language/9/"},"version_group":{"name":"black-2-white-2","url":"http://pokeapi.co/api/v2/version-group/14/"}},{"flavor_text":"Heals status problems if\nit is raining.","language":{"name":"en","url":"http://pokeapi.co/api/v2/language/9/"},"version_group":{"name":"black-white","url":"http://pokeapi.co/api/v2/version-group/11/"}},{"flavor_text":"Soigne les problèmes de\nstatut s’il pleut.","language":{"name":"fr","url":"http://pokeapi.co/api/v2/language/5/"},"version_group":{"name":"black-white","url":"http://pokeapi.co/api/v2/version-group/11/"}},{"flavor_text":"Heals status problems if\nit is raining.","language":{"name":"en","url":"http://pokeapi.co/api/v2/language/9/"},"version_group":{"name":"heartgold-soulsilver","url":"http://pokeapi.co/api/v2/version-group/10/"}},{"flavor_text":"Heals status problems if\nit is raining.","language":{"name":"en","url":"http://pokeapi.co/api/v2/language/9/"},"version_group":{"name":"platinum","url":"http://pokeapi.co/api/v2/version-group/9/"}},{"flavor_text":"Heals status problems if\nit is raining.","language":{"name":"en","url":"http://pokeapi.co/api/v2/language/9/"},"version_group":{"name":"diamond-pearl","url":"http://pokeapi.co/api/v2/version-group/8/"}}],"pokemon":[{"is_hidden":false,"slot":2,"pokemon":{"name":"seel","url":"http://pokeapi.co/api/v2/pokemon/86/"}},{"is_hidden":false,"slot":2,"pokemon":{"name":"dewgong","url":"http://pokeapi.co/api/v2/pokemon/87/"}},{"is_hidden":true,"slot":3,"pokemon":{"name":"lapras","url":"http://pokeapi.co/api/v2/pokemon/131/"}},{"is_hidden":true,"slot":3,"pokemon":{"name":"vaporeon","url":"http://pokeapi.co/api/v2/pokemon/134/"}},{"is_hidden":true,"slot":3,"pokemon":{"name":"smoochum","url":"http://pokeapi.co/api/v2/pokemon/238/"}},{"is_hidden":true,"slot":3,"pokemon":{"name":"barboach","url":"http://pokeapi.co/api/v2/pokemon/339/"}},{"is_hidden":true,"slot":3,"pokemon":{"name":"whiscash","url":"http://pokeapi.co/api/v2/pokemon/340/"}},{"is_hidden":true,"slot":3,"pokemon":{"name":"gorebyss","url":"http://pokeapi.co/api/v2/pokemon/368/"}},{"is_hidden":true,"slot":3,"pokemon":{"name":"luvdisc","url":"http://pokeapi.co/api/v2/pokemon/370/"}},{"is_hidden":false,"slot":1,"pokemon":{"name":"phione","url":"http://pokeapi.co/api/v2/pokemon/489/"}},{"is_hidden":false,"slot":1,"pokemon":{"name":"manaphy","url":"http://pokeapi.co/api/v2/pokemon/490/"}},{"is_hidden":false,"slot":2,"pokemon":{"name":"tympole","url":"http://pokeapi.co/api/v2/pokemon/535/"}},{"is_hidden":false,"slot":2,"pokemon":{"name":"palpitoad","url":"http://pokeapi.co/api/v2/pokemon/536/"}},{"is_hidden":true,"slot":3,"pokemon":{"name":"ducklett","url":"http://pokeapi.co/api/v2/pokemon/580/"}},{"is_hidden":true,"slot":3,"pokemon":{"name":"swanna","url":"http://pokeapi.co/api/v2/pokemon/581/"}},{"is_hidden":false,"slot":2,"pokemon":{"name":"alomomola","url":"http://pokeapi.co/api/v2/pokemon/594/"}},{"is_hidden":false,"slot":1,"pokemon":{"name":"shelmet","url":"http://pokeapi.co/api/v2/pokemon/616/"}},{"is_hidden":false,"slot":1,"pokemon":{"name":"accelgor","url":"http://pokeapi.co/api/v2/pokemon/617/"}},{"is_hidden":false,"slot":2,"pokemon":{"name":"goomy","url":"http://pokeapi.co/api/v2/pokemon/704/"}},{"is_hidden":false,"slot":2,"pokemon":{"name":"sliggoo","url":"http://pokeapi.co/api/v2/pokemon/705/"}},{"is_hidden":false,"slot":2,"pokemon":{"name":"goodra","url":"http://pokeapi.co/api/v2/pokemon/706/"}}]}