{"id":31,"name":"lightning-rod","is_main_series":true,"generation":{"name":"generation-iii","url":"http://pokeapi.co/api/v2/generation/3/"},"names":[{"name":"Lightning Rod","language":{"name":"en","url":"http://pokeapi.co/api/v2/language/9/"}},{"name":"Parafulmine","language":{"name":"it","url":"http://pokeapi.co/api/v2/language/8/"}},{"name":"Pararrayos","language":{"name":"es","url":"http://pokeapi.co/api/v2/language/7/"}},{"name":"Blitzfänger","language":{"name":"de","url":"http://pokeapi.co/api/v2/language/6/"}},{"name":"Paratonnerre","language":{"name":"fr","url":"http://pokeapi.co/api/v2/language/5/"}},{"name":"피뢰침","language":{"name":"ko","url":"http://pokeapi.co/api/v2/language/3/"}},{"name":"ひらいしん","language":{"name":"ja","url":"http://pokeapi.co/api/v2/language/1/"}}],"effect_entries":[{"effect":"All other Pokémon's single-target electric-type moves are redirected to this Pokémon if it is an eligible target.  Other Pokémon's Electric moves raise this Pokémon's Special Attack one stage, negating any other effect on it, and cannot miss it.\n\nIf the move's intended target also has this ability, the move is not redirected.  When multiple Pokémon with this ability are possible targets for redirection, the move is redirected to the one with the highest Speed stat, or, in the case of a tie, to a random tied Pokémon.  follow me takes precedence over this ability.\n\nIf the Pokémon is a ground-type and thus immune to Electric moves, its immunity prevents the Special Attack boost.","short_effect":"Redirects single-target electric moves to this Pokémon where possible.  Absorbs Electric moves, raising Special Attack one stage.","language":{"name":"en","url":"http://pokeapi.co/api/v2/language/9/"}}],"effect_changes":[{"version_group":{"name":"emerald","url":"http://pokeapi.co/api/v2/version-group/6/"},"effect_entries":[{"effect":"Has no overworld effect.","language":{"name":"en","url":"http://pokeapi.co/api/v2/language/9/"}}]},{"version_group":{"name":"diamond-pearl","url":"http://pokeapi.co/api/v2/version-group/8/"},"effect_entries":[{"effect":"Does not affect non-damaging electric moves, i.e. thunder wave.  Increases the frequency of Match Call calls on the overworld if any party Pokémon has this ability.","language":{"name":"en","url":"http://pokeapi.co/api/v2/language/9/"}}]},{"version_group":{"name":"black-white","url":"http://pokeapi.co/api/v2/version-group/11/"},"effect_entries":[{"effect":"Redirects electric moves without negating them or granting any Special Attack boost.  Does not redirect hidden power.","language":{"name":"en","url":"http://pokeapi.co/api/v2/language/9/"}}]}],"flavor_text_entries":[{"flavor_text":"でんきを　呼び込んで\n特攻を　あげる。","language":{"name":"ja-kanji","url":"http://pokeapi.co/api/v2/language/11/"},"version_group":{"name":"omega-ruby-alpha-sapphire","url":"http://pokeapi.co/api/v2/version-group/16/"}},{"flavor_text":"Draws in all Electric-type moves\nto boost its Sp. Atk stat.","language":{"name":"en","url":"http://pokeapi.co/api/v2/language/9/"},"version_group":{"name":"omega-ruby-alpha-sapphire","url":"http://pokeapi.co/api/v2/version-group/16/"}},{"flavor_text":"Neutralizza mosse di tipo Elettro\nper aumentare l’Attacco Speciale. ","language":{"name":"it","url":"http://pokeapi.co/api/v2/language/8/"},"version_group":{"name":"omega-ruby-alpha-sapphire","url":"http://pokeapi.co/api/v2/version-group/16/"}},{"flavor_text":"Atrae y neutraliza movimientos de\ntipo Eléctrico y sube el At. Esp.","language":{"name":"es","url":"http://pokeapi.co/api/v2/language/7/"},"version_group":{"name":"omega-ruby-alpha-sapphire","url":"http://pokeapi.co/api/v2/version-group/16/"}},{"flavor_text":"Absorbiert Elektro-Attacken\nund steigert den Spezial-Angriff.","language":{"name":"de","url":"http://pokeapi.co/api/v2/language/6/"},"version_group":{"name":"omega-ruby-alpha-sapphire","url":"http://pokeapi.co/api/v2/version-group/16/"}},{"flavor_text":"Attire et neutralise les attaques\nÉlectrik et monte l’Atq. Spé.","language":{"name":"fr","url":"http://pokeapi.co/api/v2/language/5/"},"version_group":{"name":"omega-ruby-alpha-sapphire","url":"http://pokeapi.co/api/v2/version-group/16/"}},{"flavor_text":"전기를 끌어모아\n특수공격을 올린다.","language":{"name":"ko","url":"http://pokeapi.co/api/v2/language/3/"},"version_group":{"name":"omega-ruby-alpha-sapphire","url":"http://pokeapi.co/api/v2/version-group/16/"}},{"flavor_text":"でんきを　よびこんで\nとくこうを　あげる。","language":{"name":"ja","url":"http://pokeapi.co/api/v2/language/1/"},"version_group":{"name":"omega-ruby-alpha-sapphire","url":"http://pokeapi.co/api/v2/version-group/16/"}},{"flavor_text":"でんきを　呼び込んで\n特攻を　あげる。","language":{"name":"ja-kanji","url":"http://pokeapi.co/api/v2/language/11/"},"version_group":{"name":"x-y","url":"http://pokeapi.co/api/v2/version-group/15/"}},{"flavor_text":"Draws in all Electric-type moves\nto boost its Sp. Atk stat.","language":{"name":"en","url":"http://pokeapi.co/api/v2/language/9/"},"version_group":{"name":"x-y","url":"http://pokeapi.co/api/v2/version-group/15/"}},{"flavor_text":"Neutralizza mosse di tipo Elettro\nper aumentare l’Attacco Speciale.","language":{"name":"it","url":"http://pokeapi.co/api/v2/language/8/"},"version_group":{"name":"x-y","url":"http://pokeapi.co/api/v2/version-group/15/"}},{"flavor_text":"Atrae y neutraliza movimientos de\ntipo Eléctrico y sube el At. Esp.","language":{"name":"es","url":"http://pokeapi.co/api/v2/language/7/"},"version_group":{"name":"x-y","url":"http://pokeapi.co/api/v2/version-group/15/"}},{"flavor_text":"Absorbiert Elektro-Attacken\nund steigert den Spezial-Angriff.","language":{"name":"de","url":"http://pokeapi.co/api/v2/language/6/"},"version_group":{"name":"x-y","url":"http://pokeapi.co/api/v2/version-group/15/"}},{"flavor_text":"Attire et neutralise les attaques\nÉlectrik et monte l’Atq. Spé.","language":{"name":"fr","url":"http://pokeapi.co/api/v2/language/5/"},"version_group":{"name":"x-y","url":"http://pokeapi.co/api/v2/version-group/15/"}},{"flavor_text":"전기를 끌어모아\n특수공격을 올린다.","language":{"name":"ko","url":"http://pokeapi.co/api/v2/language/3/"},"version_group":{"name":"x-y","url":"http://pokeapi.co/api/v2/version-group/15/"}},{"flavor_text":"でんきを　よびこんで\nとくこうを　あげる。","language":{"name":"ja","url":"http://pokeapi.co/api/v2/language/1/"},"version_group":{"name":"x-y","url":"http://pokeapi.co/api/v2/version-group/15/"}},{"flavor_text":"Draws in all Electric-type\nmoves to up Sp. Attack.","language":{"name":"en","url":"http://pokeapi.co/api/v2/language/9/"},"version_group":{"name":"black-2-white-2","url":"http://pokeapi.co/api/v2/version-group/14/"}},{"flavor_text":"Draws in all Electric-type\nmoves to up Sp. Attack.","language":{"name":"en","url":"http://pokeapi.co/api/v2/language/9/"},"version_group":{"name":"black-white","url":"http://pokeapi.co/api/v2/version-group/11/"}},{"flavor_text":"Attire l’électricité et\naugmente l’Atq. Spé.","language":{"name":"fr","url":"http://pokeapi.co/api/v2/language/5/"},"version_group":{"name":"black-white","url":"http://pokeapi.co/api/v2/version-group/11/"}},{"flavor_text":"The Pokémon draws in all\nElectric-type moves.","language":{"name":"en","url":"http://pokeapi.co/api/v2/language/9/"},"version_group":{"name":"heartgold-soulsilver","url":"http://pokeapi.co/api/v2/version-group/10/"}},{"flavor_text":"The Pokémon draws in all\nElectric-type moves.","language":{"name":"en","url":"http://pokeapi.co/api/v2/language/9/"},"version_group":{"name":"platinum","url":"http://pokeapi.co/api/v2/version-group/9/"}},{"flavor_text":"The Pokémon draws in all\nElectric-type moves.","language":{"name":"en","url":"http://pokeapi.co/api/v2/language/9/"},"version_group":{"name":"diamond-pearl","url":"http://pokeapi.co/api/v2/version-group/8/"}},{"flavor_text":"Draws electrical moves.","language":{"name":"en","url":"http://pokeapi.co/api/v2/language/9/"},"version_group":{"name":"firered-leafgreen","url":"http://pokeapi.co/api/v2/version-group/7/"}},{"flavor_text":"Draws electrical moves.","language":{"name":"en","url":"http://pokeapi.co/api/v2/language/9/"},"version_group":{"name":"emerald","url":"http://pokeapi.co/api/v2/version-group/6/"}},{"flavor_text":"Draws electrical moves.","language":{"name":"en","url":"http://pokeapi.co/api/v2/language/9/"},"version_group":{"name":"ruby-sapphire","url":"http://pokeapi.co/api/v2/version-group/5/"}}],"pokemon":[{"is_hidden":true,"slot":3,"pokemon":{"name":"pikachu","url":"http://pokeapi.co/api/v2/pokemon/25/"}},{"is_hidden":true,"slot":3,"pokemon":{"name":"raichu","url":"http://pokeapi.co/api/v2/pokemon/26/"}},{"is_hidden":false,"slot":2,"pokemon":{"name":"cubone","url":"http://pokeapi.co/api/v2/pokemon/104/"}},{"is_hidden":false,"slot":2,"pokemon":{"name":"marowak","url":"http://pokeapi.co/api/v2/pokemon/105/"}},{"is_hidden":false,"slot":1,"pokemon":{"name":"rhyhorn","url":"http://pokeapi.co/api/v2/pokemon/111/"}},{"is_hidden":false,"slot":1,"pokemon":{"name":"rhydon","url":"http://pokeapi.co/api/v2/pokemon/112/"}},{"is_hidden":true,"slot":3,"pokemon":{"name":"goldeen","url":"http://pokeapi.co/api/v2/pokemon/118/"}},{"is_hidden":true,"slot":3,"pokemon":{"name":"seaking","url":"http://pokeapi.co/api/v2/pokemon/119/"}},{"is_hidden":true,"slot":3,"pokemon":{"name":"pichu","url":"http://pokeapi.co/api/v2/pokemon/172/"}},{"is_hidden":false,"slot":2,"pokemon":{"name":"electrike","url":"http://pokeapi.co/api/v2/pokemon/309/"}},{"is_hidden":false,"slot":2,"pokemon":{"name":"manectric","url":"http://pokeapi.co/api/v2/pokemon/310/"}},{"is_hidden":true,"slot":3,"pokemon":{"name":"plusle","url":"http://pokeapi.co/api/v2/pokemon/311/"}},{"is_hidden":false,"slot":1,"pokemon":{"name":"rhyperior","url":"http://pokeapi.co/api/v2/pokemon/464/"}},{"is_hidden":false,"slot":1,"pokemon":{"name":"blitzle","url":"http://pokeapi.co/api/v2/pokemon/522/"}},{"is_hidden":false,"slot":1,"pokemon":{"name":"zebstrika","url":"http://pokeapi.co/api/v2/pokemon/523/"}},{"is_hidden":false,"slot":1,"pokemon":{"name":"sceptile-mega","url":"http://pokeapi.co/api/v2/pokemon/10065/"}},{"is_hidden":true,"slot":3,"pokemon":{"name":"pikachu-rock-star","url":"http://pokeapi.co/api/v2/pokemon/10080/"}},{"is_hidden":true,"slot":3,"pokemon":{"name":"pikachu-belle","url":"http://pokeapi.co/api/v2/pokemon/10081/"}},{"is_hidden":true,"slot":3,"pokemon":{"name":"pikachu-pop-star","url":"http://pokeapi.co/api/v2/pokemon/10082/"}},{"is_hidden":true,"slot":3,"pokemon":{"name":"pikachu-phd","url":"http://pokeapi.co/api/v2/pokemon/10083/"}},{"is_hidden":true,"slot":3,"pokemon":{"name":"pikachu-libre","url":"http://pokeapi.co/api/v2/pokemon/10084/"}},{"is_hidden":true,"slot":3,"pokemon":{"name":"pikachu-cosplay","url":"http://pokeapi.co/api/v2/pokemon/10085/"}}]}