{"id":102,"name":"leaf-guard","is_main_series":true,"generation":{"name":"generation-iv","url":"http://pokeapi.co/api/v2/generation/4/"},"names":[{"name":"Leaf Guard","language":{"name":"en","url":"http://pokeapi.co/api/v2/language/9/"}},{"name":"Fogliamanto","language":{"name":"it","url":"http://pokeapi.co/api/v2/language/8/"}},{"name":"Defensa Hoja","language":{"name":"es","url":"http://pokeapi.co/api/v2/language/7/"}},{"name":"Floraschild","language":{"name":"de","url":"http://pokeapi.co/api/v2/language/6/"}},{"name":"Feuille Garde","language":{"name":"fr","url":"http://pokeapi.co/api/v2/language/5/"}},{"name":"리프가드","language":{"name":"ko","url":"http://pokeapi.co/api/v2/language/3/"}},{"name":"リーフガード","language":{"name":"ja","url":"http://pokeapi.co/api/v2/language/1/"}}],"effect_entries":[{"effect":"This Pokémon cannot be given a major status ailment during strong sunlight.\n\nThis ability does not heal prior status ailments.  rest will fail altogether with this ability in effect.  yawn will immediately fail if used on this Pokémon during strong sunlight, and an already-used Yawn will fail if the weather turns to strong sunlight in the meantime.","short_effect":"Protects against major status ailments during strong sunlight.","language":{"name":"en","url":"http://pokeapi.co/api/v2/language/9/"}}],"effect_changes":[{"version_group":{"name":"black-white","url":"http://pokeapi.co/api/v2/version-group/11/"},"effect_entries":[{"effect":"rest works as usual during strong sunlight.","language":{"name":"en","url":"http://pokeapi.co/api/v2/language/9/"}}]}],"flavor_text_entries":[{"flavor_text":"晴れのとき\n状態異常に　ならない。","language":{"name":"ja-kanji","url":"http://pokeapi.co/api/v2/language/11/"},"version_group":{"name":"omega-ruby-alpha-sapphire","url":"http://pokeapi.co/api/v2/version-group/16/"}},{"flavor_text":"Prevents status conditions\nin sunny weather.","language":{"name":"en","url":"http://pokeapi.co/api/v2/language/9/"},"version_group":{"name":"omega-ruby-alpha-sapphire","url":"http://pokeapi.co/api/v2/version-group/16/"}},{"flavor_text":"Evita problemi di stato quando\nc’è il sole.","language":{"name":"it","url":"http://pokeapi.co/api/v2/language/8/"},"version_group":{"name":"omega-ruby-alpha-sapphire","url":"http://pokeapi.co/api/v2/version-group/16/"}},{"flavor_text":"Evita los problemas de estado si\nhace sol.","language":{"name":"es","url":"http://pokeapi.co/api/v2/language/7/"},"version_group":{"name":"omega-ruby-alpha-sapphire","url":"http://pokeapi.co/api/v2/version-group/16/"}},{"flavor_text":"Verhindert bei Sonnenschein\nStatusprobleme.","language":{"name":"de","url":"http://pokeapi.co/api/v2/language/6/"},"version_group":{"name":"omega-ruby-alpha-sapphire","url":"http://pokeapi.co/api/v2/version-group/16/"}},{"flavor_text":"Empêche les problèmes de statut\nau soleil.","language":{"name":"fr","url":"http://pokeapi.co/api/v2/language/5/"},"version_group":{"name":"omega-ruby-alpha-sapphire","url":"http://pokeapi.co/api/v2/version-group/16/"}},{"flavor_text":"맑을 때는\n상태 이상이 되지 않는다.","language":{"name":"ko","url":"http://pokeapi.co/api/v2/language/3/"},"version_group":{"name":"omega-ruby-alpha-sapphire","url":"http://pokeapi.co/api/v2/version-group/16/"}},{"flavor_text":"じょうたい　いじょうに\nはれのとき　ならない。","language":{"name":"ja","url":"http://pokeapi.co/api/v2/language/1/"},"version_group":{"name":"omega-ruby-alpha-sapphire","url":"http://pokeapi.co/api/v2/version-group/16/"}},{"flavor_text":"晴れのとき\n状態異常に　ならない。","language":{"name":"ja-kanji","url":"http://pokeapi.co/api/v2/language/11/"},"version_group":{"name":"x-y","url":"http://pokeapi.co/api/v2/version-group/15/"}},{"flavor_text":"Prevents status conditions\nin sunny weather.","language":{"name":"en","url":"http://pokeapi.co/api/v2/language/9/"},"version_group":{"name":"x-y","url":"http://pokeapi.co/api/v2/version-group/15/"}},{"flavor_text":"Evita problemi di stato quando\nc’è il sole.","language":{"name":"it","url":"http://pokeapi.co/api/v2/language/8/"},"version_group":{"name":"x-y","url":"http://pokeapi.co/api/v2/version-group/15/"}},{"flavor_text":"Evita los problemas de estado si\nhace sol.","language":{"name":"es","url":"http://pokeapi.co/api/v2/language/7/"},"version_group":{"name":"x-y","url":"http://pokeapi.co/api/v2/version-group/15/"}},{"flavor_text":"Verhindert bei Sonnenschein\nStatusprobleme.","language":{"name":"de","url":"http://pokeapi.co/api/v2/language/6/"},"version_group":{"name":"x-y","url":"http://pokeapi.co/api/v2/version-group/15/"}},{"flavor_text":"Empêche les problèmes de statut\nau soleil.","language":{"name":"fr","url":"http://pokeapi.co/api/v2/language/5/"},"version_group":{"name":"x-y","url":"http://pokeapi.co/api/v2/version-group/15/"}},{"flavor_text":"맑을 때는\n상태 이상이 되지 않는다.","language":{"name":"ko","url":"http://pokeapi.co/api/v2/language/3/"},"version_group":{"name":"x-y","url":"http://pokeapi.co/api/v2/version-group/15/"}},{"flavor_text":"じょうたい　いじょうに\nはれのとき　ならない。","language":{"name":"ja","url":"http://pokeapi.co/api/v2/language/1/"},"version_group":{"name":"x-y","url":"http://pokeapi.co/api/v2/version-group/15/"}},{"flavor_text":"Prevents problems with\nstatus in sunny weather.","language":{"name":"en","url":"http://pokeapi.co/api/v2/language/9/"},"version_group":{"name":"black-2-white-2","url":"http://pokeapi.co/api/v2/version-group/14/"}},{"flavor_text":"Prevents problems with\nstatus in sunny weather.","language":{"name":"en","url":"http://pokeapi.co/api/v2/language/9/"},"version_group":{"name":"black-white","url":"http://pokeapi.co/api/v2/version-group/11/"}},{"flavor_text":"Empêche les problèmes\nde statut au soleil.","language":{"name":"fr","url":"http://pokeapi.co/api/v2/language/5/"},"version_group":{"name":"black-white","url":"http://pokeapi.co/api/v2/version-group/11/"}},{"flavor_text":"Prevents problems with\nstatus in sunny weather.","language":{"name":"en","url":"http://pokeapi.co/api/v2/language/9/"},"version_group":{"name":"heartgold-soulsilver","url":"http://pokeapi.co/api/v2/version-group/10/"}},{"flavor_text":"Prevents status problems\nin sunny weather.","language":{"name":"en","url":"http://pokeapi.co/api/v2/language/9/"},"version_group":{"name":"platinum","url":"http://pokeapi.co/api/v2/version-group/9/"}},{"flavor_text":"Prevents status problems\nin sunny weather.","language":{"name":"en","url":"http://pokeapi.co/api/v2/language/9/"},"version_group":{"name":"diamond-pearl","url":"http://pokeapi.co/api/v2/version-group/8/"}}],"pokemon":[{"is_hidden":false,"slot":2,"pokemon":{"name":"tangela","url":"http://pokeapi.co/api/v2/pokemon/114/"}},{"is_hidden":true,"slot":3,"pokemon":{"name":"chikorita","url":"http://pokeapi.co/api/v2/pokemon/152/"}},{"is_hidden":true,"slot":3,"pokemon":{"name":"bayleef","url":"http://pokeapi.co/api/v2/pokemon/153/"}},{"is_hidden":true,"slot":3,"pokemon":{"name":"meganium","url":"http://pokeapi.co/api/v2/pokemon/154/"}},{"is_hidden":false,"slot":2,"pokemon":{"name":"hoppip","url":"http://pokeapi.co/api/v2/pokemon/187/"}},{"is_hidden":false,"slot":2,"pokemon":{"name":"skiploom","url":"http://pokeapi.co/api/v2/pokemon/188/"}},{"is_hidden":false,"slot":2,"pokemon":{"name":"jumpluff","url":"http://pokeapi.co/api/v2/pokemon/189/"}},{"is_hidden":true,"slot":3,"pokemon":{"name":"roselia","url":"http://pokeapi.co/api/v2/pokemon/315/"}},{"is_hidden":true,"slot":3,"pokemon":{"name":"budew","url":"http://pokeapi.co/api/v2/pokemon/406/"}},{"is_hidden":false,"slot":2,"pokemon":{"name":"tangrowth","url":"http://pokeapi.co/api/v2/pokemon/465/"}},{"is_hidden":false,"slot":1,"pokemon":{"name":"leafeon","url":"http://pokeapi.co/api/v2/pokemon/470/"}},{"is_hidden":false,"slot":1,"pokemon":{"name":"swadloon","url":"http://pokeapi.co/api/v2/pokemon/541/"}},{"is_hidden":true,"slot":3,"pokemon":{"name":"petilil","url":"http://pokeapi.co/api/v2/pokemon/548/"}},{"is_hidden":true,"slot":3,"pokemon":{"name":"lilligant","url":"http://pokeapi.co/api/v2/pokemon/549/"}}]}