{"id":151,"name":"infiltrator","is_main_series":true,"generation":{"name":"generation-v","url":"http://pokeapi.co/api/v2/generation/5/"},"names":[{"name":"Infiltrator","language":{"name":"en","url":"http://pokeapi.co/api/v2/language/9/"}},{"name":"Intrapasso","language":{"name":"it","url":"http://pokeapi.co/api/v2/language/8/"}},{"name":"Allanamiento","language":{"name":"es","url":"http://pokeapi.co/api/v2/language/7/"}},{"name":"Schwebedurch","language":{"name":"de","url":"http://pokeapi.co/api/v2/language/6/"}},{"name":"Infiltration","language":{"name":"fr","url":"http://pokeapi.co/api/v2/language/5/"}},{"name":"틈새포착","language":{"name":"ko","url":"http://pokeapi.co/api/v2/language/3/"}},{"name":"すりぬけ","language":{"name":"ja","url":"http://pokeapi.co/api/v2/language/1/"}}],"effect_entries":[{"effect":"This Pokémon's moves ignore light screen, reflect, and safeguard.","short_effect":"Bypasses light screen, reflect, and safeguard.","language":{"name":"en","url":"http://pokeapi.co/api/v2/language/9/"}}],"effect_changes":[],"flavor_text_entries":[{"flavor_text":"相手の　かべを\nすりぬけて　攻撃。","language":{"name":"ja-kanji","url":"http://pokeapi.co/api/v2/language/11/"},"version_group":{"name":"omega-ruby-alpha-sapphire","url":"http://pokeapi.co/api/v2/version-group/16/"}},{"flavor_text":"Passes through the opposing\nPokémon’s barrier and strikes.","language":{"name":"en","url":"http://pokeapi.co/api/v2/language/9/"},"version_group":{"name":"omega-ruby-alpha-sapphire","url":"http://pokeapi.co/api/v2/version-group/16/"}},{"flavor_text":"Attacca evitando le barriere\ndel nemico.","language":{"name":"it","url":"http://pokeapi.co/api/v2/language/8/"},"version_group":{"name":"omega-ruby-alpha-sapphire","url":"http://pokeapi.co/api/v2/version-group/16/"}},{"flavor_text":"Ataca rodeando la barrera del\nrival.","language":{"name":"es","url":"http://pokeapi.co/api/v2/language/7/"},"version_group":{"name":"omega-ruby-alpha-sapphire","url":"http://pokeapi.co/api/v2/version-group/16/"}},{"flavor_text":"Überwindet gegnerische Schilde\nund greift an.","language":{"name":"de","url":"http://pokeapi.co/api/v2/language/6/"},"version_group":{"name":"omega-ruby-alpha-sapphire","url":"http://pokeapi.co/api/v2/version-group/16/"}},{"flavor_text":"Traverse les barrières de\nl’ennemi pour attaquer.","language":{"name":"fr","url":"http://pokeapi.co/api/v2/language/5/"},"version_group":{"name":"omega-ruby-alpha-sapphire","url":"http://pokeapi.co/api/v2/version-group/16/"}},{"flavor_text":"상대의 벽을\n뚫고 공격한다.","language":{"name":"ko","url":"http://pokeapi.co/api/v2/language/3/"},"version_group":{"name":"omega-ruby-alpha-sapphire","url":"http://pokeapi.co/api/v2/version-group/16/"}},{"flavor_text":"あいての　かべを\nすりぬけて　こうげき。","language":{"name":"ja","url":"http://pokeapi.co/api/v2/language/1/"},"version_group":{"name":"omega-ruby-alpha-sapphire","url":"http://pokeapi.co/api/v2/version-group/16/"}},{"flavor_text":"相手の　かべを\nすりぬけて　攻撃。","language":{"name":"ja-kanji","url":"http://pokeapi.co/api/v2/language/11/"},"version_group":{"name":"x-y","url":"http://pokeapi.co/api/v2/version-group/15/"}},{"flavor_text":"Passes through the opposing\nPokémon’s barrier and strikes.","language":{"name":"en","url":"http://pokeapi.co/api/v2/language/9/"},"version_group":{"name":"x-y","url":"http://pokeapi.co/api/v2/version-group/15/"}},{"flavor_text":"Attacca evitando le barriere\ndel nemico.","language":{"name":"it","url":"http://pokeapi.co/api/v2/language/8/"},"version_group":{"name":"x-y","url":"http://pokeapi.co/api/v2/version-group/15/"}},{"flavor_text":"Ataca rodeando la barrera del\nrival.","language":{"name":"es","url":"http://pokeapi.co/api/v2/language/7/"},"version_group":{"name":"x-y","url":"http://pokeapi.co/api/v2/version-group/15/"}},{"flavor_text":"Überwindet gegnerische Schilde\nund greift an.","language":{"name":"de","url":"http://pokeapi.co/api/v2/language/6/"},"version_group":{"name":"x-y","url":"http://pokeapi.co/api/v2/version-group/15/"}},{"flavor_text":"Traverse les barrières de\nl’ennemi pour attaquer.","language":{"name":"fr","url":"http://pokeapi.co/api/v2/language/5/"},"version_group":{"name":"x-y","url":"http://pokeapi.co/api/v2/version-group/15/"}},{"flavor_text":"상대의 벽을\n뚫고 공격한다.","language":{"name":"ko","url":"http://pokeapi.co/api/v2/language/3/"},"version_group":{"name":"x-y","url":"http://pokeapi.co/api/v2/version-group/15/"}},{"flavor_text":"あいての　かべを\nすりぬけて　こうげき。","language":{"name":"ja","url":"http://pokeapi.co/api/v2/language/1/"},"version_group":{"name":"x-y","url":"http://pokeapi.co/api/v2/version-group/15/"}},{"flavor_text":"Passes through the foe’s\nbarrier and strikes.","language":{"name":"en","url":"http://pokeapi.co/api/v2/language/9/"},"version_group":{"name":"black-2-white-2","url":"http://pokeapi.co/api/v2/version-group/14/"}},{"flavor_text":"Passes through the foe’s\nbarrier and strikes.","language":{"name":"en","url":"http://pokeapi.co/api/v2/language/9/"},"version_group":{"name":"black-white","url":"http://pokeapi.co/api/v2/version-group/11/"}},{"flavor_text":"Traverse les barrières de\nl’ennemi pour attaquer.","language":{"name":"fr","url":"http://pokeapi.co/api/v2/language/5/"},"version_group":{"name":"black-white","url":"http://pokeapi.co/api/v2/version-group/11/"}}],"pokemon":[{"is_hidden":true,"slot":3,"pokemon":{"name":"zubat","url":"http://pokeapi.co/api/v2/pokemon/41/"}},{"is_hidden":true,"slot":3,"pokemon":{"name":"golbat","url":"http://pokeapi.co/api/v2/pokemon/42/"}},{"is_hidden":true,"slot":3,"pokemon":{"name":"crobat","url":"http://pokeapi.co/api/v2/pokemon/169/"}},{"is_hidden":true,"slot":3,"pokemon":{"name":"hoppip","url":"http://pokeapi.co/api/v2/pokemon/187/"}},{"is_hidden":true,"slot":3,"pokemon":{"name":"skiploom","url":"http://pokeapi.co/api/v2/pokemon/188/"}},{"is_hidden":true,"slot":3,"pokemon":{"name":"jumpluff","url":"http://pokeapi.co/api/v2/pokemon/189/"}},{"is_hidden":true,"slot":3,"pokemon":{"name":"ninjask","url":"http://pokeapi.co/api/v2/pokemon/291/"}},{"is_hidden":true,"slot":3,"pokemon":{"name":"seviper","url":"http://pokeapi.co/api/v2/pokemon/336/"}},{"is_hidden":true,"slot":3,"pokemon":{"name":"spiritomb","url":"http://pokeapi.co/api/v2/pokemon/442/"}},{"is_hidden":false,"slot":2,"pokemon":{"name":"cottonee","url":"http://pokeapi.co/api/v2/pokemon/546/"}},{"is_hidden":false,"slot":2,"pokemon":{"name":"whimsicott","url":"http://pokeapi.co/api/v2/pokemon/547/"}},{"is_hidden":true,"slot":3,"pokemon":{"name":"litwick","url":"http://pokeapi.co/api/v2/pokemon/607/"}},{"is_hidden":true,"slot":3,"pokemon":{"name":"lampent","url":"http://pokeapi.co/api/v2/pokemon/608/"}},{"is_hidden":true,"slot":3,"pokemon":{"name":"chandelure","url":"http://pokeapi.co/api/v2/pokemon/609/"}},{"is_hidden":false,"slot":2,"pokemon":{"name":"espurr","url":"http://pokeapi.co/api/v2/pokemon/677/"}},{"is_hidden":false,"slot":2,"pokemon":{"name":"meowstic-male","url":"http://pokeapi.co/api/v2/pokemon/678/"}},{"is_hidden":true,"slot":3,"pokemon":{"name":"inkay","url":"http://pokeapi.co/api/v2/pokemon/686/"}},{"is_hidden":true,"slot":3,"pokemon":{"name":"malamar","url":"http://pokeapi.co/api/v2/pokemon/687/"}},{"is_hidden":false,"slot":2,"pokemon":{"name":"noibat","url":"http://pokeapi.co/api/v2/pokemon/714/"}},{"is_hidden":false,"slot":2,"pokemon":{"name":"noivern","url":"http://pokeapi.co/api/v2/pokemon/715/"}},{"is_hidden":false,"slot":2,"pokemon":{"name":"meowstic-female","url":"http://pokeapi.co/api/v2/pokemon/10025/"}}]}