{"id":52,"name":"hyper-cutter","is_main_series":true,"generation":{"name":"generation-iii","url":"http://pokeapi.co/api/v2/generation/3/"},"names":[{"name":"Hyper Cutter","language":{"name":"en","url":"http://pokeapi.co/api/v2/language/9/"}},{"name":"Ipertaglio","language":{"name":"it","url":"http://pokeapi.co/api/v2/language/8/"}},{"name":"Corte Fuerte","language":{"name":"es","url":"http://pokeapi.co/api/v2/language/7/"}},{"name":"Scherenmacht","language":{"name":"de","url":"http://pokeapi.co/api/v2/language/6/"}},{"name":"Hyper Cutter","language":{"name":"fr","url":"http://pokeapi.co/api/v2/language/5/"}},{"name":"괴력집게","language":{"name":"ko","url":"http://pokeapi.co/api/v2/language/3/"}},{"name":"かいりきバサミ","language":{"name":"ja","url":"http://pokeapi.co/api/v2/language/1/"}}],"effect_entries":[{"effect":"This Pokémon's Attack cannot be lowered by other Pokémon.\n\nThis ability does not prevent any Attack losses other than stat modifiers, such as the Attack cut from a burn.  This Pokémon can still be passed negative Attack modifiers through heart swap or power swap.","short_effect":"Prevents Attack from being lowered by other Pokémon.","language":{"name":"en","url":"http://pokeapi.co/api/v2/language/9/"}}],"effect_changes":[{"version_group":{"name":"emerald","url":"http://pokeapi.co/api/v2/version-group/6/"},"effect_entries":[{"effect":"Has no overworld effect.","language":{"name":"en","url":"http://pokeapi.co/api/v2/language/9/"}}]},{"version_group":{"name":"diamond-pearl","url":"http://pokeapi.co/api/v2/version-group/8/"},"effect_entries":[{"effect":"Doubles cut's grass-cutting radius on the overworld if any party Pokémon has this ability.","language":{"name":"en","url":"http://pokeapi.co/api/v2/language/9/"}}]}],"flavor_text_entries":[{"flavor_text":"相手に　攻撃を\nさげられない。","language":{"name":"ja-kanji","url":"http://pokeapi.co/api/v2/language/11/"},"version_group":{"name":"omega-ruby-alpha-sapphire","url":"http://pokeapi.co/api/v2/version-group/16/"}},{"flavor_text":"Prevents other Pokémon\nfrom lowering its Attack stat.","language":{"name":"en","url":"http://pokeapi.co/api/v2/language/9/"},"version_group":{"name":"omega-ruby-alpha-sapphire","url":"http://pokeapi.co/api/v2/version-group/16/"}},{"flavor_text":"Evita che la statistica Attacco\nvenga ridotta.","language":{"name":"it","url":"http://pokeapi.co/api/v2/language/8/"},"version_group":{"name":"omega-ruby-alpha-sapphire","url":"http://pokeapi.co/api/v2/version-group/16/"}},{"flavor_text":"Evita que disminuya el Ataque.","language":{"name":"es","url":"http://pokeapi.co/api/v2/language/7/"},"version_group":{"name":"omega-ruby-alpha-sapphire","url":"http://pokeapi.co/api/v2/version-group/16/"}},{"flavor_text":"Hindert Angreifer daran,\nden Angriffs-Wert zu senken.","language":{"name":"de","url":"http://pokeapi.co/api/v2/language/6/"},"version_group":{"name":"omega-ruby-alpha-sapphire","url":"http://pokeapi.co/api/v2/version-group/16/"}},{"flavor_text":"Empêche la réduction de\nl’Attaque.","language":{"name":"fr","url":"http://pokeapi.co/api/v2/language/5/"},"version_group":{"name":"omega-ruby-alpha-sapphire","url":"http://pokeapi.co/api/v2/version-group/16/"}},{"flavor_text":"상대가 공격을\n떨어뜨리지 못한다.","language":{"name":"ko","url":"http://pokeapi.co/api/v2/language/3/"},"version_group":{"name":"omega-ruby-alpha-sapphire","url":"http://pokeapi.co/api/v2/version-group/16/"}},{"flavor_text":"あいてに　こうげきを\nさげられない。","language":{"name":"ja","url":"http://pokeapi.co/api/v2/language/1/"},"version_group":{"name":"omega-ruby-alpha-sapphire","url":"http://pokeapi.co/api/v2/version-group/16/"}},{"flavor_text":"相手に　攻撃を\nさげられない。","language":{"name":"ja-kanji","url":"http://pokeapi.co/api/v2/language/11/"},"version_group":{"name":"x-y","url":"http://pokeapi.co/api/v2/version-group/15/"}},{"flavor_text":"Prevents other Pokémon\nfrom lowering its Attack stat.","language":{"name":"en","url":"http://pokeapi.co/api/v2/language/9/"},"version_group":{"name":"x-y","url":"http://pokeapi.co/api/v2/version-group/15/"}},{"flavor_text":"Evita che la statistica Attacco\nvenga ridotta.","language":{"name":"it","url":"http://pokeapi.co/api/v2/language/8/"},"version_group":{"name":"x-y","url":"http://pokeapi.co/api/v2/version-group/15/"}},{"flavor_text":"Evita que disminuya el Ataque.","language":{"name":"es","url":"http://pokeapi.co/api/v2/language/7/"},"version_group":{"name":"x-y","url":"http://pokeapi.co/api/v2/version-group/15/"}},{"flavor_text":"Hindert Angreifer daran,\nden Angriffs-Wert zu senken.","language":{"name":"de","url":"http://pokeapi.co/api/v2/language/6/"},"version_group":{"name":"x-y","url":"http://pokeapi.co/api/v2/version-group/15/"}},{"flavor_text":"Empêche la réduction de\nl’Attaque.","language":{"name":"fr","url":"http://pokeapi.co/api/v2/language/5/"},"version_group":{"name":"x-y","url":"http://pokeapi.co/api/v2/version-group/15/"}},{"flavor_text":"상대가 공격을\n떨어뜨리지 못한다.","language":{"name":"ko","url":"http://pokeapi.co/api/v2/language/3/"},"version_group":{"name":"x-y","url":"http://pokeapi.co/api/v2/version-group/15/"}},{"flavor_text":"あいてに　こうげきを\nさげられない。","language":{"name":"ja","url":"http://pokeapi.co/api/v2/language/1/"},"version_group":{"name":"x-y","url":"http://pokeapi.co/api/v2/version-group/15/"}},{"flavor_text":"Prevents other Pokémon\nfrom lowering Attack stat.","language":{"name":"en","url":"http://pokeapi.co/api/v2/language/9/"},"version_group":{"name":"black-2-white-2","url":"http://pokeapi.co/api/v2/version-group/14/"}},{"flavor_text":"Prevents other Pokémon\nfrom lowering Attack stat.","language":{"name":"en","url":"http://pokeapi.co/api/v2/language/9/"},"version_group":{"name":"black-white","url":"http://pokeapi.co/api/v2/version-group/11/"}},{"flavor_text":"Empêche la réduction de\nl’Attaque.","language":{"name":"fr","url":"http://pokeapi.co/api/v2/language/5/"},"version_group":{"name":"black-white","url":"http://pokeapi.co/api/v2/version-group/11/"}},{"flavor_text":"Prevents the Attack\nstat from being lowered.","language":{"name":"en","url":"http://pokeapi.co/api/v2/language/9/"},"version_group":{"name":"heartgold-soulsilver","url":"http://pokeapi.co/api/v2/version-group/10/"}},{"flavor_text":"Prevents the Attack stat\nfrom being lowered.","language":{"name":"en","url":"http://pokeapi.co/api/v2/language/9/"},"version_group":{"name":"platinum","url":"http://pokeapi.co/api/v2/version-group/9/"}},{"flavor_text":"Prevents the Attack stat\nfrom being lowered.","language":{"name":"en","url":"http://pokeapi.co/api/v2/language/9/"},"version_group":{"name":"diamond-pearl","url":"http://pokeapi.co/api/v2/version-group/8/"}},{"flavor_text":"Prevents ATTACK reduction.","language":{"name":"en","url":"http://pokeapi.co/api/v2/language/9/"},"version_group":{"name":"firered-leafgreen","url":"http://pokeapi.co/api/v2/version-group/7/"}},{"flavor_text":"Prevents ATTACK reduction.","language":{"name":"en","url":"http://pokeapi.co/api/v2/language/9/"},"version_group":{"name":"emerald","url":"http://pokeapi.co/api/v2/version-group/6/"}},{"flavor_text":"Prevents ATTACK reduction.","language":{"name":"en","url":"http://pokeapi.co/api/v2/language/9/"},"version_group":{"name":"ruby-sapphire","url":"http://pokeapi.co/api/v2/version-group/5/"}}],"pokemon":[{"is_hidden":false,"slot":1,"pokemon":{"name":"krabby","url":"http://pokeapi.co/api/v2/pokemon/98/"}},{"is_hidden":false,"slot":1,"pokemon":{"name":"kingler","url":"http://pokeapi.co/api/v2/pokemon/99/"}},{"is_hidden":false,"slot":1,"pokemon":{"name":"pinsir","url":"http://pokeapi.co/api/v2/pokemon/127/"}},{"is_hidden":false,"slot":1,"pokemon":{"name":"gligar","url":"http://pokeapi.co/api/v2/pokemon/207/"}},{"is_hidden":false,"slot":1,"pokemon":{"name":"mawile","url":"http://pokeapi.co/api/v2/pokemon/303/"}},{"is_hidden":false,"slot":1,"pokemon":{"name":"trapinch","url":"http://pokeapi.co/api/v2/pokemon/328/"}},{"is_hidden":false,"slot":1,"pokemon":{"name":"corphish","url":"http://pokeapi.co/api/v2/pokemon/341/"}},{"is_hidden":false,"slot":1,"pokemon":{"name":"crawdaunt","url":"http://pokeapi.co/api/v2/pokemon/342/"}},{"is_hidden":false,"slot":1,"pokemon":{"name":"gliscor","url":"http://pokeapi.co/api/v2/pokemon/472/"}}]}