{"id":122,"name":"flower-gift","is_main_series":true,"generation":{"name":"generation-iv","url":"http://pokeapi.co/api/v2/generation/4/"},"names":[{"name":"Flower Gift","language":{"name":"en","url":"http://pokeapi.co/api/v2/language/9/"}},{"name":"Regalfiore","language":{"name":"it","url":"http://pokeapi.co/api/v2/language/8/"}},{"name":"Don Floral","language":{"name":"es","url":"http://pokeapi.co/api/v2/language/7/"}},{"name":"Pflanzengabe","language":{"name":"de","url":"http://pokeapi.co/api/v2/language/6/"}},{"name":"Don Floral","language":{"name":"fr","url":"http://pokeapi.co/api/v2/language/5/"}},{"name":"플라워기프트","language":{"name":"ko","url":"http://pokeapi.co/api/v2/language/3/"}},{"name":"フラワーギフト","language":{"name":"ja","url":"http://pokeapi.co/api/v2/language/1/"}}],"effect_entries":[{"effect":"Friendly Pokémon have 1.5× their Attack and Special Defense during strong sunlight if any friendly Pokémon has this ability.\n\nUnlike forecast, multitype, and zen mode, this ability is not tied to its Pokémon's form change; cherrim will switch between its forms even if it loses this ability.  As such, this ability also works if obtained by a Pokémon other than Cherrim.","short_effect":"Increases friendly Pokémon's Attack and Special Defense to 1.5× during strong sunlight.","language":{"name":"en","url":"http://pokeapi.co/api/v2/language/9/"}}],"effect_changes":[],"flavor_text_entries":[{"flavor_text":"晴れのとき　自分と\n味方が　強くなる。","language":{"name":"ja-kanji","url":"http://pokeapi.co/api/v2/language/11/"},"version_group":{"name":"omega-ruby-alpha-sapphire","url":"http://pokeapi.co/api/v2/version-group/16/"}},{"flavor_text":"Powers up party Pokémon\nwhen it is sunny.","language":{"name":"en","url":"http://pokeapi.co/api/v2/language/9/"},"version_group":{"name":"omega-ruby-alpha-sapphire","url":"http://pokeapi.co/api/v2/version-group/16/"}},{"flavor_text":"Se c’è il sole, potenzia chi la usa\ne gli alleati.","language":{"name":"it","url":"http://pokeapi.co/api/v2/language/8/"},"version_group":{"name":"omega-ruby-alpha-sapphire","url":"http://pokeapi.co/api/v2/version-group/16/"}},{"flavor_text":"Potencia a todos los Pokémon\ndel equipo si está soleado.","language":{"name":"es","url":"http://pokeapi.co/api/v2/language/7/"},"version_group":{"name":"omega-ruby-alpha-sapphire","url":"http://pokeapi.co/api/v2/version-group/16/"}},{"flavor_text":"Steigert bei Sonne die Effektivität\naller Team-Pokémon.","language":{"name":"de","url":"http://pokeapi.co/api/v2/language/6/"},"version_group":{"name":"omega-ruby-alpha-sapphire","url":"http://pokeapi.co/api/v2/version-group/16/"}},{"flavor_text":"Rend les Pokémon de l’équipe\nplus puissants au soleil.","language":{"name":"fr","url":"http://pokeapi.co/api/v2/language/5/"},"version_group":{"name":"omega-ruby-alpha-sapphire","url":"http://pokeapi.co/api/v2/version-group/16/"}},{"flavor_text":"맑을 때 자신과\n같은 편이 강해진다.","language":{"name":"ko","url":"http://pokeapi.co/api/v2/language/3/"},"version_group":{"name":"omega-ruby-alpha-sapphire","url":"http://pokeapi.co/api/v2/version-group/16/"}},{"flavor_text":"はれのとき　じぶんと\n かたが　つよくなる。","language":{"name":"ja","url":"http://pokeapi.co/api/v2/language/1/"},"version_group":{"name":"omega-ruby-alpha-sapphire","url":"http://pokeapi.co/api/v2/version-group/16/"}},{"flavor_text":"晴れのとき　自分と\n味方が　強くなる。","language":{"name":"ja-kanji","url":"http://pokeapi.co/api/v2/language/11/"},"version_group":{"name":"x-y","url":"http://pokeapi.co/api/v2/version-group/15/"}},{"flavor_text":"Powers up party Pokémon\nwhen it is sunny.","language":{"name":"en","url":"http://pokeapi.co/api/v2/language/9/"},"version_group":{"name":"x-y","url":"http://pokeapi.co/api/v2/version-group/15/"}},{"flavor_text":"Se c’è il sole, potenzia\ni Pokémon alleati.","language":{"name":"it","url":"http://pokeapi.co/api/v2/language/8/"},"version_group":{"name":"x-y","url":"http://pokeapi.co/api/v2/version-group/15/"}},{"flavor_text":"Potencia los Pokémon del equipo\nsi está soleado.","language":{"name":"es","url":"http://pokeapi.co/api/v2/language/7/"},"version_group":{"name":"x-y","url":"http://pokeapi.co/api/v2/version-group/15/"}},{"flavor_text":"Steigert bei Sonne die Effektivität\nvon allen Team-Pokémon.","language":{"name":"de","url":"http://pokeapi.co/api/v2/language/6/"},"version_group":{"name":"x-y","url":"http://pokeapi.co/api/v2/version-group/15/"}},{"flavor_text":"Rend les Pokémon de l’équipe\nplus puissants au soleil.","language":{"name":"fr","url":"http://pokeapi.co/api/v2/language/5/"},"version_group":{"name":"x-y","url":"http://pokeapi.co/api/v2/version-group/15/"}},{"flavor_text":"맑을 때 자신과\n같은 편이 강해진다.","language":{"name":"ko","url":"http://pokeapi.co/api/v2/language/3/"},"version_group":{"name":"x-y","url":"http://pokeapi.co/api/v2/version-group/15/"}},{"flavor_text":"はれのとき　じぶんと\nみかたが　つよくなる。","language":{"name":"ja","url":"http://pokeapi.co/api/v2/language/1/"},"version_group":{"name":"x-y","url":"http://pokeapi.co/api/v2/version-group/15/"}},{"flavor_text":"Powers up party Pokémon\nwhen it is sunny.","language":{"name":"en","url":"http://pokeapi.co/api/v2/language/9/"},"version_group":{"name":"black-2-white-2","url":"http://pokeapi.co/api/v2/version-group/14/"}},{"flavor_text":"Powers up party Pokémon\nwhen it is sunny.","language":{"name":"en","url":"http://pokeapi.co/api/v2/language/9/"},"version_group":{"name":"black-white","url":"http://pokeapi.co/api/v2/version-group/11/"}},{"flavor_text":"Pokémon de l’équipe plus\npuissants au soleil.","language":{"name":"fr","url":"http://pokeapi.co/api/v2/language/5/"},"version_group":{"name":"black-white","url":"http://pokeapi.co/api/v2/version-group/11/"}},{"flavor_text":"Powers up party Pokémon\nwhen it is sunny.","language":{"name":"en","url":"http://pokeapi.co/api/v2/language/9/"},"version_group":{"name":"heartgold-soulsilver","url":"http://pokeapi.co/api/v2/version-group/10/"}},{"flavor_text":"Powers up party Pokémon\nwhen it is sunny.","language":{"name":"en","url":"http://pokeapi.co/api/v2/language/9/"},"version_group":{"name":"platinum","url":"http://pokeapi.co/api/v2/version-group/9/"}},{"flavor_text":"Powers up party Pokémon\nwhen it is sunny.","language":{"name":"en","url":"http://pokeapi.co/api/v2/language/9/"},"version_group":{"name":"diamond-pearl","url":"http://pokeapi.co/api/v2/version-group/8/"}}],"pokemon":[{"is_hidden":false,"slot":1,"pokemon":{"name":"cherrim","url":"http://pokeapi.co/api/v2/pokemon/421/"}}]}