{"id":168,"name":"protean","is_main_series":true,"generation":{"name":"generation-vi","url":"http://pokeapi.co/api/v2/generation/6/"},"names":[{"name":"Protean","language":{"name":"en","url":"http://pokeapi.co/api/v2/language/9/"}},{"name":"Mutatipo","language":{"name":"it","url":"http://pokeapi.co/api/v2/language/8/"}},{"name":"Mutatipo","language":{"name":"es","url":"http://pokeapi.co/api/v2/language/7/"}},{"name":"Wandlungskunst","language":{"name":"de","url":"http://pokeapi.co/api/v2/language/6/"}},{"name":"Protéen","language":{"name":"fr","url":"http://pokeapi.co/api/v2/language/5/"}},{"name":"변환자재","language":{"name":"ko","url":"http://pokeapi.co/api/v2/language/3/"}},{"name":"へんげんじざい","language":{"name":"ja","url":"http://pokeapi.co/api/v2/language/1/"}}],"effect_entries":[{"effect":"Changes the bearer's type to match each move it uses.\n\nThe type change takes place just before the move is used.","short_effect":"Changes the bearer's type to match each move it uses.","language":{"name":"en","url":"http://pokeapi.co/api/v2/language/9/"}}],"effect_changes":[],"flavor_text_entries":[{"flavor_text":"だした　技と　同じ\nタイプに　変化する。","language":{"name":"ja-kanji","url":"http://pokeapi.co/api/v2/language/11/"},"version_group":{"name":"omega-ruby-alpha-sapphire","url":"http://pokeapi.co/api/v2/version-group/16/"}},{"flavor_text":"Changes the Pokémon’s type to\nthe type of the move it’s using.","language":{"name":"en","url":"http://pokeapi.co/api/v2/language/9/"},"version_group":{"name":"omega-ruby-alpha-sapphire","url":"http://pokeapi.co/api/v2/version-group/16/"}},{"flavor_text":"Cambia il tipo del Pokémon in\nquello della mossa usata.","language":{"name":"it","url":"http://pokeapi.co/api/v2/language/8/"},"version_group":{"name":"omega-ruby-alpha-sapphire","url":"http://pokeapi.co/api/v2/version-group/16/"}},{"flavor_text":"Cambia su tipo al del movimiento\nque acaba de usar.","language":{"name":"es","url":"http://pokeapi.co/api/v2/language/7/"},"version_group":{"name":"omega-ruby-alpha-sapphire","url":"http://pokeapi.co/api/v2/version-group/16/"}},{"flavor_text":"Das Pokémon nimmt bei Einsatz\neiner Attacke deren Typ an.","language":{"name":"de","url":"http://pokeapi.co/api/v2/language/6/"},"version_group":{"name":"omega-ruby-alpha-sapphire","url":"http://pokeapi.co/api/v2/version-group/16/"}},{"flavor_text":"Le Pokémon prend le type de sa\ndernière capacité lancée.","language":{"name":"fr","url":"http://pokeapi.co/api/v2/language/5/"},"version_group":{"name":"omega-ruby-alpha-sapphire","url":"http://pokeapi.co/api/v2/version-group/16/"}},{"flavor_text":"사용한 기술과 같은\n타입으로 변화한다.","language":{"name":"ko","url":"http://pokeapi.co/api/v2/language/3/"},"version_group":{"name":"omega-ruby-alpha-sapphire","url":"http://pokeapi.co/api/v2/version-group/16/"}},{"flavor_text":"だした　わざと　おなじ\nタイプに　へんかする。","language":{"name":"ja","url":"http://pokeapi.co/api/v2/language/1/"},"version_group":{"name":"omega-ruby-alpha-sapphire","url":"http://pokeapi.co/api/v2/version-group/16/"}},{"flavor_text":"だした　技と　同じ\nタイプに　変化する。","language":{"name":"ja-kanji","url":"http://pokeapi.co/api/v2/language/11/"},"version_group":{"name":"x-y","url":"http://pokeapi.co/api/v2/version-group/15/"}},{"flavor_text":"Changes the Pokémon’s type to\nthe type of the move it’s using.","language":{"name":"en","url":"http://pokeapi.co/api/v2/language/9/"},"version_group":{"name":"x-y","url":"http://pokeapi.co/api/v2/version-group/15/"}},{"flavor_text":"Cambia il tipo del Pokémon in\nquello della mossa usata.","language":{"name":"it","url":"http://pokeapi.co/api/v2/language/8/"},"version_group":{"name":"x-y","url":"http://pokeapi.co/api/v2/version-group/15/"}},{"flavor_text":"Cambia su tipo al del movimiento\nque acaba de usar.","language":{"name":"es","url":"http://pokeapi.co/api/v2/language/7/"},"version_group":{"name":"x-y","url":"http://pokeapi.co/api/v2/version-group/15/"}},{"flavor_text":"Das Pokémon nimmt bei Einsatz\neiner Attacke deren Typ an.","language":{"name":"de","url":"http://pokeapi.co/api/v2/language/6/"},"version_group":{"name":"x-y","url":"http://pokeapi.co/api/v2/version-group/15/"}},{"flavor_text":"Le Pokémon prend le type de sa\ndernière capacité lancée.","language":{"name":"fr","url":"http://pokeapi.co/api/v2/language/5/"},"version_group":{"name":"x-y","url":"http://pokeapi.co/api/v2/version-group/15/"}},{"flavor_text":"사용한 기술과 같은\n타입으로 변화한다.","language":{"name":"ko","url":"http://pokeapi.co/api/v2/language/3/"},"version_group":{"name":"x-y","url":"http://pokeapi.co/api/v2/version-group/15/"}},{"flavor_text":"だした　わざと　おなじ\nタイプに　へんかする。","language":{"name":"ja","url":"http://pokeapi.co/api/v2/language/1/"},"version_group":{"name":"x-y","url":"http://pokeapi.co/api/v2/version-group/15/"}}],"pokemon":[{"is_hidden":true,"slot":3,"pokemon":{"name":"kecleon","url":"http://pokeapi.co/api/v2/pokemon/352/"}},{"is_hidden":true,"slot":3,"pokemon":{"name":"froakie","url":"http://pokeapi.co/api/v2/pokemon/656/"}},{"is_hidden":true,"slot":3,"pokemon":{"name":"frogadier","url":"http://pokeapi.co/api/v2/pokemon/657/"}},{"is_hidden":true,"slot":3,"pokemon":{"name":"greninja","url":"http://pokeapi.co/api/v2/pokemon/658/"}}]}