{"id":67,"name":"torrent","is_main_series":true,"generation":{"name":"generation-iii","url":"http://pokeapi.co/api/v2/generation/3/"},"names":[{"name":"Torrent","language":{"name":"en","url":"http://pokeapi.co/api/v2/language/9/"}},{"name":"Acquaiuto","language":{"name":"it","url":"http://pokeapi.co/api/v2/language/8/"}},{"name":"Torrente","language":{"name":"es","url":"http://pokeapi.co/api/v2/language/7/"}},{"name":"Sturzbach","language":{"name":"de","url":"http://pokeapi.co/api/v2/language/6/"}},{"name":"Torrent","language":{"name":"fr","url":"http://pokeapi.co/api/v2/language/5/"}},{"name":"급류","language":{"name":"ko","url":"http://pokeapi.co/api/v2/language/3/"}},{"name":"げきりゅう","language":{"name":"ja","url":"http://pokeapi.co/api/v2/language/1/"}}],"effect_entries":[{"effect":"When this Pokémon has 1/3 or less of its HP remaining, its water-type moves inflict 1.5× as much regular damage.","short_effect":"Strengthens water moves to inflict 1.5× damage at 1/3 max HP or less.","language":{"name":"en","url":"http://pokeapi.co/api/v2/language/9/"}}],"effect_changes":[],"flavor_text_entries":[{"flavor_text":"ピンチのとき　 ずの\n威力が　あがる。","language":{"name":"ja-kanji","url":"http://pokeapi.co/api/v2/language/11/"},"version_group":{"name":"omega-ruby-alpha-sapphire","url":"http://pokeapi.co/api/v2/version-group/16/"}},{"flavor_text":"Powers up Water-type moves\nwhen the Pokémon is in trouble.","language":{"name":"en","url":"http://pokeapi.co/api/v2/language/9/"},"version_group":{"name":"omega-ruby-alpha-sapphire","url":"http://pokeapi.co/api/v2/version-group/16/"}},{"flavor_text":"Quando si è in difficoltà, potenzia  \nle mosse di tipo Acqua.","language":{"name":"it","url":"http://pokeapi.co/api/v2/language/8/"},"version_group":{"name":"omega-ruby-alpha-sapphire","url":"http://pokeapi.co/api/v2/version-group/16/"}},{"flavor_text":"Potencia los ataques de tipo\nAgua en un apuro.","language":{"name":"es","url":"http://pokeapi.co/api/v2/language/7/"},"version_group":{"name":"omega-ruby-alpha-sapphire","url":"http://pokeapi.co/api/v2/version-group/16/"}},{"flavor_text":"Erhöht in Notfällen die Stärke\nvon Wasser-Attacken.","language":{"name":"de","url":"http://pokeapi.co/api/v2/language/6/"},"version_group":{"name":"omega-ruby-alpha-sapphire","url":"http://pokeapi.co/api/v2/version-group/16/"}},{"flavor_text":"Booste les capacités Eau en\ncas de besoin.","language":{"name":"fr","url":"http://pokeapi.co/api/v2/language/5/"},"version_group":{"name":"omega-ruby-alpha-sapphire","url":"http://pokeapi.co/api/v2/version-group/16/"}},{"flavor_text":"위급할 때 물타입의\n위력이 올라간다.","language":{"name":"ko","url":"http://pokeapi.co/api/v2/language/3/"},"version_group":{"name":"omega-ruby-alpha-sapphire","url":"http://pokeapi.co/api/v2/version-group/16/"}},{"flavor_text":"ピンチのとき　 ずの\nいりょくが　あがる。","language":{"name":"ja","url":"http://pokeapi.co/api/v2/language/1/"},"version_group":{"name":"omega-ruby-alpha-sapphire","url":"http://pokeapi.co/api/v2/version-group/16/"}},{"flavor_text":"ピンチのとき　みずの\n威力が　あがる。","language":{"name":"ja-kanji","url":"http://pokeapi.co/api/v2/language/11/"},"version_group":{"name":"x-y","url":"http://pokeapi.co/api/v2/version-group/15/"}},{"flavor_text":"Powers up Water-type moves\nwhen the Pokémon is in trouble.","language":{"name":"en","url":"http://pokeapi.co/api/v2/language/9/"},"version_group":{"name":"x-y","url":"http://pokeapi.co/api/v2/version-group/15/"}},{"flavor_text":"Quando si è in difficoltà, potenzia\nle mosse di tipo Acqua.","language":{"name":"it","url":"http://pokeapi.co/api/v2/language/8/"},"version_group":{"name":"x-y","url":"http://pokeapi.co/api/v2/version-group/15/"}},{"flavor_text":"Potencia los ataques de tipo\nAgua en un apuro.","language":{"name":"es","url":"http://pokeapi.co/api/v2/language/7/"},"version_group":{"name":"x-y","url":"http://pokeapi.co/api/v2/version-group/15/"}},{"flavor_text":"Erhöht in Notfällen die Stärke\nvon Wasser-Attacken.","language":{"name":"de","url":"http://pokeapi.co/api/v2/language/6/"},"version_group":{"name":"x-y","url":"http://pokeapi.co/api/v2/version-group/15/"}},{"flavor_text":"Booste les capacités Eau en\ncas de besoin.","language":{"name":"fr","url":"http://pokeapi.co/api/v2/language/5/"},"version_group":{"name":"x-y","url":"http://pokeapi.co/api/v2/version-group/15/"}},{"flavor_text":"위급할 때 물타입의\n위력이 올라간다.","language":{"name":"ko","url":"http://pokeapi.co/api/v2/language/3/"},"version_group":{"name":"x-y","url":"http://pokeapi.co/api/v2/version-group/15/"}},{"flavor_text":"ピンチのとき　みずの\nいりょくが　あがる。","language":{"name":"ja","url":"http://pokeapi.co/api/v2/language/1/"},"version_group":{"name":"x-y","url":"http://pokeapi.co/api/v2/version-group/15/"}},{"flavor_text":"Powers up Water-type\nmoves in a pinch.","language":{"name":"en","url":"http://pokeapi.co/api/v2/language/9/"},"version_group":{"name":"black-2-white-2","url":"http://pokeapi.co/api/v2/version-group/14/"}},{"flavor_text":"Powers up Water-type\nmoves in a pinch.","language":{"name":"en","url":"http://pokeapi.co/api/v2/language/9/"},"version_group":{"name":"black-white","url":"http://pokeapi.co/api/v2/version-group/11/"}},{"flavor_text":"Booste les capacités\nEau en cas de besoin.","language":{"name":"fr","url":"http://pokeapi.co/api/v2/language/5/"},"version_group":{"name":"black-white","url":"http://pokeapi.co/api/v2/version-group/11/"}},{"flavor_text":"Powers up Water-type\nmoves in a pinch.","language":{"name":"en","url":"http://pokeapi.co/api/v2/language/9/"},"version_group":{"name":"heartgold-soulsilver","url":"http://pokeapi.co/api/v2/version-group/10/"}},{"flavor_text":"Powers up Water-type\nmoves in a pinch.","language":{"name":"en","url":"http://pokeapi.co/api/v2/language/9/"},"version_group":{"name":"platinum","url":"http://pokeapi.co/api/v2/version-group/9/"}},{"flavor_text":"Powers up Water-type\nmoves in a pinch.","language":{"name":"en","url":"http://pokeapi.co/api/v2/language/9/"},"version_group":{"name":"diamond-pearl","url":"http://pokeapi.co/api/v2/version-group/8/"}},{"flavor_text":"Ups WATER moves in a pinch.","language":{"name":"en","url":"http://pokeapi.co/api/v2/language/9/"},"version_group":{"name":"firered-leafgreen","url":"http://pokeapi.co/api/v2/version-group/7/"}},{"flavor_text":"Ups WATER moves in a pinch.","language":{"name":"en","url":"http://pokeapi.co/api/v2/language/9/"},"version_group":{"name":"emerald","url":"http://pokeapi.co/api/v2/version-group/6/"}},{"flavor_text":"Ups WATER moves in a pinch.","language":{"name":"en","url":"http://pokeapi.co/api/v2/language/9/"},"version_group":{"name":"ruby-sapphire","url":"http://pokeapi.co/api/v2/version-group/5/"}}],"pokemon":[{"is_hidden":false,"slot":1,"pokemon":{"name":"squirtle","url":"http://pokeapi.co/api/v2/pokemon/7/"}},{"is_hidden":false,"slot":1,"pokemon":{"name":"wartortle","url":"http://pokeapi.co/api/v2/pokemon/8/"}},{"is_hidden":false,"slot":1,"pokemon":{"name":"blastoise","url":"http://pokeapi.co/api/v2/pokemon/9/"}},{"is_hidden":false,"slot":1,"pokemon":{"name":"totodile","url":"http://pokeapi.co/api/v2/pokemon/158/"}},{"is_hidden":false,"slot":1,"pokemon":{"name":"croconaw","url":"http://pokeapi.co/api/v2/pokemon/159/"}},{"is_hidden":false,"slot":1,"pokemon":{"name":"feraligatr","url":"http://pokeapi.co/api/v2/pokemon/160/"}},{"is_hidden":false,"slot":1,"pokemon":{"name":"mudkip","url":"http://pokeapi.co/api/v2/pokemon/258/"}},{"is_hidden":false,"slot":1,"pokemon":{"name":"marshtomp","url":"http://pokeapi.co/api/v2/pokemon/259/"}},{"is_hidden":false,"slot":1,"pokemon":{"name":"swampert","url":"http://pokeapi.co/api/v2/pokemon/260/"}},{"is_hidden":false,"slot":1,"pokemon":{"name":"piplup","url":"http://pokeapi.co/api/v2/pokemon/393/"}},{"is_hidden":false,"slot":1,"pokemon":{"name":"prinplup","url":"http://pokeapi.co/api/v2/pokemon/394/"}},{"is_hidden":false,"slot":1,"pokemon":{"name":"empoleon","url":"http://pokeapi.co/api/v2/pokemon/395/"}},{"is_hidden":false,"slot":1,"pokemon":{"name":"oshawott","url":"http://pokeapi.co/api/v2/pokemon/501/"}},{"is_hidden":false,"slot":1,"pokemon":{"name":"dewott","url":"http://pokeapi.co/api/v2/pokemon/502/"}},{"is_hidden":false,"slot":1,"pokemon":{"name":"samurott","url":"http://pokeapi.co/api/v2/pokemon/503/"}},{"is_hidden":true,"slot":3,"pokemon":{"name":"panpour","url":"http://pokeapi.co/api/v2/pokemon/515/"}},{"is_hidden":true,"slot":3,"pokemon":{"name":"simipour","url":"http://pokeapi.co/api/v2/pokemon/516/"}},{"is_hidden":false,"slot":1,"pokemon":{"name":"froakie","url":"http://pokeapi.co/api/v2/pokemon/656/"}},{"is_hidden":false,"slot":1,"pokemon":{"name":"frogadier","url":"http://pokeapi.co/api/v2/pokemon/657/"}},{"is_hidden":false,"slot":1,"pokemon":{"name":"greninja","url":"http://pokeapi.co/api/v2/pokemon/658/"}}]}