{"id":65,"name":"overgrow","is_main_series":true,"generation":{"name":"generation-iii","url":"http://pokeapi.co/api/v2/generation/3/"},"names":[{"name":"Overgrow","language":{"name":"en","url":"http://pokeapi.co/api/v2/language/9/"}},{"name":"Erbaiuto","language":{"name":"it","url":"http://pokeapi.co/api/v2/language/8/"}},{"name":"Espesura","language":{"name":"es","url":"http://pokeapi.co/api/v2/language/7/"}},{"name":"Notdünger","language":{"name":"de","url":"http://pokeapi.co/api/v2/language/6/"}},{"name":"Engrais","language":{"name":"fr","url":"http://pokeapi.co/api/v2/language/5/"}},{"name":"심록","language":{"name":"ko","url":"http://pokeapi.co/api/v2/language/3/"}},{"name":"しんりょく","language":{"name":"ja","url":"http://pokeapi.co/api/v2/language/1/"}}],"effect_entries":[{"effect":"When this Pokémon has 1/3 or less of its HP remaining, its grass-type moves inflict 1.5× as much regular damage.","short_effect":"Strengthens grass moves to inflict 1.5× damage at 1/3 max HP or less.","language":{"name":"en","url":"http://pokeapi.co/api/v2/language/9/"}}],"effect_changes":[],"flavor_text_entries":[{"flavor_text":"ピンチのとき　くさの\n威力が　あがる。","language":{"name":"ja-kanji","url":"http://pokeapi.co/api/v2/language/11/"},"version_group":{"name":"omega-ruby-alpha-sapphire","url":"http://pokeapi.co/api/v2/version-group/16/"}},{"flavor_text":"Powers up Grass-type moves\nwhen the Pokémon is in trouble.","language":{"name":"en","url":"http://pokeapi.co/api/v2/language/9/"},"version_group":{"name":"omega-ruby-alpha-sapphire","url":"http://pokeapi.co/api/v2/version-group/16/"}},{"flavor_text":"Quando si è in difficoltà, potenzia  \nle mosse di tipo Erba.","language":{"name":"it","url":"http://pokeapi.co/api/v2/language/8/"},"version_group":{"name":"omega-ruby-alpha-sapphire","url":"http://pokeapi.co/api/v2/version-group/16/"}},{"flavor_text":"Potencia los ataques de tipo\nPlanta en un apuro.","language":{"name":"es","url":"http://pokeapi.co/api/v2/language/7/"},"version_group":{"name":"omega-ruby-alpha-sapphire","url":"http://pokeapi.co/api/v2/version-group/16/"}},{"flavor_text":"Erhöht in Notfällen die Stärke\nvon Pflanzen-Attacken.","language":{"name":"de","url":"http://pokeapi.co/api/v2/language/6/"},"version_group":{"name":"omega-ruby-alpha-sapphire","url":"http://pokeapi.co/api/v2/version-group/16/"}},{"flavor_text":"Booste les capacités Plante en\ncas de besoin.","language":{"name":"fr","url":"http://pokeapi.co/api/v2/language/5/"},"version_group":{"name":"omega-ruby-alpha-sapphire","url":"http://pokeapi.co/api/v2/version-group/16/"}},{"flavor_text":"위급할 때 풀타입의\n위력이 올라간다.","language":{"name":"ko","url":"http://pokeapi.co/api/v2/language/3/"},"version_group":{"name":"omega-ruby-alpha-sapphire","url":"http://pokeapi.co/api/v2/version-group/16/"}},{"flavor_text":"ピンチのとき　くさの\nいりょくが　あがる。","language":{"name":"ja","url":"http://pokeapi.co/api/v2/language/1/"},"version_group":{"name":"omega-ruby-alpha-sapphire","url":"http://pokeapi.co/api/v2/version-group/16/"}},{"flavor_text":"ピンチのとき　くさの\n威力が　あがる。","language":{"name":"ja-kanji","url":"http://pokeapi.co/api/v2/language/11/"},"version_group":{"name":"x-y","url":"http://pokeapi.co/api/v2/version-group/15/"}},{"flavor_text":"Powers up Grass-type moves\nwhen the Pokémon is in trouble.","language":{"name":"en","url":"http://pokeapi.co/api/v2/language/9/"},"version_group":{"name":"x-y","url":"http://pokeapi.co/api/v2/version-group/15/"}},{"flavor_text":"Quando si è in difficoltà, potenzia\nle mosse di tipo Erba.","language":{"name":"it","url":"http://pokeapi.co/api/v2/language/8/"},"version_group":{"name":"x-y","url":"http://pokeapi.co/api/v2/version-group/15/"}},{"flavor_text":"Potencia los ataques de tipo\nPlanta en un apuro.","language":{"name":"es","url":"http://pokeapi.co/api/v2/language/7/"},"version_group":{"name":"x-y","url":"http://pokeapi.co/api/v2/version-group/15/"}},{"flavor_text":"Erhöht in Notfällen die Stärke\nvon Pflanzen-Attacken.","language":{"name":"de","url":"http://pokeapi.co/api/v2/language/6/"},"version_group":{"name":"x-y","url":"http://pokeapi.co/api/v2/version-group/15/"}},{"flavor_text":"Booste les capacités Plante en\ncas de besoin.","language":{"name":"fr","url":"http://pokeapi.co/api/v2/language/5/"},"version_group":{"name":"x-y","url":"http://pokeapi.co/api/v2/version-group/15/"}},{"flavor_text":"위급할 때 풀타입의\n위력이 올라간다.","language":{"name":"ko","url":"http://pokeapi.co/api/v2/language/3/"},"version_group":{"name":"x-y","url":"http://pokeapi.co/api/v2/version-group/15/"}},{"flavor_text":"ピンチのとき　くさの\nいりょくが　あがる。","language":{"name":"ja","url":"http://pokeapi.co/api/v2/language/1/"},"version_group":{"name":"x-y","url":"http://pokeapi.co/api/v2/version-group/15/"}},{"flavor_text":"Powers up Grass-type\nmoves in a pinch.","language":{"name":"en","url":"http://pokeapi.co/api/v2/language/9/"},"version_group":{"name":"black-2-white-2","url":"http://pokeapi.co/api/v2/version-group/14/"}},{"flavor_text":"Powers up Grass-type\nmoves in a pinch.","language":{"name":"en","url":"http://pokeapi.co/api/v2/language/9/"},"version_group":{"name":"black-white","url":"http://pokeapi.co/api/v2/version-group/11/"}},{"flavor_text":"Booste les capacités\nPlante en cas de besoin.","language":{"name":"fr","url":"http://pokeapi.co/api/v2/language/5/"},"version_group":{"name":"black-white","url":"http://pokeapi.co/api/v2/version-group/11/"}},{"flavor_text":"Powers up Grass-type\nmoves in a pinch.","language":{"name":"en","url":"http://pokeapi.co/api/v2/language/9/"},"version_group":{"name":"heartgold-soulsilver","url":"http://pokeapi.co/api/v2/version-group/10/"}},{"flavor_text":"Powers up Grass-type\nmoves in a pinch.","language":{"name":"en","url":"http://pokeapi.co/api/v2/language/9/"},"version_group":{"name":"platinum","url":"http://pokeapi.co/api/v2/version-group/9/"}},{"flavor_text":"Powers up Grass-type\nmoves in a pinch.","language":{"name":"en","url":"http://pokeapi.co/api/v2/language/9/"},"version_group":{"name":"diamond-pearl","url":"http://pokeapi.co/api/v2/version-group/8/"}},{"flavor_text":"Ups GRASS moves in a pinch.","language":{"name":"en","url":"http://pokeapi.co/api/v2/language/9/"},"version_group":{"name":"firered-leafgreen","url":"http://pokeapi.co/api/v2/version-group/7/"}},{"flavor_text":"Ups GRASS moves in a pinch.","language":{"name":"en","url":"http://pokeapi.co/api/v2/language/9/"},"version_group":{"name":"emerald","url":"http://pokeapi.co/api/v2/version-group/6/"}},{"flavor_text":"Ups GRASS moves in a pinch.","language":{"name":"en","url":"http://pokeapi.co/api/v2/language/9/"},"version_group":{"name":"ruby-sapphire","url":"http://pokeapi.co/api/v2/version-group/5/"}}],"pokemon":[{"is_hidden":false,"slot":1,"pokemon":{"name":"bulbasaur","url":"http://pokeapi.co/api/v2/pokemon/1/"}},{"is_hidden":false,"slot":1,"pokemon":{"name":"ivysaur","url":"http://pokeapi.co/api/v2/pokemon/2/"}},{"is_hidden":false,"slot":1,"pokemon":{"name":"venusaur","url":"http://pokeapi.co/api/v2/pokemon/3/"}},{"is_hidden":false,"slot":1,"pokemon":{"name":"chikorita","url":"http://pokeapi.co/api/v2/pokemon/152/"}},{"is_hidden":false,"slot":1,"pokemon":{"name":"bayleef","url":"http://pokeapi.co/api/v2/pokemon/153/"}},{"is_hidden":false,"slot":1,"pokemon":{"name":"meganium","url":"http://pokeapi.co/api/v2/pokemon/154/"}},{"is_hidden":false,"slot":1,"pokemon":{"name":"treecko","url":"http://pokeapi.co/api/v2/pokemon/252/"}},{"is_hidden":false,"slot":1,"pokemon":{"name":"grovyle","url":"http://pokeapi.co/api/v2/pokemon/253/"}},{"is_hidden":false,"slot":1,"pokemon":{"name":"sceptile","url":"http://pokeapi.co/api/v2/pokemon/254/"}},{"is_hidden":false,"slot":1,"pokemon":{"name":"turtwig","url":"http://pokeapi.co/api/v2/pokemon/387/"}},{"is_hidden":false,"slot":1,"pokemon":{"name":"grotle","url":"http://pokeapi.co/api/v2/pokemon/388/"}},{"is_hidden":false,"slot":1,"pokemon":{"name":"torterra","url":"http://pokeapi.co/api/v2/pokemon/389/"}},{"is_hidden":false,"slot":1,"pokemon":{"name":"snivy","url":"http://pokeapi.co/api/v2/pokemon/495/"}},{"is_hidden":false,"slot":1,"pokemon":{"name":"servine","url":"http://pokeapi.co/api/v2/pokemon/496/"}},{"is_hidden":false,"slot":1,"pokemon":{"name":"serperior","url":"http://pokeapi.co/api/v2/pokemon/497/"}},{"is_hidden":true,"slot":3,"pokemon":{"name":"pansage","url":"http://pokeapi.co/api/v2/pokemon/511/"}},{"is_hidden":true,"slot":3,"pokemon":{"name":"simisage","url":"http://pokeapi.co/api/v2/pokemon/512/"}},{"is_hidden":false,"slot":1,"pokemon":{"name":"chespin","url":"http://pokeapi.co/api/v2/pokemon/650/"}},{"is_hidden":false,"slot":1,"pokemon":{"name":"quilladin","url":"http://pokeapi.co/api/v2/pokemon/651/"}},{"is_hidden":false,"slot":1,"pokemon":{"name":"chesnaught","url":"http://pokeapi.co/api/v2/pokemon/652/"}}]}