{"id":26,"name":"levitate","is_main_series":true,"generation":{"name":"generation-iii","url":"http://pokeapi.co/api/v2/generation/3/"},"names":[{"name":"Levitate","language":{"name":"en","url":"http://pokeapi.co/api/v2/language/9/"}},{"name":"Levitazione","language":{"name":"it","url":"http://pokeapi.co/api/v2/language/8/"}},{"name":"Levitación","language":{"name":"es","url":"http://pokeapi.co/api/v2/language/7/"}},{"name":"Schwebe","language":{"name":"de","url":"http://pokeapi.co/api/v2/language/6/"}},{"name":"Lévitation","language":{"name":"fr","url":"http://pokeapi.co/api/v2/language/5/"}},{"name":"부유","language":{"name":"ko","url":"http://pokeapi.co/api/v2/language/3/"}},{"name":"ふゆう","language":{"name":"ja","url":"http://pokeapi.co/api/v2/language/1/"}}],"effect_entries":[{"effect":"This Pokémon is immune to ground-type moves, spikes, toxic spikes, and arena trap.\n\nThis ability is disabled during gravity or ingrain, or while holding an iron ball.  This ability is not disabled during roost.","short_effect":"Evades ground moves.","language":{"name":"en","url":"http://pokeapi.co/api/v2/language/9/"}}],"effect_changes":[],"flavor_text_entries":[{"flavor_text":"じめんタイプの　技を\n受けない。","language":{"name":"ja-kanji","url":"http://pokeapi.co/api/v2/language/11/"},"version_group":{"name":"omega-ruby-alpha-sapphire","url":"http://pokeapi.co/api/v2/version-group/16/"}},{"flavor_text":"Gives full immunity to all\nGround-type moves.","language":{"name":"en","url":"http://pokeapi.co/api/v2/language/9/"},"version_group":{"name":"omega-ruby-alpha-sapphire","url":"http://pokeapi.co/api/v2/version-group/16/"}},{"flavor_text":"Conferisce immunità agli attacchi \ndi tipo Terra.","language":{"name":"it","url":"http://pokeapi.co/api/v2/language/8/"},"version_group":{"name":"omega-ruby-alpha-sapphire","url":"http://pokeapi.co/api/v2/version-group/16/"}},{"flavor_text":"Proporciona inmunidad frente a\nlos ataques de tipo Tierra.","language":{"name":"es","url":"http://pokeapi.co/api/v2/language/7/"},"version_group":{"name":"omega-ruby-alpha-sapphire","url":"http://pokeapi.co/api/v2/version-group/16/"}},{"flavor_text":"Volle Immunität gegen\nalle Boden-Attacken.","language":{"name":"de","url":"http://pokeapi.co/api/v2/language/6/"},"version_group":{"name":"omega-ruby-alpha-sapphire","url":"http://pokeapi.co/api/v2/version-group/16/"}},{"flavor_text":"Immunise contre toutes les\ncapacités de type Sol.","language":{"name":"fr","url":"http://pokeapi.co/api/v2/language/5/"},"version_group":{"name":"omega-ruby-alpha-sapphire","url":"http://pokeapi.co/api/v2/version-group/16/"}},{"flavor_text":"땅타입의 기술을\n받지 않는다.","language":{"name":"ko","url":"http://pokeapi.co/api/v2/language/3/"},"version_group":{"name":"omega-ruby-alpha-sapphire","url":"http://pokeapi.co/api/v2/version-group/16/"}},{"flavor_text":"じめんタイプの　わざを\nうけない。","language":{"name":"ja","url":"http://pokeapi.co/api/v2/language/1/"},"version_group":{"name":"omega-ruby-alpha-sapphire","url":"http://pokeapi.co/api/v2/version-group/16/"}},{"flavor_text":"じめんタイプの　技を\n受けない。","language":{"name":"ja-kanji","url":"http://pokeapi.co/api/v2/language/11/"},"version_group":{"name":"x-y","url":"http://pokeapi.co/api/v2/version-group/15/"}},{"flavor_text":"Gives full immunity to all\nGround-type moves.","language":{"name":"en","url":"http://pokeapi.co/api/v2/language/9/"},"version_group":{"name":"x-y","url":"http://pokeapi.co/api/v2/version-group/15/"}},{"flavor_text":"Conferisce immunità dagli attacchi\ndi tipo Terra.","language":{"name":"it","url":"http://pokeapi.co/api/v2/language/8/"},"version_group":{"name":"x-y","url":"http://pokeapi.co/api/v2/version-group/15/"}},{"flavor_text":"Proporciona inmunidad frente a\nlos ataques de tipo Tierra.","language":{"name":"es","url":"http://pokeapi.co/api/v2/language/7/"},"version_group":{"name":"x-y","url":"http://pokeapi.co/api/v2/version-group/15/"}},{"flavor_text":"Volle Immunität gegen\nalle Boden-Attacken.","language":{"name":"de","url":"http://pokeapi.co/api/v2/language/6/"},"version_group":{"name":"x-y","url":"http://pokeapi.co/api/v2/version-group/15/"}},{"flavor_text":"Immunise contre toutes les\ncapacités de type Sol.","language":{"name":"fr","url":"http://pokeapi.co/api/v2/language/5/"},"version_group":{"name":"x-y","url":"http://pokeapi.co/api/v2/version-group/15/"}},{"flavor_text":"땅타입의 기술을\n받지 않는다.","language":{"name":"ko","url":"http://pokeapi.co/api/v2/language/3/"},"version_group":{"name":"x-y","url":"http://pokeapi.co/api/v2/version-group/15/"}},{"flavor_text":"じめんタイプの　わざを\nうけない。","language":{"name":"ja","url":"http://pokeapi.co/api/v2/language/1/"},"version_group":{"name":"x-y","url":"http://pokeapi.co/api/v2/version-group/15/"}},{"flavor_text":"Gives full immunity to all\nGround-type moves.","language":{"name":"en","url":"http://pokeapi.co/api/v2/language/9/"},"version_group":{"name":"black-2-white-2","url":"http://pokeapi.co/api/v2/version-group/14/"}},{"flavor_text":"Gives full immunity to all\nGround-type moves.","language":{"name":"en","url":"http://pokeapi.co/api/v2/language/9/"},"version_group":{"name":"black-white","url":"http://pokeapi.co/api/v2/version-group/11/"}},{"flavor_text":"Immunise contre toutes\nles capacités de type Sol.","language":{"name":"fr","url":"http://pokeapi.co/api/v2/language/5/"},"version_group":{"name":"black-white","url":"http://pokeapi.co/api/v2/version-group/11/"}},{"flavor_text":"Gives full immunity to all\nGround-type moves.","language":{"name":"en","url":"http://pokeapi.co/api/v2/language/9/"},"version_group":{"name":"heartgold-soulsilver","url":"http://pokeapi.co/api/v2/version-group/10/"}},{"flavor_text":"Gives full immunity to all\nGround-type moves.","language":{"name":"en","url":"http://pokeapi.co/api/v2/language/9/"},"version_group":{"name":"platinum","url":"http://pokeapi.co/api/v2/version-group/9/"}},{"flavor_text":"Gives full immunity to all\nGround-type moves.","language":{"name":"en","url":"http://pokeapi.co/api/v2/language/9/"},"version_group":{"name":"diamond-pearl","url":"http://pokeapi.co/api/v2/version-group/8/"}},{"flavor_text":"Not hit by GROUND attacks.","language":{"name":"en","url":"http://pokeapi.co/api/v2/language/9/"},"version_group":{"name":"firered-leafgreen","url":"http://pokeapi.co/api/v2/version-group/7/"}},{"flavor_text":"Not hit by GROUND attacks.","language":{"name":"en","url":"http://pokeapi.co/api/v2/language/9/"},"version_group":{"name":"emerald","url":"http://pokeapi.co/api/v2/version-group/6/"}},{"flavor_text":"Not hit by GROUND attacks.","language":{"name":"en","url":"http://pokeapi.co/api/v2/language/9/"},"version_group":{"name":"ruby-sapphire","url":"http://pokeapi.co/api/v2/version-group/5/"}}],"pokemon":[{"is_hidden":false,"slot":1,"pokemon":{"name":"gastly","url":"http://pokeapi.co/api/v2/pokemon/92/"}},{"is_hidden":false,"slot":1,"pokemon":{"name":"haunter","url":"http://pokeapi.co/api/v2/pokemon/93/"}},{"is_hidden":false,"slot":1,"pokemon":{"name":"gengar","url":"http://pokeapi.co/api/v2/pokemon/94/"}},{"is_hidden":false,"slot":1,"pokemon":{"name":"koffing","url":"http://pokeapi.co/api/v2/pokemon/109/"}},{"is_hidden":false,"slot":1,"pokemon":{"name":"weezing","url":"http://pokeapi.co/api/v2/pokemon/110/"}},{"is_hidden":false,"slot":1,"pokemon":{"name":"misdreavus","url":"http://pokeapi.co/api/v2/pokemon/200/"}},{"is_hidden":false,"slot":1,"pokemon":{"name":"unown","url":"http://pokeapi.co/api/v2/pokemon/201/"}},{"is_hidden":false,"slot":1,"pokemon":{"name":"vibrava","url":"http://pokeapi.co/api/v2/pokemon/329/"}},{"is_hidden":false,"slot":1,"pokemon":{"name":"flygon","url":"http://pokeapi.co/api/v2/pokemon/330/"}},{"is_hidden":false,"slot":1,"pokemon":{"name":"lunatone","url":"http://pokeapi.co/api/v2/pokemon/337/"}},{"is_hidden":false,"slot":1,"pokemon":{"name":"solrock","url":"http://pokeapi.co/api/v2/pokemon/338/"}},{"is_hidden":false,"slot":1,"pokemon":{"name":"baltoy","url":"http://pokeapi.co/api/v2/pokemon/343/"}},{"is_hidden":false,"slot":1,"pokemon":{"name":"claydol","url":"http://pokeapi.co/api/v2/pokemon/344/"}},{"is_hidden":false,"slot":1,"pokemon":{"name":"duskull","url":"http://pokeapi.co/api/v2/pokemon/355/"}},{"is_hidden":false,"slot":1,"pokemon":{"name":"chimecho","url":"http://pokeapi.co/api/v2/pokemon/358/"}},{"is_hidden":false,"slot":1,"pokemon":{"name":"latias","url":"http://pokeapi.co/api/v2/pokemon/380/"}},{"is_hidden":false,"slot":1,"pokemon":{"name":"latios","url":"http://pokeapi.co/api/v2/pokemon/381/"}},{"is_hidden":false,"slot":1,"pokemon":{"name":"mismagius","url":"http://pokeapi.co/api/v2/pokemon/429/"}},{"is_hidden":false,"slot":1,"pokemon":{"name":"chingling","url":"http://pokeapi.co/api/v2/pokemon/433/"}},{"is_hidden":false,"slot":1,"pokemon":{"name":"bronzor","url":"http://pokeapi.co/api/v2/pokemon/436/"}},{"is_hidden":false,"slot":1,"pokemon":{"name":"bronzong","url":"http://pokeapi.co/api/v2/pokemon/437/"}},{"is_hidden":false,"slot":1,"pokemon":{"name":"carnivine","url":"http://pokeapi.co/api/v2/pokemon/455/"}},{"is_hidden":false,"slot":1,"pokemon":{"name":"rotom","url":"http://pokeapi.co/api/v2/pokemon/479/"}},{"is_hidden":false,"slot":1,"pokemon":{"name":"uxie","url":"http://pokeapi.co/api/v2/pokemon/480/"}},{"is_hidden":false,"slot":1,"pokemon":{"name":"mesprit","url":"http://pokeapi.co/api/v2/pokemon/481/"}},{"is_hidden":false,"slot":1,"pokemon":{"name":"azelf","url":"http://pokeapi.co/api/v2/pokemon/482/"}},{"is_hidden":false,"slot":1,"pokemon":{"name":"cresselia","url":"http://pokeapi.co/api/v2/pokemon/488/"}},{"is_hidden":false,"slot":1,"pokemon":{"name":"tynamo","url":"http://pokeapi.co/api/v2/pokemon/602/"}},{"is_hidden":false,"slot":1,"pokemon":{"name":"eelektrik","url":"http://pokeapi.co/api/v2/pokemon/603/"}},{"is_hidden":false,"slot":1,"pokemon":{"name":"eelektross","url":"http://pokeapi.co/api/v2/pokemon/604/"}},{"is_hidden":false,"slot":1,"pokemon":{"name":"cryogonal","url":"http://pokeapi.co/api/v2/pokemon/615/"}},{"is_hidden":false,"slot":1,"pokemon":{"name":"hydreigon","url":"http://pokeapi.co/api/v2/pokemon/635/"}},{"is_hidden":false,"slot":1,"pokemon":{"name":"giratina-origin","url":"http://pokeapi.co/api/v2/pokemon/10007/"}},{"is_hidden":false,"slot":1,"pokemon":{"name":"rotom-heat","url":"http://pokeapi.co/api/v2/pokemon/10008/"}},{"is_hidden":false,"slot":1,"pokemon":{"name":"rotom-wash","url":"http://pokeapi.co/api/v2/pokemon/10009/"}},{"is_hidden":false,"slot":1,"pokemon":{"name":"rotom-frost","url":"http://pokeapi.co/api/v2/pokemon/10010/"}},{"is_hidden":false,"slot":1,"pokemon":{"name":"rotom-fan","url":"http://pokeapi.co/api/v2/pokemon/10011/"}},{"is_hidden":false,"slot":1,"pokemon":{"name":"rotom-mow","url":"http://pokeapi.co/api/v2/pokemon/10012/"}},{"is_hidden":false,"slot":1,"pokemon":{"name":"latias-mega","url":"http://pokeapi.co/api/v2/pokemon/10062/"}},{"is_hidden":false,"slot":1,"pokemon":{"name":"latios-mega","url":"http://pokeapi.co/api/v2/pokemon/10063/"}}]}