{"id":117,"name":"snow-warning","is_main_series":true,"generation":{"name":"generation-iv","url":"http://pokeapi.co/api/v2/generation/4/"},"names":[{"name":"Snow Warning","language":{"name":"en","url":"http://pokeapi.co/api/v2/language/9/"}},{"name":"Scendineve","language":{"name":"it","url":"http://pokeapi.co/api/v2/language/8/"}},{"name":"Nevada","language":{"name":"es","url":"http://pokeapi.co/api/v2/language/7/"}},{"name":"Hagelalarm","language":{"name":"de","url":"http://pokeapi.co/api/v2/language/6/"}},{"name":"Alerte Neige","language":{"name":"fr","url":"http://pokeapi.co/api/v2/language/5/"}},{"name":"눈퍼뜨리기","language":{"name":"ko","url":"http://pokeapi.co/api/v2/language/3/"}},{"name":"ゆきふらし","language":{"name":"ja","url":"http://pokeapi.co/api/v2/language/1/"}}],"effect_entries":[{"effect":"The weather changes to hail when this Pokémon enters battle and does not end unless cancelled by another weather condition.\n\nIf multiple Pokémon with this ability, drizzle, drought, or sand stream are sent out at the same time, the abilities will activate in order of Speed, respecting trick room.  Each ability's weather will cancel the previous weather, and only the weather summoned by the slowest of the Pokémon will stay.","short_effect":"Summons hail that lasts indefinitely upon entering battle.","language":{"name":"en","url":"http://pokeapi.co/api/v2/language/9/"}}],"effect_changes":[],"flavor_text_entries":[{"flavor_text":"戦闘に　でると\nあられを　降らす。","language":{"name":"ja-kanji","url":"http://pokeapi.co/api/v2/language/11/"},"version_group":{"name":"omega-ruby-alpha-sapphire","url":"http://pokeapi.co/api/v2/version-group/16/"}},{"flavor_text":"The Pokémon summons a\nhailstorm when it enters a battle.","language":{"name":"en","url":"http://pokeapi.co/api/v2/language/9/"},"version_group":{"name":"omega-ruby-alpha-sapphire","url":"http://pokeapi.co/api/v2/version-group/16/"}},{"flavor_text":"Il Pokémon provoca una\ngrandinata durante la lotta.","language":{"name":"it","url":"http://pokeapi.co/api/v2/language/8/"},"version_group":{"name":"omega-ruby-alpha-sapphire","url":"http://pokeapi.co/api/v2/version-group/16/"}},{"flavor_text":"El Pokémon invoca una tormenta\nde granizo.","language":{"name":"es","url":"http://pokeapi.co/api/v2/language/7/"},"version_group":{"name":"omega-ruby-alpha-sapphire","url":"http://pokeapi.co/api/v2/version-group/16/"}},{"flavor_text":"Das Pokémon beschwört im\nKampf Hagelstürme herauf.","language":{"name":"de","url":"http://pokeapi.co/api/v2/language/6/"},"version_group":{"name":"omega-ruby-alpha-sapphire","url":"http://pokeapi.co/api/v2/version-group/16/"}},{"flavor_text":"Déclenche une tempête de\ngrêle pendant le combat.","language":{"name":"fr","url":"http://pokeapi.co/api/v2/language/5/"},"version_group":{"name":"omega-ruby-alpha-sapphire","url":"http://pokeapi.co/api/v2/version-group/16/"}},{"flavor_text":"배틀에 나가면\n싸라기눈을 내리게 한다.","language":{"name":"ko","url":"http://pokeapi.co/api/v2/language/3/"},"version_group":{"name":"omega-ruby-alpha-sapphire","url":"http://pokeapi.co/api/v2/version-group/16/"}},{"flavor_text":"せんとうに　でると\nあられを　ふらす。","language":{"name":"ja","url":"http://pokeapi.co/api/v2/language/1/"},"version_group":{"name":"omega-ruby-alpha-sapphire","url":"http://pokeapi.co/api/v2/version-group/16/"}},{"flavor_text":"戦闘に　でると\nあられを　降らす。","language":{"name":"ja-kanji","url":"http://pokeapi.co/api/v2/language/11/"},"version_group":{"name":"x-y","url":"http://pokeapi.co/api/v2/version-group/15/"}},{"flavor_text":"The Pokémon summons a\nhailstorm when it enters a battle.","language":{"name":"en","url":"http://pokeapi.co/api/v2/language/9/"},"version_group":{"name":"x-y","url":"http://pokeapi.co/api/v2/version-group/15/"}},{"flavor_text":"Il Pokémon provoca una\ngrandinata durante la lotta.","language":{"name":"it","url":"http://pokeapi.co/api/v2/language/8/"},"version_group":{"name":"x-y","url":"http://pokeapi.co/api/v2/version-group/15/"}},{"flavor_text":"El Pokémon invoca una tormenta\nde granizo.","language":{"name":"es","url":"http://pokeapi.co/api/v2/language/7/"},"version_group":{"name":"x-y","url":"http://pokeapi.co/api/v2/version-group/15/"}},{"flavor_text":"Das Pokémon beschwört im\nKampf Hagelstürme herauf.","language":{"name":"de","url":"http://pokeapi.co/api/v2/language/6/"},"version_group":{"name":"x-y","url":"http://pokeapi.co/api/v2/version-group/15/"}},{"flavor_text":"Déclenche une tempête de\ngrêle pendant le combat.","language":{"name":"fr","url":"http://pokeapi.co/api/v2/language/5/"},"version_group":{"name":"x-y","url":"http://pokeapi.co/api/v2/version-group/15/"}},{"flavor_text":"배틀에 나가면\n싸라기눈을 내리게 한다.","language":{"name":"ko","url":"http://pokeapi.co/api/v2/language/3/"},"version_group":{"name":"x-y","url":"http://pokeapi.co/api/v2/version-group/15/"}},{"flavor_text":"せんとうに　でると\nあられを　ふらす。","language":{"name":"ja","url":"http://pokeapi.co/api/v2/language/1/"},"version_group":{"name":"x-y","url":"http://pokeapi.co/api/v2/version-group/15/"}},{"flavor_text":"The Pokémon summons a\nhailstorm in battle.","language":{"name":"en","url":"http://pokeapi.co/api/v2/language/9/"},"version_group":{"name":"black-2-white-2","url":"http://pokeapi.co/api/v2/version-group/14/"}},{"flavor_text":"The Pokémon summons a\nhailstorm in battle.","language":{"name":"en","url":"http://pokeapi.co/api/v2/language/9/"},"version_group":{"name":"black-white","url":"http://pokeapi.co/api/v2/version-group/11/"}},{"flavor_text":"Déclenche une tempête de\ngrêle pendant le combat.","language":{"name":"fr","url":"http://pokeapi.co/api/v2/language/5/"},"version_group":{"name":"black-white","url":"http://pokeapi.co/api/v2/version-group/11/"}},{"flavor_text":"The Pokémon summons a\nhailstorm in battle.","language":{"name":"en","url":"http://pokeapi.co/api/v2/language/9/"},"version_group":{"name":"heartgold-soulsilver","url":"http://pokeapi.co/api/v2/version-group/10/"}},{"flavor_text":"The Pokémon summons a\nhailstorm in battle.","language":{"name":"en","url":"http://pokeapi.co/api/v2/language/9/"},"version_group":{"name":"platinum","url":"http://pokeapi.co/api/v2/version-group/9/"}},{"flavor_text":"The Pokémon summons a\nhailstorm in battle.","language":{"name":"en","url":"http://pokeapi.co/api/v2/language/9/"},"version_group":{"name":"diamond-pearl","url":"http://pokeapi.co/api/v2/version-group/8/"}}],"pokemon":[{"is_hidden":false,"slot":1,"pokemon":{"name":"snover","url":"http://pokeapi.co/api/v2/pokemon/459/"}},{"is_hidden":false,"slot":1,"pokemon":{"name":"abomasnow","url":"http://pokeapi.co/api/v2/pokemon/460/"}},{"is_hidden":true,"slot":3,"pokemon":{"name":"amaura","url":"http://pokeapi.co/api/v2/pokemon/698/"}},{"is_hidden":true,"slot":3,"pokemon":{"name":"aurorus","url":"http://pokeapi.co/api/v2/pokemon/699/"}},{"is_hidden":false,"slot":1,"pokemon":{"name":"abomasnow-mega","url":"http://pokeapi.co/api/v2/pokemon/10060/"}}]}