{"id":178,"name":"mega-launcher","is_main_series":true,"generation":{"name":"generation-vi","url":"http://pokeapi.co/api/v2/generation/6/"},"names":[{"name":"Mega Launcher","language":{"name":"en","url":"http://pokeapi.co/api/v2/language/9/"}},{"name":"Megalancio","language":{"name":"it","url":"http://pokeapi.co/api/v2/language/8/"}},{"name":"Megadisparador","language":{"name":"es","url":"http://pokeapi.co/api/v2/language/7/"}},{"name":"Megawumme","language":{"name":"de","url":"http://pokeapi.co/api/v2/language/6/"}},{"name":"Méga Blaster","language":{"name":"fr","url":"http://pokeapi.co/api/v2/language/5/"}},{"name":"메가런처","language":{"name":"ko","url":"http://pokeapi.co/api/v2/language/3/"}},{"name":"メガランチャー","language":{"name":"ja","url":"http://pokeapi.co/api/v2/language/1/"}}],"effect_entries":[{"effect":"Strengthens aura and pulse moves to 1.5× their power.","short_effect":"Strengthens aura and pulse moves to 1.5× their power.","language":{"name":"en","url":"http://pokeapi.co/api/v2/language/9/"}}],"effect_changes":[],"flavor_text_entries":[{"flavor_text":"はどうの　技の\n威力が　高い。","language":{"name":"ja-kanji","url":"http://pokeapi.co/api/v2/language/11/"},"version_group":{"name":"omega-ruby-alpha-sapphire","url":"http://pokeapi.co/api/v2/version-group/16/"}},{"flavor_text":"Powers up aura and pulse moves.","language":{"name":"en","url":"http://pokeapi.co/api/v2/language/9/"},"version_group":{"name":"omega-ruby-alpha-sapphire","url":"http://pokeapi.co/api/v2/version-group/16/"}},{"flavor_text":"Potenzia le mosse “pulsar”\ne altre come Ondasana.","language":{"name":"it","url":"http://pokeapi.co/api/v2/language/8/"},"version_group":{"name":"omega-ruby-alpha-sapphire","url":"http://pokeapi.co/api/v2/version-group/16/"}},{"flavor_text":"Aumenta la potencia de algunos\nmovimientos de pulsos y auras.","language":{"name":"es","url":"http://pokeapi.co/api/v2/language/7/"},"version_group":{"name":"omega-ruby-alpha-sapphire","url":"http://pokeapi.co/api/v2/version-group/16/"}},{"flavor_text":"Erhöht die Stärke einiger Wellen-,\nAura- und Puls-Attacken.","language":{"name":"de","url":"http://pokeapi.co/api/v2/language/6/"},"version_group":{"name":"omega-ruby-alpha-sapphire","url":"http://pokeapi.co/api/v2/version-group/16/"}},{"flavor_text":"Augmente la puissance de\ncertaines capacités de type aura.","language":{"name":"fr","url":"http://pokeapi.co/api/v2/language/5/"},"version_group":{"name":"omega-ruby-alpha-sapphire","url":"http://pokeapi.co/api/v2/version-group/16/"}},{"flavor_text":"파동 기술의\n위력이 크다.","language":{"name":"ko","url":"http://pokeapi.co/api/v2/language/3/"},"version_group":{"name":"omega-ruby-alpha-sapphire","url":"http://pokeapi.co/api/v2/version-group/16/"}},{"flavor_text":"はどうの　わざの\nいりょくが　たかい。","language":{"name":"ja","url":"http://pokeapi.co/api/v2/language/1/"},"version_group":{"name":"omega-ruby-alpha-sapphire","url":"http://pokeapi.co/api/v2/version-group/16/"}},{"flavor_text":"はどうの　技の\n威力が　高い。","language":{"name":"ja-kanji","url":"http://pokeapi.co/api/v2/language/11/"},"version_group":{"name":"x-y","url":"http://pokeapi.co/api/v2/version-group/15/"}},{"flavor_text":"Powers up aura and pulse moves.","language":{"name":"en","url":"http://pokeapi.co/api/v2/language/9/"},"version_group":{"name":"x-y","url":"http://pokeapi.co/api/v2/version-group/15/"}},{"flavor_text":"Potenzia le mosse “pulsar”\ne altre come Ondasana.","language":{"name":"it","url":"http://pokeapi.co/api/v2/language/8/"},"version_group":{"name":"x-y","url":"http://pokeapi.co/api/v2/version-group/15/"}},{"flavor_text":"Aumenta la potencia de algunos\nmovimientos de pulsos y auras.","language":{"name":"es","url":"http://pokeapi.co/api/v2/language/7/"},"version_group":{"name":"x-y","url":"http://pokeapi.co/api/v2/version-group/15/"}},{"flavor_text":"Erhöht die Stärke einiger Wellen-,\nAura- und Puls-Attacken.","language":{"name":"de","url":"http://pokeapi.co/api/v2/language/6/"},"version_group":{"name":"x-y","url":"http://pokeapi.co/api/v2/version-group/15/"}},{"flavor_text":"Augmente la puissance de\ncertaines capacités de type aura.","language":{"name":"fr","url":"http://pokeapi.co/api/v2/language/5/"},"version_group":{"name":"x-y","url":"http://pokeapi.co/api/v2/version-group/15/"}},{"flavor_text":"파동 기술의\n위력이 크다.","language":{"name":"ko","url":"http://pokeapi.co/api/v2/language/3/"},"version_group":{"name":"x-y","url":"http://pokeapi.co/api/v2/version-group/15/"}},{"flavor_text":"はどうの　わざの\nいりょくが　たかい。","language":{"name":"ja","url":"http://pokeapi.co/api/v2/language/1/"},"version_group":{"name":"x-y","url":"http://pokeapi.co/api/v2/version-group/15/"}}],"pokemon":[{"is_hidden":false,"slot":1,"pokemon":{"name":"clauncher","url":"http://pokeapi.co/api/v2/pokemon/692/"}},{"is_hidden":false,"slot":1,"pokemon":{"name":"clawitzer","url":"http://pokeapi.co/api/v2/pokemon/693/"}},{"is_hidden":false,"slot":1,"pokemon":{"name":"blastoise-mega","url":"http://pokeapi.co/api/v2/pokemon/10036/"}}]}