{"id":12,"name":"oblivious","is_main_series":true,"generation":{"name":"generation-iii","url":"http://pokeapi.co/api/v2/generation/3/"},"names":[{"name":"Oblivious","language":{"name":"en","url":"http://pokeapi.co/api/v2/language/9/"}},{"name":"Indifferenza","language":{"name":"it","url":"http://pokeapi.co/api/v2/language/8/"}},{"name":"Despiste","language":{"name":"es","url":"http://pokeapi.co/api/v2/language/7/"}},{"name":"Dösigkeit","language":{"name":"de","url":"http://pokeapi.co/api/v2/language/6/"}},{"name":"Benêt","language":{"name":"fr","url":"http://pokeapi.co/api/v2/language/5/"}},{"name":"둔감","language":{"name":"ko","url":"http://pokeapi.co/api/v2/language/3/"}},{"name":"どんかん","language":{"name":"ja","url":"http://pokeapi.co/api/v2/language/1/"}}],"effect_entries":[{"effect":"This Pokémon cannot be infatuated and is immune to captivate.\n\nIf a Pokémon is infatuated and acquires this ability, its infatuation is cleared.","short_effect":"Prevents infatuation and protects against captivate.","language":{"name":"en","url":"http://pokeapi.co/api/v2/language/9/"}}],"effect_changes":[],"flavor_text_entries":[{"flavor_text":"メロメロや　ちょうはつ\n状態に　ならない。","language":{"name":"ja-kanji","url":"http://pokeapi.co/api/v2/language/11/"},"version_group":{"name":"omega-ruby-alpha-sapphire","url":"http://pokeapi.co/api/v2/version-group/16/"}},{"flavor_text":"Keeps the Pokémon from being\ninfatuated or falling for taunts.","language":{"name":"en","url":"http://pokeapi.co/api/v2/language/9/"},"version_group":{"name":"omega-ruby-alpha-sapphire","url":"http://pokeapi.co/api/v2/version-group/16/"}},{"flavor_text":"Protegge il Pokémon da\ninfatuazioni e provocazioni.","language":{"name":"it","url":"http://pokeapi.co/api/v2/language/8/"},"version_group":{"name":"omega-ruby-alpha-sapphire","url":"http://pokeapi.co/api/v2/version-group/16/"}},{"flavor_text":"Evita que el Pokémon sea\natraído o provocado.","language":{"name":"es","url":"http://pokeapi.co/api/v2/language/7/"},"version_group":{"name":"omega-ruby-alpha-sapphire","url":"http://pokeapi.co/api/v2/version-group/16/"}},{"flavor_text":"Verhindert, dass das Pokémon\nbetört oder provoziert wird.","language":{"name":"de","url":"http://pokeapi.co/api/v2/language/6/"},"version_group":{"name":"omega-ruby-alpha-sapphire","url":"http://pokeapi.co/api/v2/version-group/16/"}},{"flavor_text":"Immunise le Pokémon contre\nl’attraction ou la provocation.","language":{"name":"fr","url":"http://pokeapi.co/api/v2/language/5/"},"version_group":{"name":"omega-ruby-alpha-sapphire","url":"http://pokeapi.co/api/v2/version-group/16/"}},{"flavor_text":"헤롱헤롱이나 도발 상태가\n되지 않는다.","language":{"name":"ko","url":"http://pokeapi.co/api/v2/language/3/"},"version_group":{"name":"omega-ruby-alpha-sapphire","url":"http://pokeapi.co/api/v2/version-group/16/"}},{"flavor_text":"メロメロや　ちょうはつ\nじょうたいに　ならない。","language":{"name":"ja","url":"http://pokeapi.co/api/v2/language/1/"},"version_group":{"name":"omega-ruby-alpha-sapphire","url":"http://pokeapi.co/api/v2/version-group/16/"}},{"flavor_text":"メロメロや　ちょうはつ\n状態に　ならない。","language":{"name":"ja-kanji","url":"http://pokeapi.co/api/v2/language/11/"},"version_group":{"name":"x-y","url":"http://pokeapi.co/api/v2/version-group/15/"}},{"flavor_text":"Keeps the Pokémon from being\ninfatuated or falling for taunts.","language":{"name":"en","url":"http://pokeapi.co/api/v2/language/9/"},"version_group":{"name":"x-y","url":"http://pokeapi.co/api/v2/version-group/15/"}},{"flavor_text":"Protegge il Pokémon da\ninfatuazioni e provocazioni.","language":{"name":"it","url":"http://pokeapi.co/api/v2/language/8/"},"version_group":{"name":"x-y","url":"http://pokeapi.co/api/v2/version-group/15/"}},{"flavor_text":"Evita que el Pokémon sea\natraído o provocado.","language":{"name":"es","url":"http://pokeapi.co/api/v2/language/7/"},"version_group":{"name":"x-y","url":"http://pokeapi.co/api/v2/version-group/15/"}},{"flavor_text":"Verhindert, dass das Pokémon\nbetört oder provoziert wird.","language":{"name":"de","url":"http://pokeapi.co/api/v2/language/6/"},"version_group":{"name":"x-y","url":"http://pokeapi.co/api/v2/version-group/15/"}},{"flavor_text":"Immunise le Pokémon contre\nl’attraction ou la provocation.","language":{"name":"fr","url":"http://pokeapi.co/api/v2/language/5/"},"version_group":{"name":"x-y","url":"http://pokeapi.co/api/v2/version-group/15/"}},{"flavor_text":"헤롱헤롱이나 도발 상태가\n되지 않는다.","language":{"name":"ko","url":"http://pokeapi.co/api/v2/language/3/"},"version_group":{"name":"x-y","url":"http://pokeapi.co/api/v2/version-group/15/"}},{"flavor_text":"メロメロや　ちょうはつ\nじょうたいに　ならない。","language":{"name":"ja","url":"http://pokeapi.co/api/v2/language/1/"},"version_group":{"name":"x-y","url":"http://pokeapi.co/api/v2/version-group/15/"}},{"flavor_text":"Prevents it from\nbecoming infatuated.","language":{"name":"en","url":"http://pokeapi.co/api/v2/language/9/"},"version_group":{"name":"black-2-white-2","url":"http://pokeapi.co/api/v2/version-group/14/"}},{"flavor_text":"Prevents it from\nbecoming infatuated.","language":{"name":"en","url":"http://pokeapi.co/api/v2/language/9/"},"version_group":{"name":"black-white","url":"http://pokeapi.co/api/v2/version-group/11/"}},{"flavor_text":"Empêche le Pokémon de\ntomber amoureux.","language":{"name":"fr","url":"http://pokeapi.co/api/v2/language/5/"},"version_group":{"name":"black-white","url":"http://pokeapi.co/api/v2/version-group/11/"}},{"flavor_text":"Prevents it from\nbecoming infatuated.","language":{"name":"en","url":"http://pokeapi.co/api/v2/language/9/"},"version_group":{"name":"heartgold-soulsilver","url":"http://pokeapi.co/api/v2/version-group/10/"}},{"flavor_text":"Prevents the Pokémon\nfrom becoming infatuated.","language":{"name":"en","url":"http://pokeapi.co/api/v2/language/9/"},"version_group":{"name":"platinum","url":"http://pokeapi.co/api/v2/version-group/9/"}},{"flavor_text":"Prevents the Pokémon\nfrom becoming infatuated.","language":{"name":"en","url":"http://pokeapi.co/api/v2/language/9/"},"version_group":{"name":"diamond-pearl","url":"http://pokeapi.co/api/v2/version-group/8/"}},{"flavor_text":"Prevents attraction.","language":{"name":"en","url":"http://pokeapi.co/api/v2/language/9/"},"version_group":{"name":"firered-leafgreen","url":"http://pokeapi.co/api/v2/version-group/7/"}},{"flavor_text":"Prevents attraction.","language":{"name":"en","url":"http://pokeapi.co/api/v2/language/9/"},"version_group":{"name":"emerald","url":"http://pokeapi.co/api/v2/version-group/6/"}},{"flavor_text":"Prevents attraction.","language":{"name":"en","url":"http://pokeapi.co/api/v2/language/9/"},"version_group":{"name":"ruby-sapphire","url":"http://pokeapi.co/api/v2/version-group/5/"}}],"pokemon":[{"is_hidden":false,"slot":1,"pokemon":{"name":"slowpoke","url":"http://pokeapi.co/api/v2/pokemon/79/"}},{"is_hidden":false,"slot":1,"pokemon":{"name":"slowbro","url":"http://pokeapi.co/api/v2/pokemon/80/"}},{"is_hidden":false,"slot":2,"pokemon":{"name":"lickitung","url":"http://pokeapi.co/api/v2/pokemon/108/"}},{"is_hidden":false,"slot":1,"pokemon":{"name":"jynx","url":"http://pokeapi.co/api/v2/pokemon/124/"}},{"is_hidden":false,"slot":1,"pokemon":{"name":"slowking","url":"http://pokeapi.co/api/v2/pokemon/199/"}},{"is_hidden":false,"slot":1,"pokemon":{"name":"swinub","url":"http://pokeapi.co/api/v2/pokemon/220/"}},{"is_hidden":false,"slot":1,"pokemon":{"name":"piloswine","url":"http://pokeapi.co/api/v2/pokemon/221/"}},{"is_hidden":false,"slot":1,"pokemon":{"name":"smoochum","url":"http://pokeapi.co/api/v2/pokemon/238/"}},{"is_hidden":false,"slot":1,"pokemon":{"name":"illumise","url":"http://pokeapi.co/api/v2/pokemon/314/"}},{"is_hidden":false,"slot":2,"pokemon":{"name":"wailmer","url":"http://pokeapi.co/api/v2/pokemon/320/"}},{"is_hidden":false,"slot":2,"pokemon":{"name":"wailord","url":"http://pokeapi.co/api/v2/pokemon/321/"}},{"is_hidden":false,"slot":1,"pokemon":{"name":"numel","url":"http://pokeapi.co/api/v2/pokemon/322/"}},{"is_hidden":false,"slot":1,"pokemon":{"name":"barboach","url":"http://pokeapi.co/api/v2/pokemon/339/"}},{"is_hidden":false,"slot":1,"pokemon":{"name":"whiscash","url":"http://pokeapi.co/api/v2/pokemon/340/"}},{"is_hidden":false,"slot":2,"pokemon":{"name":"feebas","url":"http://pokeapi.co/api/v2/pokemon/349/"}},{"is_hidden":true,"slot":3,"pokemon":{"name":"spheal","url":"http://pokeapi.co/api/v2/pokemon/363/"}},{"is_hidden":true,"slot":3,"pokemon":{"name":"sealeo","url":"http://pokeapi.co/api/v2/pokemon/364/"}},{"is_hidden":true,"slot":3,"pokemon":{"name":"walrein","url":"http://pokeapi.co/api/v2/pokemon/365/"}},{"is_hidden":false,"slot":2,"pokemon":{"name":"lickilicky","url":"http://pokeapi.co/api/v2/pokemon/463/"}},{"is_hidden":false,"slot":1,"pokemon":{"name":"mamoswine","url":"http://pokeapi.co/api/v2/pokemon/473/"}}]}