{"id":46,"name":"pressure","is_main_series":true,"generation":{"name":"generation-iii","url":"http://pokeapi.co/api/v2/generation/3/"},"names":[{"name":"Pressure","language":{"name":"en","url":"http://pokeapi.co/api/v2/language/9/"}},{"name":"Pressione","language":{"name":"it","url":"http://pokeapi.co/api/v2/language/8/"}},{"name":"Presión","language":{"name":"es","url":"http://pokeapi.co/api/v2/language/7/"}},{"name":"Erzwinger","language":{"name":"de","url":"http://pokeapi.co/api/v2/language/6/"}},{"name":"Pression","language":{"name":"fr","url":"http://pokeapi.co/api/v2/language/5/"}},{"name":"프레셔","language":{"name":"ko","url":"http://pokeapi.co/api/v2/language/3/"}},{"name":"プレッシャー","language":{"name":"ja","url":"http://pokeapi.co/api/v2/language/1/"}}],"effect_entries":[{"effect":"Moves targetting this Pokémon use one extra PP.\n\nThis ability stacks if multiple targets have it.  This ability still affects moves that fail or miss.  This ability does not affect ally moves that target either the entire field or just its side, nor this Pokémon's self-targetted moves; it does, however, affect single-targetted ally moves aimed at this Pokémon, ally moves that target all other Pokémon, and opponents' moves that target the entire field.  If this ability raises a move's PP cost above its remaining PP, it will use all remaining PP.\n\nWhen this Pokémon enters battle, all participating trainers are notified that it has this ability.\n\nOverworld: If the lead Pokémon has this ability, higher-levelled Pokémon have their encounter rate increased.","short_effect":"Increases the PP cost of moves targetting the Pokémon by one.","language":{"name":"en","url":"http://pokeapi.co/api/v2/language/9/"}}],"effect_changes":[{"version_group":{"name":"emerald","url":"http://pokeapi.co/api/v2/version-group/6/"},"effect_entries":[{"effect":"Has no overworld effect.","language":{"name":"en","url":"http://pokeapi.co/api/v2/language/9/"}}]},{"version_group":{"name":"diamond-pearl","url":"http://pokeapi.co/api/v2/version-group/8/"},"effect_entries":[{"effect":"Does not affect friendly Pokémon's moves that target all other Pokémon.  This ability's presence is not announced upon entering battle.","language":{"name":"en","url":"http://pokeapi.co/api/v2/language/9/"}}]}],"flavor_text_entries":[{"flavor_text":"相手の　使う　技の\nＰＰを　多く　減らす。","language":{"name":"ja-kanji","url":"http://pokeapi.co/api/v2/language/11/"},"version_group":{"name":"omega-ruby-alpha-sapphire","url":"http://pokeapi.co/api/v2/version-group/16/"}},{"flavor_text":"The Pokémon raises opposing\nPokémon’s PP usage.","language":{"name":"en","url":"http://pokeapi.co/api/v2/language/9/"},"version_group":{"name":"omega-ruby-alpha-sapphire","url":"http://pokeapi.co/api/v2/version-group/16/"}},{"flavor_text":"Il nemico usa più PP.","language":{"name":"it","url":"http://pokeapi.co/api/v2/language/8/"},"version_group":{"name":"omega-ruby-alpha-sapphire","url":"http://pokeapi.co/api/v2/version-group/16/"}},{"flavor_text":"Hace que los PP del rival se\nacaben antes.","language":{"name":"es","url":"http://pokeapi.co/api/v2/language/7/"},"version_group":{"name":"omega-ruby-alpha-sapphire","url":"http://pokeapi.co/api/v2/version-group/16/"}},{"flavor_text":"Steigert den AP-Verbrauch\ndes Gegners.","language":{"name":"de","url":"http://pokeapi.co/api/v2/language/6/"},"version_group":{"name":"omega-ruby-alpha-sapphire","url":"http://pokeapi.co/api/v2/version-group/16/"}},{"flavor_text":"Force l’ennemi à dépenser plus\nde PP.","language":{"name":"fr","url":"http://pokeapi.co/api/v2/language/5/"},"version_group":{"name":"omega-ruby-alpha-sapphire","url":"http://pokeapi.co/api/v2/version-group/16/"}},{"flavor_text":"상대가 사용하는 기술의\nPP를 많이 줄인다.","language":{"name":"ko","url":"http://pokeapi.co/api/v2/language/3/"},"version_group":{"name":"omega-ruby-alpha-sapphire","url":"http://pokeapi.co/api/v2/version-group/16/"}},{"flavor_text":"あいての　つかう　わざの\nＰＰを　おおく　へらす。","language":{"name":"ja","url":"http://pokeapi.co/api/v2/language/1/"},"version_group":{"name":"omega-ruby-alpha-sapphire","url":"http://pokeapi.co/api/v2/version-group/16/"}},{"flavor_text":"相手の　使う　技の\nＰＰを　多く　減らす。","language":{"name":"ja-kanji","url":"http://pokeapi.co/api/v2/language/11/"},"version_group":{"name":"x-y","url":"http://pokeapi.co/api/v2/version-group/15/"}},{"flavor_text":"The Pokémon raises opposing\nPokémon’s PP usage.","language":{"name":"en","url":"http://pokeapi.co/api/v2/language/9/"},"version_group":{"name":"x-y","url":"http://pokeapi.co/api/v2/version-group/15/"}},{"flavor_text":"Il nemico usa più PP.","language":{"name":"it","url":"http://pokeapi.co/api/v2/language/8/"},"version_group":{"name":"x-y","url":"http://pokeapi.co/api/v2/version-group/15/"}},{"flavor_text":"Hace que los PP del rival se\nacaben antes.","language":{"name":"es","url":"http://pokeapi.co/api/v2/language/7/"},"version_group":{"name":"x-y","url":"http://pokeapi.co/api/v2/version-group/15/"}},{"flavor_text":"Steigert den AP-Verbrauch\ndes Gegners.","language":{"name":"de","url":"http://pokeapi.co/api/v2/language/6/"},"version_group":{"name":"x-y","url":"http://pokeapi.co/api/v2/version-group/15/"}},{"flavor_text":"Force l’ennemi à dépenser plus\nde PP.","language":{"name":"fr","url":"http://pokeapi.co/api/v2/language/5/"},"version_group":{"name":"x-y","url":"http://pokeapi.co/api/v2/version-group/15/"}},{"flavor_text":"상대가 사용하는 기술의\nPP를 많이 줄인다.","language":{"name":"ko","url":"http://pokeapi.co/api/v2/language/3/"},"version_group":{"name":"x-y","url":"http://pokeapi.co/api/v2/version-group/15/"}},{"flavor_text":"あいての　つかう　わざの\nＰＰを　おおく　へらす。","language":{"name":"ja","url":"http://pokeapi.co/api/v2/language/1/"},"version_group":{"name":"x-y","url":"http://pokeapi.co/api/v2/version-group/15/"}},{"flavor_text":"The Pokémon raises the\nfoe’s PP usage.","language":{"name":"en","url":"http://pokeapi.co/api/v2/language/9/"},"version_group":{"name":"black-2-white-2","url":"http://pokeapi.co/api/v2/version-group/14/"}},{"flavor_text":"The Pokémon raises the\nfoe’s PP usage.","language":{"name":"en","url":"http://pokeapi.co/api/v2/language/9/"},"version_group":{"name":"black-white","url":"http://pokeapi.co/api/v2/version-group/11/"}},{"flavor_text":"Force l’ennemi à\ndépenser plus de PP.","language":{"name":"fr","url":"http://pokeapi.co/api/v2/language/5/"},"version_group":{"name":"black-white","url":"http://pokeapi.co/api/v2/version-group/11/"}},{"flavor_text":"The Pokémon raises the\nfoe’s PP usage.","language":{"name":"en","url":"http://pokeapi.co/api/v2/language/9/"},"version_group":{"name":"heartgold-soulsilver","url":"http://pokeapi.co/api/v2/version-group/10/"}},{"flavor_text":"The Pokémon raises the\nfoe’s PP usage.","language":{"name":"en","url":"http://pokeapi.co/api/v2/language/9/"},"version_group":{"name":"platinum","url":"http://pokeapi.co/api/v2/version-group/9/"}},{"flavor_text":"The Pokémon raises the\nfoe’s PP usage.","language":{"name":"en","url":"http://pokeapi.co/api/v2/language/9/"},"version_group":{"name":"diamond-pearl","url":"http://pokeapi.co/api/v2/version-group/8/"}},{"flavor_text":"Raises foe’s PP usage.","language":{"name":"en","url":"http://pokeapi.co/api/v2/language/9/"},"version_group":{"name":"firered-leafgreen","url":"http://pokeapi.co/api/v2/version-group/7/"}},{"flavor_text":"Raises foe’s PP usage.","language":{"name":"en","url":"http://pokeapi.co/api/v2/language/9/"},"version_group":{"name":"emerald","url":"http://pokeapi.co/api/v2/version-group/6/"}},{"flavor_text":"Raises foe’s PP usage.","language":{"name":"en","url":"http://pokeapi.co/api/v2/language/9/"},"version_group":{"name":"ruby-sapphire","url":"http://pokeapi.co/api/v2/version-group/5/"}}],"pokemon":[{"is_hidden":false,"slot":2,"pokemon":{"name":"aerodactyl","url":"http://pokeapi.co/api/v2/pokemon/142/"}},{"is_hidden":false,"slot":1,"pokemon":{"name":"articuno","url":"http://pokeapi.co/api/v2/pokemon/144/"}},{"is_hidden":false,"slot":1,"pokemon":{"name":"zapdos","url":"http://pokeapi.co/api/v2/pokemon/145/"}},{"is_hidden":false,"slot":1,"pokemon":{"name":"moltres","url":"http://pokeapi.co/api/v2/pokemon/146/"}},{"is_hidden":false,"slot":1,"pokemon":{"name":"mewtwo","url":"http://pokeapi.co/api/v2/pokemon/150/"}},{"is_hidden":false,"slot":1,"pokemon":{"name":"raikou","url":"http://pokeapi.co/api/v2/pokemon/243/"}},{"is_hidden":false,"slot":1,"pokemon":{"name":"entei","url":"http://pokeapi.co/api/v2/pokemon/244/"}},{"is_hidden":false,"slot":1,"pokemon":{"name":"suicune","url":"http://pokeapi.co/api/v2/pokemon/245/"}},{"is_hidden":false,"slot":1,"pokemon":{"name":"lugia","url":"http://pokeapi.co/api/v2/pokemon/249/"}},{"is_hidden":false,"slot":1,"pokemon":{"name":"ho-oh","url":"http://pokeapi.co/api/v2/pokemon/250/"}},{"is_hidden":true,"slot":3,"pokemon":{"name":"wailmer","url":"http://pokeapi.co/api/v2/pokemon/320/"}},{"is_hidden":true,"slot":3,"pokemon":{"name":"wailord","url":"http://pokeapi.co/api/v2/pokemon/321/"}},{"is_hidden":false,"slot":1,"pokemon":{"name":"dusclops","url":"http://pokeapi.co/api/v2/pokemon/356/"}},{"is_hidden":false,"slot":1,"pokemon":{"name":"absol","url":"http://pokeapi.co/api/v2/pokemon/359/"}},{"is_hidden":false,"slot":1,"pokemon":{"name":"deoxys-normal","url":"http://pokeapi.co/api/v2/pokemon/386/"}},{"is_hidden":false,"slot":1,"pokemon":{"name":"vespiquen","url":"http://pokeapi.co/api/v2/pokemon/416/"}},{"is_hidden":false,"slot":1,"pokemon":{"name":"spiritomb","url":"http://pokeapi.co/api/v2/pokemon/442/"}},{"is_hidden":false,"slot":1,"pokemon":{"name":"weavile","url":"http://pokeapi.co/api/v2/pokemon/461/"}},{"is_hidden":false,"slot":1,"pokemon":{"name":"dusknoir","url":"http://pokeapi.co/api/v2/pokemon/477/"}},{"is_hidden":false,"slot":1,"pokemon":{"name":"dialga","url":"http://pokeapi.co/api/v2/pokemon/483/"}},{"is_hidden":false,"slot":1,"pokemon":{"name":"palkia","url":"http://pokeapi.co/api/v2/pokemon/484/"}},{"is_hidden":false,"slot":1,"pokemon":{"name":"giratina-altered","url":"http://pokeapi.co/api/v2/pokemon/487/"}},{"is_hidden":true,"slot":3,"pokemon":{"name":"pawniard","url":"http://pokeapi.co/api/v2/pokemon/624/"}},{"is_hidden":true,"slot":3,"pokemon":{"name":"bisharp","url":"http://pokeapi.co/api/v2/pokemon/625/"}},{"is_hidden":false,"slot":1,"pokemon":{"name":"kyurem","url":"http://pokeapi.co/api/v2/pokemon/646/"}},{"is_hidden":false,"slot":1,"pokemon":{"name":"deoxys-attack","url":"http://pokeapi.co/api/v2/pokemon/10001/"}},{"is_hidden":false,"slot":1,"pokemon":{"name":"deoxys-defense","url":"http://pokeapi.co/api/v2/pokemon/10002/"}},{"is_hidden":false,"slot":1,"pokemon":{"name":"deoxys-speed","url":"http://pokeapi.co/api/v2/pokemon/10003/"}}]}