{"id":142,"name":"overcoat","is_main_series":true,"generation":{"name":"generation-v","url":"http://pokeapi.co/api/v2/generation/5/"},"names":[{"name":"Overcoat","language":{"name":"en","url":"http://pokeapi.co/api/v2/language/9/"}},{"name":"Copricapo","language":{"name":"it","url":"http://pokeapi.co/api/v2/language/8/"}},{"name":"Funda","language":{"name":"es","url":"http://pokeapi.co/api/v2/language/7/"}},{"name":"Wetterfest","language":{"name":"de","url":"http://pokeapi.co/api/v2/language/6/"}},{"name":"Envelocape","language":{"name":"fr","url":"http://pokeapi.co/api/v2/language/5/"}},{"name":"방진","language":{"name":"ko","url":"http://pokeapi.co/api/v2/language/3/"}},{"name":"ぼうじん","language":{"name":"ja","url":"http://pokeapi.co/api/v2/language/1/"}}],"effect_entries":[{"effect":"This Pokémon does not take damage from weather.","short_effect":"Protects against damage from weather.","language":{"name":"en","url":"http://pokeapi.co/api/v2/language/9/"}}],"effect_changes":[],"flavor_text_entries":[{"flavor_text":"ちりや　粉を\n防ぐ。","language":{"name":"ja-kanji","url":"http://pokeapi.co/api/v2/language/11/"},"version_group":{"name":"omega-ruby-alpha-sapphire","url":"http://pokeapi.co/api/v2/version-group/16/"}},{"flavor_text":"Protects the Pokémon from things\nlike sand, hail, and powder.","language":{"name":"en","url":"http://pokeapi.co/api/v2/language/9/"},"version_group":{"name":"omega-ruby-alpha-sapphire","url":"http://pokeapi.co/api/v2/version-group/16/"}},{"flavor_text":"Protegge il Pokémon da polvere,\nsabbia e grandine.","language":{"name":"it","url":"http://pokeapi.co/api/v2/language/8/"},"version_group":{"name":"omega-ruby-alpha-sapphire","url":"http://pokeapi.co/api/v2/version-group/16/"}},{"flavor_text":"Protege del polvo, la arena y\nel granizo.","language":{"name":"es","url":"http://pokeapi.co/api/v2/language/7/"},"version_group":{"name":"omega-ruby-alpha-sapphire","url":"http://pokeapi.co/api/v2/version-group/16/"}},{"flavor_text":"Nimmt keinen Schaden\ndurch Wetterbedingungen.","language":{"name":"de","url":"http://pokeapi.co/api/v2/language/6/"},"version_group":{"name":"omega-ruby-alpha-sapphire","url":"http://pokeapi.co/api/v2/version-group/16/"}},{"flavor_text":"Protège du sable, de la grêle\nou de la poudre.","language":{"name":"fr","url":"http://pokeapi.co/api/v2/language/5/"},"version_group":{"name":"omega-ruby-alpha-sapphire","url":"http://pokeapi.co/api/v2/version-group/16/"}},{"flavor_text":"먼지나 가루를\n막는다.","language":{"name":"ko","url":"http://pokeapi.co/api/v2/language/3/"},"version_group":{"name":"omega-ruby-alpha-sapphire","url":"http://pokeapi.co/api/v2/version-group/16/"}},{"flavor_text":"ちりや　こなを\nふせぐ。","language":{"name":"ja","url":"http://pokeapi.co/api/v2/language/1/"},"version_group":{"name":"omega-ruby-alpha-sapphire","url":"http://pokeapi.co/api/v2/version-group/16/"}},{"flavor_text":"ちりや　粉を\n防ぐ。","language":{"name":"ja-kanji","url":"http://pokeapi.co/api/v2/language/11/"},"version_group":{"name":"x-y","url":"http://pokeapi.co/api/v2/version-group/15/"}},{"flavor_text":"Protects the Pokémon from things\nlike sand, hail, and powder.","language":{"name":"en","url":"http://pokeapi.co/api/v2/language/9/"},"version_group":{"name":"x-y","url":"http://pokeapi.co/api/v2/version-group/15/"}},{"flavor_text":"Protegge il Pokémon da polvere,\nsabbia e grandine.","language":{"name":"it","url":"http://pokeapi.co/api/v2/language/8/"},"version_group":{"name":"x-y","url":"http://pokeapi.co/api/v2/version-group/15/"}},{"flavor_text":"Protege del polvo, la arena y\nel granizo.","language":{"name":"es","url":"http://pokeapi.co/api/v2/language/7/"},"version_group":{"name":"x-y","url":"http://pokeapi.co/api/v2/version-group/15/"}},{"flavor_text":"Nimmt keinen Schaden\ndurch Wetterbedingungen.","language":{"name":"de","url":"http://pokeapi.co/api/v2/language/6/"},"version_group":{"name":"x-y","url":"http://pokeapi.co/api/v2/version-group/15/"}},{"flavor_text":"Protège du sable, de la grêle\nou de la poudre.","language":{"name":"fr","url":"http://pokeapi.co/api/v2/language/5/"},"version_group":{"name":"x-y","url":"http://pokeapi.co/api/v2/version-group/15/"}},{"flavor_text":"먼지나 가루를\n막는다.","language":{"name":"ko","url":"http://pokeapi.co/api/v2/language/3/"},"version_group":{"name":"x-y","url":"http://pokeapi.co/api/v2/version-group/15/"}},{"flavor_text":"ちりや　こなを\nふせぐ。","language":{"name":"ja","url":"http://pokeapi.co/api/v2/language/1/"},"version_group":{"name":"x-y","url":"http://pokeapi.co/api/v2/version-group/15/"}},{"flavor_text":"Protects the Pokémon from\ndamage from weather.","language":{"name":"en","url":"http://pokeapi.co/api/v2/language/9/"},"version_group":{"name":"black-2-white-2","url":"http://pokeapi.co/api/v2/version-group/14/"}},{"flavor_text":"Protects the Pokémon from\ndamage from weather.","language":{"name":"en","url":"http://pokeapi.co/api/v2/language/9/"},"version_group":{"name":"black-white","url":"http://pokeapi.co/api/v2/version-group/11/"}},{"flavor_text":"Neutralise les dégâts dus\nà la météo.","language":{"name":"fr","url":"http://pokeapi.co/api/v2/language/5/"},"version_group":{"name":"black-white","url":"http://pokeapi.co/api/v2/version-group/11/"}}],"pokemon":[{"is_hidden":true,"slot":3,"pokemon":{"name":"shellder","url":"http://pokeapi.co/api/v2/pokemon/90/"}},{"is_hidden":true,"slot":3,"pokemon":{"name":"cloyster","url":"http://pokeapi.co/api/v2/pokemon/91/"}},{"is_hidden":true,"slot":3,"pokemon":{"name":"pineco","url":"http://pokeapi.co/api/v2/pokemon/204/"}},{"is_hidden":true,"slot":3,"pokemon":{"name":"forretress","url":"http://pokeapi.co/api/v2/pokemon/205/"}},{"is_hidden":true,"slot":3,"pokemon":{"name":"shelgon","url":"http://pokeapi.co/api/v2/pokemon/372/"}},{"is_hidden":true,"slot":3,"pokemon":{"name":"burmy","url":"http://pokeapi.co/api/v2/pokemon/412/"}},{"is_hidden":true,"slot":3,"pokemon":{"name":"wormadam-plant","url":"http://pokeapi.co/api/v2/pokemon/413/"}},{"is_hidden":true,"slot":3,"pokemon":{"name":"sewaddle","url":"http://pokeapi.co/api/v2/pokemon/540/"}},{"is_hidden":true,"slot":3,"pokemon":{"name":"swadloon","url":"http://pokeapi.co/api/v2/pokemon/541/"}},{"is_hidden":true,"slot":3,"pokemon":{"name":"leavanny","url":"http://pokeapi.co/api/v2/pokemon/542/"}},{"is_hidden":false,"slot":1,"pokemon":{"name":"solosis","url":"http://pokeapi.co/api/v2/pokemon/577/"}},{"is_hidden":false,"slot":1,"pokemon":{"name":"duosion","url":"http://pokeapi.co/api/v2/pokemon/578/"}},{"is_hidden":false,"slot":1,"pokemon":{"name":"reuniclus","url":"http://pokeapi.co/api/v2/pokemon/579/"}},{"is_hidden":true,"slot":3,"pokemon":{"name":"escavalier","url":"http://pokeapi.co/api/v2/pokemon/589/"}},{"is_hidden":true,"slot":3,"pokemon":{"name":"shelmet","url":"http://pokeapi.co/api/v2/pokemon/616/"}},{"is_hidden":false,"slot":2,"pokemon":{"name":"vullaby","url":"http://pokeapi.co/api/v2/pokemon/629/"}},{"is_hidden":false,"slot":2,"pokemon":{"name":"mandibuzz","url":"http://pokeapi.co/api/v2/pokemon/630/"}},{"is_hidden":true,"slot":3,"pokemon":{"name":"wormadam-sandy","url":"http://pokeapi.co/api/v2/pokemon/10004/"}},{"is_hidden":true,"slot":3,"pokemon":{"name":"wormadam-trash","url":"http://pokeapi.co/api/v2/pokemon/10005/"}}]}