{"id":96,"name":"normalize","is_main_series":true,"generation":{"name":"generation-iv","url":"http://pokeapi.co/api/v2/generation/4/"},"names":[{"name":"Normalize","language":{"name":"en","url":"http://pokeapi.co/api/v2/language/9/"}},{"name":"Normalità","language":{"name":"it","url":"http://pokeapi.co/api/v2/language/8/"}},{"name":"Normalidad","language":{"name":"es","url":"http://pokeapi.co/api/v2/language/7/"}},{"name":"Regulierung","language":{"name":"de","url":"http://pokeapi.co/api/v2/language/6/"}},{"name":"Normalise","language":{"name":"fr","url":"http://pokeapi.co/api/v2/language/5/"}},{"name":"노말스킨","language":{"name":"ko","url":"http://pokeapi.co/api/v2/language/3/"}},{"name":"ノーマルスキン","language":{"name":"ja","url":"http://pokeapi.co/api/v2/language/1/"}}],"effect_entries":[{"effect":"This Pokémon's moves all act as if they were normal-type.\n\nMoves that inflict typeless damage do so as usual.  Moves of variable type, such as hidden power, are affected.  They otherwise work as usual, however; weather ball, for example, is always forced to be Normal, but it still has doubled power and looks different during weather.\n\nAs thunder wave is prevented by immunities, unlike most non-damaging moves, it does not affect ghost-type Pokémon under the effect of this ability.","short_effect":"Makes the Pokémon's moves all act normal-type.","language":{"name":"en","url":"http://pokeapi.co/api/v2/language/9/"}}],"effect_changes":[],"flavor_text_entries":[{"flavor_text":"だした技が　すべて\nノーマルタイプに　なる。","language":{"name":"ja-kanji","url":"http://pokeapi.co/api/v2/language/11/"},"version_group":{"name":"omega-ruby-alpha-sapphire","url":"http://pokeapi.co/api/v2/version-group/16/"}},{"flavor_text":"All the Pokémon’s moves\nbecome Normal type.","language":{"name":"en","url":"http://pokeapi.co/api/v2/language/9/"},"version_group":{"name":"omega-ruby-alpha-sapphire","url":"http://pokeapi.co/api/v2/version-group/16/"}},{"flavor_text":"Le mosse del Pokémon\ndiventano di tipo Normale.","language":{"name":"it","url":"http://pokeapi.co/api/v2/language/8/"},"version_group":{"name":"omega-ruby-alpha-sapphire","url":"http://pokeapi.co/api/v2/version-group/16/"}},{"flavor_text":"Todos los movimientos se vuelven\nde tipo Normal.","language":{"name":"es","url":"http://pokeapi.co/api/v2/language/7/"},"version_group":{"name":"omega-ruby-alpha-sapphire","url":"http://pokeapi.co/api/v2/version-group/16/"}},{"flavor_text":"Alle Attacken des Pokémon\nwerden zu Normal-Attacken.","language":{"name":"de","url":"http://pokeapi.co/api/v2/language/6/"},"version_group":{"name":"omega-ruby-alpha-sapphire","url":"http://pokeapi.co/api/v2/version-group/16/"}},{"flavor_text":"Toutes les capacités sont de\ntype Normal.","language":{"name":"fr","url":"http://pokeapi.co/api/v2/language/5/"},"version_group":{"name":"omega-ruby-alpha-sapphire","url":"http://pokeapi.co/api/v2/version-group/16/"}},{"flavor_text":"쓴 기술이 모두\n노말타입이 된다.","language":{"name":"ko","url":"http://pokeapi.co/api/v2/language/3/"},"version_group":{"name":"omega-ruby-alpha-sapphire","url":"http://pokeapi.co/api/v2/version-group/16/"}},{"flavor_text":"だしたわざが　すべて\nノーマルタイプに　なる。","language":{"name":"ja","url":"http://pokeapi.co/api/v2/language/1/"},"version_group":{"name":"omega-ruby-alpha-sapphire","url":"http://pokeapi.co/api/v2/version-group/16/"}},{"flavor_text":"だした技が　すべて\nノーマルタイプに　なる。","language":{"name":"ja-kanji","url":"http://pokeapi.co/api/v2/language/11/"},"version_group":{"name":"x-y","url":"http://pokeapi.co/api/v2/version-group/15/"}},{"flavor_text":"All the Pokémon’s moves\nbecome Normal type.","language":{"name":"en","url":"http://pokeapi.co/api/v2/language/9/"},"version_group":{"name":"x-y","url":"http://pokeapi.co/api/v2/version-group/15/"}},{"flavor_text":"Le mosse del Pokémon\ndiventano di tipo Normale.","language":{"name":"it","url":"http://pokeapi.co/api/v2/language/8/"},"version_group":{"name":"x-y","url":"http://pokeapi.co/api/v2/version-group/15/"}},{"flavor_text":"Todos los movimientos se vuelven\nde tipo Normal.","language":{"name":"es","url":"http://pokeapi.co/api/v2/language/7/"},"version_group":{"name":"x-y","url":"http://pokeapi.co/api/v2/version-group/15/"}},{"flavor_text":"Alle Attacken des Pokémon\nwerden zu Normal-Attacken.","language":{"name":"de","url":"http://pokeapi.co/api/v2/language/6/"},"version_group":{"name":"x-y","url":"http://pokeapi.co/api/v2/version-group/15/"}},{"flavor_text":"Toutes les capacités sont de\ntype Normal.","language":{"name":"fr","url":"http://pokeapi.co/api/v2/language/5/"},"version_group":{"name":"x-y","url":"http://pokeapi.co/api/v2/version-group/15/"}},{"flavor_text":"쓴 기술이 모두\n노말타입이 된다.","language":{"name":"ko","url":"http://pokeapi.co/api/v2/language/3/"},"version_group":{"name":"x-y","url":"http://pokeapi.co/api/v2/version-group/15/"}},{"flavor_text":"だしたわざが　すべて\nノーマルタイプに　なる。","language":{"name":"ja","url":"http://pokeapi.co/api/v2/language/1/"},"version_group":{"name":"x-y","url":"http://pokeapi.co/api/v2/version-group/15/"}},{"flavor_text":"All the Pokémon’s moves\nbecome the Normal type.","language":{"name":"en","url":"http://pokeapi.co/api/v2/language/9/"},"version_group":{"name":"black-2-white-2","url":"http://pokeapi.co/api/v2/version-group/14/"}},{"flavor_text":"All the Pokémon’s moves\nbecome the Normal type.","language":{"name":"en","url":"http://pokeapi.co/api/v2/language/9/"},"version_group":{"name":"black-white","url":"http://pokeapi.co/api/v2/version-group/11/"}},{"flavor_text":"Toutes les capacités sont\nde type Normal.","language":{"name":"fr","url":"http://pokeapi.co/api/v2/language/5/"},"version_group":{"name":"black-white","url":"http://pokeapi.co/api/v2/version-group/11/"}},{"flavor_text":"All the Pokémon’s moves\nbecome the Normal type.","language":{"name":"en","url":"http://pokeapi.co/api/v2/language/9/"},"version_group":{"name":"heartgold-soulsilver","url":"http://pokeapi.co/api/v2/version-group/10/"}},{"flavor_text":"All the Pokémon’s moves\nbecome the Normal type.","language":{"name":"en","url":"http://pokeapi.co/api/v2/language/9/"},"version_group":{"name":"platinum","url":"http://pokeapi.co/api/v2/version-group/9/"}},{"flavor_text":"All the Pokémon’s moves\nbecome the Normal type.","language":{"name":"en","url":"http://pokeapi.co/api/v2/language/9/"},"version_group":{"name":"diamond-pearl","url":"http://pokeapi.co/api/v2/version-group/8/"}}],"pokemon":[{"is_hidden":false,"slot":2,"pokemon":{"name":"skitty","url":"http://pokeapi.co/api/v2/pokemon/300/"}},{"is_hidden":false,"slot":2,"pokemon":{"name":"delcatty","url":"http://pokeapi.co/api/v2/pokemon/301/"}}]}