{"id":137,"name":"toxic-boost","is_main_series":true,"generation":{"name":"generation-v","url":"http://pokeapi.co/api/v2/generation/5/"},"names":[{"name":"Toxic Boost","language":{"name":"en","url":"http://pokeapi.co/api/v2/language/9/"}},{"name":"Velenimpeto","language":{"name":"it","url":"http://pokeapi.co/api/v2/language/8/"}},{"name":"Ímpetu Tóxico","language":{"name":"es","url":"http://pokeapi.co/api/v2/language/7/"}},{"name":"Giftwahn","language":{"name":"de","url":"http://pokeapi.co/api/v2/language/6/"}},{"name":"Rage Poison","language":{"name":"fr","url":"http://pokeapi.co/api/v2/language/5/"}},{"name":"독폭주","language":{"name":"ko","url":"http://pokeapi.co/api/v2/language/3/"}},{"name":"どくぼうそう","language":{"name":"ja","url":"http://pokeapi.co/api/v2/language/1/"}}],"effect_entries":[{"effect":"This Pokémon has 1.5× its Attack when poisoned.","short_effect":"Increases Attack to 1.5× when poisoned.","language":{"name":"en","url":"http://pokeapi.co/api/v2/language/9/"}}],"effect_changes":[],"flavor_text_entries":[{"flavor_text":"どくのとき　物理の\n威力が　あがる。","language":{"name":"ja-kanji","url":"http://pokeapi.co/api/v2/language/11/"},"version_group":{"name":"omega-ruby-alpha-sapphire","url":"http://pokeapi.co/api/v2/version-group/16/"}},{"flavor_text":"Powers up physical attacks when\nthe Pokémon is poisoned.","language":{"name":"en","url":"http://pokeapi.co/api/v2/language/9/"},"version_group":{"name":"omega-ruby-alpha-sapphire","url":"http://pokeapi.co/api/v2/version-group/16/"}},{"flavor_text":"Aumenta l’Attacco se il Pokémon\nè avvelenato.","language":{"name":"it","url":"http://pokeapi.co/api/v2/language/8/"},"version_group":{"name":"omega-ruby-alpha-sapphire","url":"http://pokeapi.co/api/v2/version-group/16/"}},{"flavor_text":"Aumenta la potencia física si está\nenvenenado.","language":{"name":"es","url":"http://pokeapi.co/api/v2/language/7/"},"version_group":{"name":"omega-ruby-alpha-sapphire","url":"http://pokeapi.co/api/v2/version-group/16/"}},{"flavor_text":"Erhöht bei Vergiftung die Stärke\nvon physischen Attacken.","language":{"name":"de","url":"http://pokeapi.co/api/v2/language/6/"},"version_group":{"name":"omega-ruby-alpha-sapphire","url":"http://pokeapi.co/api/v2/version-group/16/"}},{"flavor_text":"Booste les attaques physiques\nsi le Pokémon est empoisonné.","language":{"name":"fr","url":"http://pokeapi.co/api/v2/language/5/"},"version_group":{"name":"omega-ruby-alpha-sapphire","url":"http://pokeapi.co/api/v2/version-group/16/"}},{"flavor_text":"독 상태일 때 물리공격의\n위력이 올라간다.","language":{"name":"ko","url":"http://pokeapi.co/api/v2/language/3/"},"version_group":{"name":"omega-ruby-alpha-sapphire","url":"http://pokeapi.co/api/v2/version-group/16/"}},{"flavor_text":"どくのとき　ぶつりの\nいりょくが　あがる。","language":{"name":"ja","url":"http://pokeapi.co/api/v2/language/1/"},"version_group":{"name":"omega-ruby-alpha-sapphire","url":"http://pokeapi.co/api/v2/version-group/16/"}},{"flavor_text":"どくのとき　物理の\n威力が　あがる。","language":{"name":"ja-kanji","url":"http://pokeapi.co/api/v2/language/11/"},"version_group":{"name":"x-y","url":"http://pokeapi.co/api/v2/version-group/15/"}},{"flavor_text":"Powers up physical attacks when\nthe Pokémon is poisoned.","language":{"name":"en","url":"http://pokeapi.co/api/v2/language/9/"},"version_group":{"name":"x-y","url":"http://pokeapi.co/api/v2/version-group/15/"}},{"flavor_text":"Aumenta l’Attacco se il Pokémon\nè avvelenato.","language":{"name":"it","url":"http://pokeapi.co/api/v2/language/8/"},"version_group":{"name":"x-y","url":"http://pokeapi.co/api/v2/version-group/15/"}},{"flavor_text":"Aumenta la potencia física si está\nenvenenado.","language":{"name":"es","url":"http://pokeapi.co/api/v2/language/7/"},"version_group":{"name":"x-y","url":"http://pokeapi.co/api/v2/version-group/15/"}},{"flavor_text":"Erhöht bei Vergiftung die Stärke\nvon physischen Attacken.","language":{"name":"de","url":"http://pokeapi.co/api/v2/language/6/"},"version_group":{"name":"x-y","url":"http://pokeapi.co/api/v2/version-group/15/"}},{"flavor_text":"Booste les attaques physiques\nsi le statut est poison.","language":{"name":"fr","url":"http://pokeapi.co/api/v2/language/5/"},"version_group":{"name":"x-y","url":"http://pokeapi.co/api/v2/version-group/15/"}},{"flavor_text":"독 상태일 때 물리공격의\n위력이 올라간다.","language":{"name":"ko","url":"http://pokeapi.co/api/v2/language/3/"},"version_group":{"name":"x-y","url":"http://pokeapi.co/api/v2/version-group/15/"}},{"flavor_text":"どくのとき　ぶつりの\nいりょくが　あがる。","language":{"name":"ja","url":"http://pokeapi.co/api/v2/language/1/"},"version_group":{"name":"x-y","url":"http://pokeapi.co/api/v2/version-group/15/"}},{"flavor_text":"Powers up physical\nattacks when poisoned.","language":{"name":"en","url":"http://pokeapi.co/api/v2/language/9/"},"version_group":{"name":"black-2-white-2","url":"http://pokeapi.co/api/v2/version-group/14/"}},{"flavor_text":"Powers up physical\nattacks when poisoned.","language":{"name":"en","url":"http://pokeapi.co/api/v2/language/9/"},"version_group":{"name":"black-white","url":"http://pokeapi.co/api/v2/version-group/11/"}},{"flavor_text":"Booste les att. physiques\nsi le statut est poison.","language":{"name":"fr","url":"http://pokeapi.co/api/v2/language/5/"},"version_group":{"name":"black-white","url":"http://pokeapi.co/api/v2/version-group/11/"}}],"pokemon":[{"is_hidden":true,"slot":3,"pokemon":{"name":"zangoose","url":"http://pokeapi.co/api/v2/pokemon/335/"}}]}