{"id":110,"name":"tinted-lens","is_main_series":true,"generation":{"name":"generation-iv","url":"http://pokeapi.co/api/v2/generation/4/"},"names":[{"name":"Tinted Lens","language":{"name":"en","url":"http://pokeapi.co/api/v2/language/9/"}},{"name":"Lentifumé","language":{"name":"it","url":"http://pokeapi.co/api/v2/language/8/"}},{"name":"Cromolente","language":{"name":"es","url":"http://pokeapi.co/api/v2/language/7/"}},{"name":"Aufwertung","language":{"name":"de","url":"http://pokeapi.co/api/v2/language/6/"}},{"name":"Lentiteintée","language":{"name":"fr","url":"http://pokeapi.co/api/v2/language/5/"}},{"name":"색안경","language":{"name":"ko","url":"http://pokeapi.co/api/v2/language/3/"}},{"name":"いろめがね","language":{"name":"ja","url":"http://pokeapi.co/api/v2/language/1/"}}],"effect_entries":[{"effect":"This Pokémon deals twice as much damage with moves that are not very effective against the target.","short_effect":"Doubles damage inflicted with not-very-effective moves.","language":{"name":"en","url":"http://pokeapi.co/api/v2/language/9/"}}],"effect_changes":[],"flavor_text_entries":[{"flavor_text":"効果いまひとつ　のとき\n技を　強める。","language":{"name":"ja-kanji","url":"http://pokeapi.co/api/v2/language/11/"},"version_group":{"name":"omega-ruby-alpha-sapphire","url":"http://pokeapi.co/api/v2/version-group/16/"}},{"flavor_text":"Powers up “not very\neffective” moves.","language":{"name":"en","url":"http://pokeapi.co/api/v2/language/9/"},"version_group":{"name":"omega-ruby-alpha-sapphire","url":"http://pokeapi.co/api/v2/version-group/16/"}},{"flavor_text":"Potenzia le mosse non molto\nefficaci.","language":{"name":"it","url":"http://pokeapi.co/api/v2/language/8/"},"version_group":{"name":"omega-ruby-alpha-sapphire","url":"http://pokeapi.co/api/v2/version-group/16/"}},{"flavor_text":"Potencia los movimientos que no\nson muy eficaces.","language":{"name":"es","url":"http://pokeapi.co/api/v2/language/7/"},"version_group":{"name":"omega-ruby-alpha-sapphire","url":"http://pokeapi.co/api/v2/version-group/16/"}},{"flavor_text":"Verstärkt nicht sehr effektive\nAttacken.","language":{"name":"de","url":"http://pokeapi.co/api/v2/language/6/"},"version_group":{"name":"omega-ruby-alpha-sapphire","url":"http://pokeapi.co/api/v2/version-group/16/"}},{"flavor_text":"Améliore les capacités «pas très\nefficaces».","language":{"name":"fr","url":"http://pokeapi.co/api/v2/language/5/"},"version_group":{"name":"omega-ruby-alpha-sapphire","url":"http://pokeapi.co/api/v2/version-group/16/"}},{"flavor_text":"효과가 별로인 기술이\n강해진다.","language":{"name":"ko","url":"http://pokeapi.co/api/v2/language/3/"},"version_group":{"name":"omega-ruby-alpha-sapphire","url":"http://pokeapi.co/api/v2/version-group/16/"}},{"flavor_text":"こうかいまひとつ　のとき\nわざを　つよめる。","language":{"name":"ja","url":"http://pokeapi.co/api/v2/language/1/"},"version_group":{"name":"omega-ruby-alpha-sapphire","url":"http://pokeapi.co/api/v2/version-group/16/"}},{"flavor_text":"効果いまひとつ　のとき\n技を　強める。","language":{"name":"ja-kanji","url":"http://pokeapi.co/api/v2/language/11/"},"version_group":{"name":"x-y","url":"http://pokeapi.co/api/v2/version-group/15/"}},{"flavor_text":"Powers up “not very\neffective” moves.","language":{"name":"en","url":"http://pokeapi.co/api/v2/language/9/"},"version_group":{"name":"x-y","url":"http://pokeapi.co/api/v2/version-group/15/"}},{"flavor_text":"Potenzia le mosse non molto\nefficaci.","language":{"name":"it","url":"http://pokeapi.co/api/v2/language/8/"},"version_group":{"name":"x-y","url":"http://pokeapi.co/api/v2/version-group/15/"}},{"flavor_text":"Potencia los movimientos que no\nson muy eficaces.","language":{"name":"es","url":"http://pokeapi.co/api/v2/language/7/"},"version_group":{"name":"x-y","url":"http://pokeapi.co/api/v2/version-group/15/"}},{"flavor_text":"Verstärkt nicht sehr effektive\nAttacken.","language":{"name":"de","url":"http://pokeapi.co/api/v2/language/6/"},"version_group":{"name":"x-y","url":"http://pokeapi.co/api/v2/version-group/15/"}},{"flavor_text":"Améliore les capacités « pas très\nefficaces ».","language":{"name":"fr","url":"http://pokeapi.co/api/v2/language/5/"},"version_group":{"name":"x-y","url":"http://pokeapi.co/api/v2/version-group/15/"}},{"flavor_text":"효과가 별로인 기술이\n강해진다.","language":{"name":"ko","url":"http://pokeapi.co/api/v2/language/3/"},"version_group":{"name":"x-y","url":"http://pokeapi.co/api/v2/version-group/15/"}},{"flavor_text":"こうかいまひとつ　のとき\nわざを　つよめる。","language":{"name":"ja","url":"http://pokeapi.co/api/v2/language/1/"},"version_group":{"name":"x-y","url":"http://pokeapi.co/api/v2/version-group/15/"}},{"flavor_text":"Powers up “not very\neffective” moves.","language":{"name":"en","url":"http://pokeapi.co/api/v2/language/9/"},"version_group":{"name":"black-2-white-2","url":"http://pokeapi.co/api/v2/version-group/14/"}},{"flavor_text":"Powers up “not very\neffective” moves.","language":{"name":"en","url":"http://pokeapi.co/api/v2/language/9/"},"version_group":{"name":"black-white","url":"http://pokeapi.co/api/v2/version-group/11/"}},{"flavor_text":"Améliore les capacités\n“pas très efficaces”.","language":{"name":"fr","url":"http://pokeapi.co/api/v2/language/5/"},"version_group":{"name":"black-white","url":"http://pokeapi.co/api/v2/version-group/11/"}},{"flavor_text":"Powers up “not very\neffective” moves.","language":{"name":"en","url":"http://pokeapi.co/api/v2/language/9/"},"version_group":{"name":"heartgold-soulsilver","url":"http://pokeapi.co/api/v2/version-group/10/"}},{"flavor_text":"Powers up “not very\neffective” moves.","language":{"name":"en","url":"http://pokeapi.co/api/v2/language/9/"},"version_group":{"name":"platinum","url":"http://pokeapi.co/api/v2/version-group/9/"}},{"flavor_text":"Powers up “not very\neffective” moves.","language":{"name":"en","url":"http://pokeapi.co/api/v2/language/9/"},"version_group":{"name":"diamond-pearl","url":"http://pokeapi.co/api/v2/version-group/8/"}}],"pokemon":[{"is_hidden":true,"slot":3,"pokemon":{"name":"butterfree","url":"http://pokeapi.co/api/v2/pokemon/12/"}},{"is_hidden":false,"slot":2,"pokemon":{"name":"venonat","url":"http://pokeapi.co/api/v2/pokemon/48/"}},{"is_hidden":false,"slot":2,"pokemon":{"name":"venomoth","url":"http://pokeapi.co/api/v2/pokemon/49/"}},{"is_hidden":true,"slot":3,"pokemon":{"name":"hoothoot","url":"http://pokeapi.co/api/v2/pokemon/163/"}},{"is_hidden":true,"slot":3,"pokemon":{"name":"noctowl","url":"http://pokeapi.co/api/v2/pokemon/164/"}},{"is_hidden":false,"slot":2,"pokemon":{"name":"illumise","url":"http://pokeapi.co/api/v2/pokemon/314/"}},{"is_hidden":true,"slot":3,"pokemon":{"name":"mothim","url":"http://pokeapi.co/api/v2/pokemon/414/"}},{"is_hidden":false,"slot":2,"pokemon":{"name":"yanmega","url":"http://pokeapi.co/api/v2/pokemon/469/"}},{"is_hidden":true,"slot":3,"pokemon":{"name":"sigilyph","url":"http://pokeapi.co/api/v2/pokemon/561/"}}]}