{"id":120,"name":"reckless","is_main_series":true,"generation":{"name":"generation-iv","url":"http://pokeapi.co/api/v2/generation/4/"},"names":[{"name":"Reckless","language":{"name":"en","url":"http://pokeapi.co/api/v2/language/9/"}},{"name":"Temerarietà","language":{"name":"it","url":"http://pokeapi.co/api/v2/language/8/"}},{"name":"Audaz","language":{"name":"es","url":"http://pokeapi.co/api/v2/language/7/"}},{"name":"Achtlos","language":{"name":"de","url":"http://pokeapi.co/api/v2/language/6/"}},{"name":"Téméraire","language":{"name":"fr","url":"http://pokeapi.co/api/v2/language/5/"}},{"name":"이판사판","language":{"name":"ko","url":"http://pokeapi.co/api/v2/language/3/"}},{"name":"すてみ","language":{"name":"ja","url":"http://pokeapi.co/api/v2/language/1/"}}],"effect_entries":[{"effect":"This Pokémon's recoil moves and crash moves have 1.2× their base power.\n\nstruggle is unaffected.\n\nThe \"crash moves\" are the moves that damage the user upon missing: jump kick and high jump kick.","short_effect":"Strengthens recoil moves to 1.2× their power.","language":{"name":"en","url":"http://pokeapi.co/api/v2/language/9/"}}],"effect_changes":[],"flavor_text_entries":[{"flavor_text":"反動で　ダメージを\n受ける技が　強くなる。","language":{"name":"ja-kanji","url":"http://pokeapi.co/api/v2/language/11/"},"version_group":{"name":"omega-ruby-alpha-sapphire","url":"http://pokeapi.co/api/v2/version-group/16/"}},{"flavor_text":"Powers up moves that\nhave recoil damage.","language":{"name":"en","url":"http://pokeapi.co/api/v2/language/9/"},"version_group":{"name":"omega-ruby-alpha-sapphire","url":"http://pokeapi.co/api/v2/version-group/16/"}},{"flavor_text":"Potenzia le mosse che provocano \ncontraccolpi.","language":{"name":"it","url":"http://pokeapi.co/api/v2/language/8/"},"version_group":{"name":"omega-ruby-alpha-sapphire","url":"http://pokeapi.co/api/v2/version-group/16/"}},{"flavor_text":"Potencia los movimientos que\ndañan al usuario.","language":{"name":"es","url":"http://pokeapi.co/api/v2/language/7/"},"version_group":{"name":"omega-ruby-alpha-sapphire","url":"http://pokeapi.co/api/v2/version-group/16/"}},{"flavor_text":"Verstärkt Attacken mit\nRückstoß-Schaden.","language":{"name":"de","url":"http://pokeapi.co/api/v2/language/6/"},"version_group":{"name":"omega-ruby-alpha-sapphire","url":"http://pokeapi.co/api/v2/version-group/16/"}},{"flavor_text":"Booste les capacités ayant des\ndégâts de contrecoups.","language":{"name":"fr","url":"http://pokeapi.co/api/v2/language/5/"},"version_group":{"name":"omega-ruby-alpha-sapphire","url":"http://pokeapi.co/api/v2/version-group/16/"}},{"flavor_text":"반동 데미지를\n받는 기술이 강해진다.","language":{"name":"ko","url":"http://pokeapi.co/api/v2/language/3/"},"version_group":{"name":"omega-ruby-alpha-sapphire","url":"http://pokeapi.co/api/v2/version-group/16/"}},{"flavor_text":"はんどうで　ダメージを\nうけるわざが　つよくなる。","language":{"name":"ja","url":"http://pokeapi.co/api/v2/language/1/"},"version_group":{"name":"omega-ruby-alpha-sapphire","url":"http://pokeapi.co/api/v2/version-group/16/"}},{"flavor_text":"反動で　ダメージを\n受ける技が　強くなる。","language":{"name":"ja-kanji","url":"http://pokeapi.co/api/v2/language/11/"},"version_group":{"name":"x-y","url":"http://pokeapi.co/api/v2/version-group/15/"}},{"flavor_text":"Powers up moves that\nhave recoil damage.","language":{"name":"en","url":"http://pokeapi.co/api/v2/language/9/"},"version_group":{"name":"x-y","url":"http://pokeapi.co/api/v2/version-group/15/"}},{"flavor_text":"Potenzia le mosse che provocano\ncontraccolpi.","language":{"name":"it","url":"http://pokeapi.co/api/v2/language/8/"},"version_group":{"name":"x-y","url":"http://pokeapi.co/api/v2/version-group/15/"}},{"flavor_text":"Potencia los movimientos que\ndañan al usuario.","language":{"name":"es","url":"http://pokeapi.co/api/v2/language/7/"},"version_group":{"name":"x-y","url":"http://pokeapi.co/api/v2/version-group/15/"}},{"flavor_text":"Verstärkt Attacken mit\nRückstoß-Schaden.","language":{"name":"de","url":"http://pokeapi.co/api/v2/language/6/"},"version_group":{"name":"x-y","url":"http://pokeapi.co/api/v2/version-group/15/"}},{"flavor_text":"Booste les capacités ayant des\ndégâts de contrecoups.","language":{"name":"fr","url":"http://pokeapi.co/api/v2/language/5/"},"version_group":{"name":"x-y","url":"http://pokeapi.co/api/v2/version-group/15/"}},{"flavor_text":"반동 데미지를\n받는 기술이 강해진다.","language":{"name":"ko","url":"http://pokeapi.co/api/v2/language/3/"},"version_group":{"name":"x-y","url":"http://pokeapi.co/api/v2/version-group/15/"}},{"flavor_text":"はんどうで　ダメージを\nうけるわざが　つよくなる。","language":{"name":"ja","url":"http://pokeapi.co/api/v2/language/1/"},"version_group":{"name":"x-y","url":"http://pokeapi.co/api/v2/version-group/15/"}},{"flavor_text":"Powers up moves that\nhave recoil damage.","language":{"name":"en","url":"http://pokeapi.co/api/v2/language/9/"},"version_group":{"name":"black-2-white-2","url":"http://pokeapi.co/api/v2/version-group/14/"}},{"flavor_text":"Powers up moves that\nhave recoil damage.","language":{"name":"en","url":"http://pokeapi.co/api/v2/language/9/"},"version_group":{"name":"black-white","url":"http://pokeapi.co/api/v2/version-group/11/"}},{"flavor_text":"Booste les cap. ayant des\ndégâts de contrecoups.","language":{"name":"fr","url":"http://pokeapi.co/api/v2/language/5/"},"version_group":{"name":"black-white","url":"http://pokeapi.co/api/v2/version-group/11/"}},{"flavor_text":"Powers up moves that\nhave recoil damage.","language":{"name":"en","url":"http://pokeapi.co/api/v2/language/9/"},"version_group":{"name":"heartgold-soulsilver","url":"http://pokeapi.co/api/v2/version-group/10/"}},{"flavor_text":"Powers up moves that\nhave recoil damage.","language":{"name":"en","url":"http://pokeapi.co/api/v2/language/9/"},"version_group":{"name":"platinum","url":"http://pokeapi.co/api/v2/version-group/9/"}},{"flavor_text":"Powers up moves that\nhave recoil damage.","language":{"name":"en","url":"http://pokeapi.co/api/v2/language/9/"},"version_group":{"name":"diamond-pearl","url":"http://pokeapi.co/api/v2/version-group/8/"}}],"pokemon":[{"is_hidden":false,"slot":2,"pokemon":{"name":"hitmonlee","url":"http://pokeapi.co/api/v2/pokemon/106/"}},{"is_hidden":true,"slot":3,"pokemon":{"name":"rhyhorn","url":"http://pokeapi.co/api/v2/pokemon/111/"}},{"is_hidden":true,"slot":3,"pokemon":{"name":"rhydon","url":"http://pokeapi.co/api/v2/pokemon/112/"}},{"is_hidden":true,"slot":3,"pokemon":{"name":"starly","url":"http://pokeapi.co/api/v2/pokemon/396/"}},{"is_hidden":true,"slot":3,"pokemon":{"name":"staravia","url":"http://pokeapi.co/api/v2/pokemon/397/"}},{"is_hidden":true,"slot":3,"pokemon":{"name":"staraptor","url":"http://pokeapi.co/api/v2/pokemon/398/"}},{"is_hidden":true,"slot":3,"pokemon":{"name":"rhyperior","url":"http://pokeapi.co/api/v2/pokemon/464/"}},{"is_hidden":true,"slot":3,"pokemon":{"name":"emboar","url":"http://pokeapi.co/api/v2/pokemon/500/"}},{"is_hidden":false,"slot":1,"pokemon":{"name":"basculin-red-striped","url":"http://pokeapi.co/api/v2/pokemon/550/"}},{"is_hidden":true,"slot":3,"pokemon":{"name":"mienfoo","url":"http://pokeapi.co/api/v2/pokemon/619/"}},{"is_hidden":true,"slot":3,"pokemon":{"name":"mienshao","url":"http://pokeapi.co/api/v2/pokemon/620/"}},{"is_hidden":false,"slot":1,"pokemon":{"name":"bouffalant","url":"http://pokeapi.co/api/v2/pokemon/626/"}}]}