{"id":48,"name":"early-bird","is_main_series":true,"generation":{"name":"generation-iii","url":"http://pokeapi.co/api/v2/generation/3/"},"names":[{"name":"Early Bird","language":{"name":"en","url":"http://pokeapi.co/api/v2/language/9/"}},{"name":"Sveglialampo","language":{"name":"it","url":"http://pokeapi.co/api/v2/language/8/"}},{"name":"Madrugar","language":{"name":"es","url":"http://pokeapi.co/api/v2/language/7/"}},{"name":"Frühwecker","language":{"name":"de","url":"http://pokeapi.co/api/v2/language/6/"}},{"name":"Matinal","language":{"name":"fr","url":"http://pokeapi.co/api/v2/language/5/"}},{"name":"일찍기상","language":{"name":"ko","url":"http://pokeapi.co/api/v2/language/3/"}},{"name":"はやおき","language":{"name":"ja","url":"http://pokeapi.co/api/v2/language/1/"}}],"effect_entries":[{"effect":"This Pokémon's remaining sleep turn count falls by 2 rather than 1.\n\nIf this Pokémon's sleep counter is at 1, it will fall to 0 and then the Pokémon will wake up.","short_effect":"Makes sleep pass twice as quickly.","language":{"name":"en","url":"http://pokeapi.co/api/v2/language/9/"}}],"effect_changes":[],"flavor_text_entries":[{"flavor_text":"起きるのが　早くなる。\n","language":{"name":"ja-kanji","url":"http://pokeapi.co/api/v2/language/11/"},"version_group":{"name":"omega-ruby-alpha-sapphire","url":"http://pokeapi.co/api/v2/version-group/16/"}},{"flavor_text":"The Pokémon awakens\nquickly from sleep.","language":{"name":"en","url":"http://pokeapi.co/api/v2/language/9/"},"version_group":{"name":"omega-ruby-alpha-sapphire","url":"http://pokeapi.co/api/v2/version-group/16/"}},{"flavor_text":"Il Pokémon si risveglia\nrapidamente dal sonno.","language":{"name":"it","url":"http://pokeapi.co/api/v2/language/8/"},"version_group":{"name":"omega-ruby-alpha-sapphire","url":"http://pokeapi.co/api/v2/version-group/16/"}},{"flavor_text":"El Pokémon se despierta\nrápidamente.","language":{"name":"es","url":"http://pokeapi.co/api/v2/language/7/"},"version_group":{"name":"omega-ruby-alpha-sapphire","url":"http://pokeapi.co/api/v2/version-group/16/"}},{"flavor_text":"Bewirkt, dass das Pokémon\nschneller wieder aufwacht.","language":{"name":"de","url":"http://pokeapi.co/api/v2/language/6/"},"version_group":{"name":"omega-ruby-alpha-sapphire","url":"http://pokeapi.co/api/v2/version-group/16/"}},{"flavor_text":"Le Pokémon se réveille plus\nrapidement.","language":{"name":"fr","url":"http://pokeapi.co/api/v2/language/5/"},"version_group":{"name":"omega-ruby-alpha-sapphire","url":"http://pokeapi.co/api/v2/version-group/16/"}},{"flavor_text":"잠듦 상태에서\n빨리 깨어난다.","language":{"name":"ko","url":"http://pokeapi.co/api/v2/language/3/"},"version_group":{"name":"omega-ruby-alpha-sapphire","url":"http://pokeapi.co/api/v2/version-group/16/"}},{"flavor_text":"おきるのが　はやくなる。\n","language":{"name":"ja","url":"http://pokeapi.co/api/v2/language/1/"},"version_group":{"name":"omega-ruby-alpha-sapphire","url":"http://pokeapi.co/api/v2/version-group/16/"}},{"flavor_text":"起きるのが　早くなる。\n","language":{"name":"ja-kanji","url":"http://pokeapi.co/api/v2/language/11/"},"version_group":{"name":"x-y","url":"http://pokeapi.co/api/v2/version-group/15/"}},{"flavor_text":"The Pokémon awakens\nquickly from sleep.","language":{"name":"en","url":"http://pokeapi.co/api/v2/language/9/"},"version_group":{"name":"x-y","url":"http://pokeapi.co/api/v2/version-group/15/"}},{"flavor_text":"Il Pokémon si risveglia\nrapidamente dal sonno.","language":{"name":"it","url":"http://pokeapi.co/api/v2/language/8/"},"version_group":{"name":"x-y","url":"http://pokeapi.co/api/v2/version-group/15/"}},{"flavor_text":"El Pokémon se despierta\nrápidamente.","language":{"name":"es","url":"http://pokeapi.co/api/v2/language/7/"},"version_group":{"name":"x-y","url":"http://pokeapi.co/api/v2/version-group/15/"}},{"flavor_text":"Bewirkt, dass das Pokémon\nschneller wieder aufwacht.","language":{"name":"de","url":"http://pokeapi.co/api/v2/language/6/"},"version_group":{"name":"x-y","url":"http://pokeapi.co/api/v2/version-group/15/"}},{"flavor_text":"Le Pokémon se réveille plus\nrapidement.","language":{"name":"fr","url":"http://pokeapi.co/api/v2/language/5/"},"version_group":{"name":"x-y","url":"http://pokeapi.co/api/v2/version-group/15/"}},{"flavor_text":"잠듦 상태에서\n빨리 깨어난다.","language":{"name":"ko","url":"http://pokeapi.co/api/v2/language/3/"},"version_group":{"name":"x-y","url":"http://pokeapi.co/api/v2/version-group/15/"}},{"flavor_text":"おきるのが　はやくなる。\n","language":{"name":"ja","url":"http://pokeapi.co/api/v2/language/1/"},"version_group":{"name":"x-y","url":"http://pokeapi.co/api/v2/version-group/15/"}},{"flavor_text":"The Pokémon awakens\nquickly from sleep.","language":{"name":"en","url":"http://pokeapi.co/api/v2/language/9/"},"version_group":{"name":"black-2-white-2","url":"http://pokeapi.co/api/v2/version-group/14/"}},{"flavor_text":"The Pokémon awakens\nquickly from sleep.","language":{"name":"en","url":"http://pokeapi.co/api/v2/language/9/"},"version_group":{"name":"black-white","url":"http://pokeapi.co/api/v2/version-group/11/"}},{"flavor_text":"Le Pokémon se réveille\nplus rapidement.","language":{"name":"fr","url":"http://pokeapi.co/api/v2/language/5/"},"version_group":{"name":"black-white","url":"http://pokeapi.co/api/v2/version-group/11/"}},{"flavor_text":"The Pokémon awakens\nquickly from sleep.","language":{"name":"en","url":"http://pokeapi.co/api/v2/language/9/"},"version_group":{"name":"heartgold-soulsilver","url":"http://pokeapi.co/api/v2/version-group/10/"}},{"flavor_text":"The Pokémon awakens\nquickly from sleep.","language":{"name":"en","url":"http://pokeapi.co/api/v2/language/9/"},"version_group":{"name":"platinum","url":"http://pokeapi.co/api/v2/version-group/9/"}},{"flavor_text":"The Pokémon awakens\nquickly from sleep.","language":{"name":"en","url":"http://pokeapi.co/api/v2/language/9/"},"version_group":{"name":"diamond-pearl","url":"http://pokeapi.co/api/v2/version-group/8/"}},{"flavor_text":"Awakens quickly from sleep.","language":{"name":"en","url":"http://pokeapi.co/api/v2/language/9/"},"version_group":{"name":"firered-leafgreen","url":"http://pokeapi.co/api/v2/version-group/7/"}},{"flavor_text":"Awakens quickly from sleep.","language":{"name":"en","url":"http://pokeapi.co/api/v2/language/9/"},"version_group":{"name":"emerald","url":"http://pokeapi.co/api/v2/version-group/6/"}},{"flavor_text":"Awakens quickly from sleep.","language":{"name":"en","url":"http://pokeapi.co/api/v2/language/9/"},"version_group":{"name":"ruby-sapphire","url":"http://pokeapi.co/api/v2/version-group/5/"}}],"pokemon":[{"is_hidden":false,"slot":2,"pokemon":{"name":"doduo","url":"http://pokeapi.co/api/v2/pokemon/84/"}},{"is_hidden":false,"slot":2,"pokemon":{"name":"dodrio","url":"http://pokeapi.co/api/v2/pokemon/85/"}},{"is_hidden":false,"slot":1,"pokemon":{"name":"kangaskhan","url":"http://pokeapi.co/api/v2/pokemon/115/"}},{"is_hidden":false,"slot":2,"pokemon":{"name":"ledyba","url":"http://pokeapi.co/api/v2/pokemon/165/"}},{"is_hidden":false,"slot":2,"pokemon":{"name":"ledian","url":"http://pokeapi.co/api/v2/pokemon/166/"}},{"is_hidden":false,"slot":2,"pokemon":{"name":"natu","url":"http://pokeapi.co/api/v2/pokemon/177/"}},{"is_hidden":false,"slot":2,"pokemon":{"name":"xatu","url":"http://pokeapi.co/api/v2/pokemon/178/"}},{"is_hidden":true,"slot":3,"pokemon":{"name":"sunkern","url":"http://pokeapi.co/api/v2/pokemon/191/"}},{"is_hidden":true,"slot":3,"pokemon":{"name":"sunflora","url":"http://pokeapi.co/api/v2/pokemon/192/"}},{"is_hidden":false,"slot":2,"pokemon":{"name":"girafarig","url":"http://pokeapi.co/api/v2/pokemon/203/"}},{"is_hidden":false,"slot":1,"pokemon":{"name":"houndour","url":"http://pokeapi.co/api/v2/pokemon/228/"}},{"is_hidden":false,"slot":1,"pokemon":{"name":"houndoom","url":"http://pokeapi.co/api/v2/pokemon/229/"}},{"is_hidden":false,"slot":2,"pokemon":{"name":"seedot","url":"http://pokeapi.co/api/v2/pokemon/273/"}},{"is_hidden":false,"slot":2,"pokemon":{"name":"nuzleaf","url":"http://pokeapi.co/api/v2/pokemon/274/"}},{"is_hidden":false,"slot":2,"pokemon":{"name":"shiftry","url":"http://pokeapi.co/api/v2/pokemon/275/"}}]}