{"id":43,"name":"soundproof","is_main_series":true,"generation":{"name":"generation-iii","url":"http://pokeapi.co/api/v2/generation/3/"},"names":[{"name":"Soundproof","language":{"name":"en","url":"http://pokeapi.co/api/v2/language/9/"}},{"name":"Antisuono","language":{"name":"it","url":"http://pokeapi.co/api/v2/language/8/"}},{"name":"Insonorizar","language":{"name":"es","url":"http://pokeapi.co/api/v2/language/7/"}},{"name":"Lärmschutz","language":{"name":"de","url":"http://pokeapi.co/api/v2/language/6/"}},{"name":"Anti-Bruit","language":{"name":"fr","url":"http://pokeapi.co/api/v2/language/5/"}},{"name":"방음","language":{"name":"ko","url":"http://pokeapi.co/api/v2/language/3/"}},{"name":"ぼうおん","language":{"name":"ja","url":"http://pokeapi.co/api/v2/language/1/"}}],"effect_entries":[{"effect":"This Pokémon is immune to moves flagged as being sound-based.\n\nheal bell is unaffected.  uproar still prevents this Pokémon from sleeping.  This Pokémon can still receive a Perish Song counter through baton pass, and will retain a Perish Song counter if it acquires this ability after Perish Song is used.\n\nhowl, roar of time, sonic boom, and yawn are not flagged as sound-based.","short_effect":"Protects against sound-based moves.","language":{"name":"en","url":"http://pokeapi.co/api/v2/language/9/"}}],"effect_changes":[{"version_group":{"name":"black-white","url":"http://pokeapi.co/api/v2/version-group/11/"},"effect_entries":[{"effect":"Prevents heal bell from curing the Pokémon, whether or not it is in battle.","language":{"name":"en","url":"http://pokeapi.co/api/v2/language/9/"}}]}],"flavor_text_entries":[{"flavor_text":"音の　技を\n受けない。","language":{"name":"ja-kanji","url":"http://pokeapi.co/api/v2/language/11/"},"version_group":{"name":"omega-ruby-alpha-sapphire","url":"http://pokeapi.co/api/v2/version-group/16/"}},{"flavor_text":"Gives full immunity to all\nsound-based moves.","language":{"name":"en","url":"http://pokeapi.co/api/v2/language/9/"},"version_group":{"name":"omega-ruby-alpha-sapphire","url":"http://pokeapi.co/api/v2/version-group/16/"}},{"flavor_text":"Fornisce immunità alle mosse\nbasate sul suono.","language":{"name":"it","url":"http://pokeapi.co/api/v2/language/8/"},"version_group":{"name":"omega-ruby-alpha-sapphire","url":"http://pokeapi.co/api/v2/version-group/16/"}},{"flavor_text":"Evita ataques de sonido.","language":{"name":"es","url":"http://pokeapi.co/api/v2/language/7/"},"version_group":{"name":"omega-ruby-alpha-sapphire","url":"http://pokeapi.co/api/v2/version-group/16/"}},{"flavor_text":"Volle Immunität gegen\nalle Lärm-Attacken.","language":{"name":"de","url":"http://pokeapi.co/api/v2/language/6/"},"version_group":{"name":"omega-ruby-alpha-sapphire","url":"http://pokeapi.co/api/v2/version-group/16/"}},{"flavor_text":"Protège de toutes les capacités\nsonores.","language":{"name":"fr","url":"http://pokeapi.co/api/v2/language/5/"},"version_group":{"name":"omega-ruby-alpha-sapphire","url":"http://pokeapi.co/api/v2/version-group/16/"}},{"flavor_text":"소리 기술을\n받지 않는다.","language":{"name":"ko","url":"http://pokeapi.co/api/v2/language/3/"},"version_group":{"name":"omega-ruby-alpha-sapphire","url":"http://pokeapi.co/api/v2/version-group/16/"}},{"flavor_text":"おとの　わざを\nうけない。","language":{"name":"ja","url":"http://pokeapi.co/api/v2/language/1/"},"version_group":{"name":"omega-ruby-alpha-sapphire","url":"http://pokeapi.co/api/v2/version-group/16/"}},{"flavor_text":"音の　技を\n受けない。","language":{"name":"ja-kanji","url":"http://pokeapi.co/api/v2/language/11/"},"version_group":{"name":"x-y","url":"http://pokeapi.co/api/v2/version-group/15/"}},{"flavor_text":"Gives full immunity to all\nsound-based moves.","language":{"name":"en","url":"http://pokeapi.co/api/v2/language/9/"},"version_group":{"name":"x-y","url":"http://pokeapi.co/api/v2/version-group/15/"}},{"flavor_text":"Fornisce immunità alle mosse\nbasate sul suono.","language":{"name":"it","url":"http://pokeapi.co/api/v2/language/8/"},"version_group":{"name":"x-y","url":"http://pokeapi.co/api/v2/version-group/15/"}},{"flavor_text":"Evita ataques de sonido.","language":{"name":"es","url":"http://pokeapi.co/api/v2/language/7/"},"version_group":{"name":"x-y","url":"http://pokeapi.co/api/v2/version-group/15/"}},{"flavor_text":"Volle Immunität gegen\nalle Lärm-Attacken.","language":{"name":"de","url":"http://pokeapi.co/api/v2/language/6/"},"version_group":{"name":"x-y","url":"http://pokeapi.co/api/v2/version-group/15/"}},{"flavor_text":"Protège de toutes les capacités\nsonores.","language":{"name":"fr","url":"http://pokeapi.co/api/v2/language/5/"},"version_group":{"name":"x-y","url":"http://pokeapi.co/api/v2/version-group/15/"}},{"flavor_text":"소리 기술을\n받지 않는다.","language":{"name":"ko","url":"http://pokeapi.co/api/v2/language/3/"},"version_group":{"name":"x-y","url":"http://pokeapi.co/api/v2/version-group/15/"}},{"flavor_text":"おとの　わざを\nうけない。","language":{"name":"ja","url":"http://pokeapi.co/api/v2/language/1/"},"version_group":{"name":"x-y","url":"http://pokeapi.co/api/v2/version-group/15/"}},{"flavor_text":"Gives full immunity to all\nsound-based moves.","language":{"name":"en","url":"http://pokeapi.co/api/v2/language/9/"},"version_group":{"name":"black-2-white-2","url":"http://pokeapi.co/api/v2/version-group/14/"}},{"flavor_text":"Gives full immunity to all\nsound-based moves.","language":{"name":"en","url":"http://pokeapi.co/api/v2/language/9/"},"version_group":{"name":"black-white","url":"http://pokeapi.co/api/v2/version-group/11/"}},{"flavor_text":"Protège de toutes les\ncapacités sonores.","language":{"name":"fr","url":"http://pokeapi.co/api/v2/language/5/"},"version_group":{"name":"black-white","url":"http://pokeapi.co/api/v2/version-group/11/"}},{"flavor_text":"Gives full immunity to all\nsound-based moves.","language":{"name":"en","url":"http://pokeapi.co/api/v2/language/9/"},"version_group":{"name":"heartgold-soulsilver","url":"http://pokeapi.co/api/v2/version-group/10/"}},{"flavor_text":"Gives full immunity to all\nsound-based moves.","language":{"name":"en","url":"http://pokeapi.co/api/v2/language/9/"},"version_group":{"name":"platinum","url":"http://pokeapi.co/api/v2/version-group/9/"}},{"flavor_text":"Gives full immunity to all\nsound-based moves.","language":{"name":"en","url":"http://pokeapi.co/api/v2/language/9/"},"version_group":{"name":"diamond-pearl","url":"http://pokeapi.co/api/v2/version-group/8/"}},{"flavor_text":"Avoids sound-based moves.","language":{"name":"en","url":"http://pokeapi.co/api/v2/language/9/"},"version_group":{"name":"firered-leafgreen","url":"http://pokeapi.co/api/v2/version-group/7/"}},{"flavor_text":"Avoids sound-based moves.","language":{"name":"en","url":"http://pokeapi.co/api/v2/language/9/"},"version_group":{"name":"emerald","url":"http://pokeapi.co/api/v2/version-group/6/"}},{"flavor_text":"Avoids sound-based moves.","language":{"name":"en","url":"http://pokeapi.co/api/v2/language/9/"},"version_group":{"name":"ruby-sapphire","url":"http://pokeapi.co/api/v2/version-group/5/"}}],"pokemon":[{"is_hidden":false,"slot":1,"pokemon":{"name":"voltorb","url":"http://pokeapi.co/api/v2/pokemon/100/"}},{"is_hidden":false,"slot":1,"pokemon":{"name":"electrode","url":"http://pokeapi.co/api/v2/pokemon/101/"}},{"is_hidden":false,"slot":1,"pokemon":{"name":"mr-mime","url":"http://pokeapi.co/api/v2/pokemon/122/"}},{"is_hidden":false,"slot":1,"pokemon":{"name":"whismur","url":"http://pokeapi.co/api/v2/pokemon/293/"}},{"is_hidden":false,"slot":1,"pokemon":{"name":"loudred","url":"http://pokeapi.co/api/v2/pokemon/294/"}},{"is_hidden":false,"slot":1,"pokemon":{"name":"exploud","url":"http://pokeapi.co/api/v2/pokemon/295/"}},{"is_hidden":true,"slot":3,"pokemon":{"name":"shieldon","url":"http://pokeapi.co/api/v2/pokemon/410/"}},{"is_hidden":true,"slot":3,"pokemon":{"name":"bastiodon","url":"http://pokeapi.co/api/v2/pokemon/411/"}},{"is_hidden":false,"slot":1,"pokemon":{"name":"mime-jr","url":"http://pokeapi.co/api/v2/pokemon/439/"}},{"is_hidden":true,"slot":3,"pokemon":{"name":"snover","url":"http://pokeapi.co/api/v2/pokemon/459/"}},{"is_hidden":true,"slot":3,"pokemon":{"name":"abomasnow","url":"http://pokeapi.co/api/v2/pokemon/460/"}},{"is_hidden":true,"slot":3,"pokemon":{"name":"bouffalant","url":"http://pokeapi.co/api/v2/pokemon/626/"}}]}