{"id":86,"name":"simple","is_main_series":true,"generation":{"name":"generation-iv","url":"http://pokeapi.co/api/v2/generation/4/"},"names":[{"name":"Simple","language":{"name":"en","url":"http://pokeapi.co/api/v2/language/9/"}},{"name":"Disinvoltura","language":{"name":"it","url":"http://pokeapi.co/api/v2/language/8/"}},{"name":"Simple","language":{"name":"es","url":"http://pokeapi.co/api/v2/language/7/"}},{"name":"Wankelmut","language":{"name":"de","url":"http://pokeapi.co/api/v2/language/6/"}},{"name":"Simple","language":{"name":"fr","url":"http://pokeapi.co/api/v2/language/5/"}},{"name":"단순","language":{"name":"ko","url":"http://pokeapi.co/api/v2/language/3/"}},{"name":"たんじゅん","language":{"name":"ja","url":"http://pokeapi.co/api/v2/language/1/"}}],"effect_entries":[{"effect":"Each stage of this Pokémon's stat modifiers acts as two stages.  These doubled stages are still limited to a minimum of -6 and a maximum of 6.\n\nThis Pokémon can still accumulate less than -3 or more than 3 stages of stat modifiers, even though the extra ones have no effect after doubling.","short_effect":"Doubles the Pokémon's stat modifiers.  These doubled modifiers are still capped at -6 or 6 stages.","language":{"name":"en","url":"http://pokeapi.co/api/v2/language/9/"}}],"effect_changes":[],"flavor_text_entries":[{"flavor_text":"能力　変化が\nいつもより　はげしい。","language":{"name":"ja-kanji","url":"http://pokeapi.co/api/v2/language/11/"},"version_group":{"name":"omega-ruby-alpha-sapphire","url":"http://pokeapi.co/api/v2/version-group/16/"}},{"flavor_text":"The Pokémon is prone to\nwild stat changes.","language":{"name":"en","url":"http://pokeapi.co/api/v2/language/9/"},"version_group":{"name":"omega-ruby-alpha-sapphire","url":"http://pokeapi.co/api/v2/version-group/16/"}},{"flavor_text":"Le modifiche alle statistiche sono\npiù accentuate.","language":{"name":"it","url":"http://pokeapi.co/api/v2/language/8/"},"version_group":{"name":"omega-ruby-alpha-sapphire","url":"http://pokeapi.co/api/v2/version-group/16/"}},{"flavor_text":"Aumenta los cambios en las\ncaracterísticas.","language":{"name":"es","url":"http://pokeapi.co/api/v2/language/7/"},"version_group":{"name":"omega-ruby-alpha-sapphire","url":"http://pokeapi.co/api/v2/version-group/16/"}},{"flavor_text":"Verdoppelt den Effekt eigener\nStatusveränderungen.","language":{"name":"de","url":"http://pokeapi.co/api/v2/language/6/"},"version_group":{"name":"omega-ruby-alpha-sapphire","url":"http://pokeapi.co/api/v2/version-group/16/"}},{"flavor_text":"Le Pokémon est sujet à des\nvariations de stats.","language":{"name":"fr","url":"http://pokeapi.co/api/v2/language/5/"},"version_group":{"name":"omega-ruby-alpha-sapphire","url":"http://pokeapi.co/api/v2/version-group/16/"}},{"flavor_text":"능력 변화가\n여느 때보다 심하다.","language":{"name":"ko","url":"http://pokeapi.co/api/v2/language/3/"},"version_group":{"name":"omega-ruby-alpha-sapphire","url":"http://pokeapi.co/api/v2/version-group/16/"}},{"flavor_text":"のうりょく　へんかが\nいつもより　はげしい。","language":{"name":"ja","url":"http://pokeapi.co/api/v2/language/1/"},"version_group":{"name":"omega-ruby-alpha-sapphire","url":"http://pokeapi.co/api/v2/version-group/16/"}},{"flavor_text":"能力　変化が\nいつもより　はげしい。","language":{"name":"ja-kanji","url":"http://pokeapi.co/api/v2/language/11/"},"version_group":{"name":"x-y","url":"http://pokeapi.co/api/v2/version-group/15/"}},{"flavor_text":"The Pokémon is prone to\nwild stat changes.","language":{"name":"en","url":"http://pokeapi.co/api/v2/language/9/"},"version_group":{"name":"x-y","url":"http://pokeapi.co/api/v2/version-group/15/"}},{"flavor_text":"Le statistiche possono cambiare\nsenza preavviso.","language":{"name":"it","url":"http://pokeapi.co/api/v2/language/8/"},"version_group":{"name":"x-y","url":"http://pokeapi.co/api/v2/version-group/15/"}},{"flavor_text":"Aumenta los cambios en las\ncaracterísticas.","language":{"name":"es","url":"http://pokeapi.co/api/v2/language/7/"},"version_group":{"name":"x-y","url":"http://pokeapi.co/api/v2/version-group/15/"}},{"flavor_text":"Das Pokémon ist anfällig\nfür Statusveränderungen.","language":{"name":"de","url":"http://pokeapi.co/api/v2/language/6/"},"version_group":{"name":"x-y","url":"http://pokeapi.co/api/v2/version-group/15/"}},{"flavor_text":"Le Pokémon est sujet à des\nvariations de stats.","language":{"name":"fr","url":"http://pokeapi.co/api/v2/language/5/"},"version_group":{"name":"x-y","url":"http://pokeapi.co/api/v2/version-group/15/"}},{"flavor_text":"능력 변화가\n여느 때보다 심하다.","language":{"name":"ko","url":"http://pokeapi.co/api/v2/language/3/"},"version_group":{"name":"x-y","url":"http://pokeapi.co/api/v2/version-group/15/"}},{"flavor_text":"のうりょく　へんかが\nいつもより　はげしい。","language":{"name":"ja","url":"http://pokeapi.co/api/v2/language/1/"},"version_group":{"name":"x-y","url":"http://pokeapi.co/api/v2/version-group/15/"}},{"flavor_text":"The Pokémon is prone to\nwild stat changes.","language":{"name":"en","url":"http://pokeapi.co/api/v2/language/9/"},"version_group":{"name":"black-2-white-2","url":"http://pokeapi.co/api/v2/version-group/14/"}},{"flavor_text":"The Pokémon is prone to\nwild stat changes.","language":{"name":"en","url":"http://pokeapi.co/api/v2/language/9/"},"version_group":{"name":"black-white","url":"http://pokeapi.co/api/v2/version-group/11/"}},{"flavor_text":"Le Pokémon est sujet à\ndes variations de stats.","language":{"name":"fr","url":"http://pokeapi.co/api/v2/language/5/"},"version_group":{"name":"black-white","url":"http://pokeapi.co/api/v2/version-group/11/"}},{"flavor_text":"The Pokémon is prone to\nwild stat changes.","language":{"name":"en","url":"http://pokeapi.co/api/v2/language/9/"},"version_group":{"name":"heartgold-soulsilver","url":"http://pokeapi.co/api/v2/version-group/10/"}},{"flavor_text":"The Pokémon is prone to\nwild stat changes.","language":{"name":"en","url":"http://pokeapi.co/api/v2/language/9/"},"version_group":{"name":"platinum","url":"http://pokeapi.co/api/v2/version-group/9/"}},{"flavor_text":"The Pokémon is prone to\nwild stat changes.","language":{"name":"en","url":"http://pokeapi.co/api/v2/language/9/"},"version_group":{"name":"diamond-pearl","url":"http://pokeapi.co/api/v2/version-group/8/"}}],"pokemon":[{"is_hidden":false,"slot":2,"pokemon":{"name":"numel","url":"http://pokeapi.co/api/v2/pokemon/322/"}},{"is_hidden":false,"slot":1,"pokemon":{"name":"bidoof","url":"http://pokeapi.co/api/v2/pokemon/399/"}},{"is_hidden":false,"slot":1,"pokemon":{"name":"bibarel","url":"http://pokeapi.co/api/v2/pokemon/400/"}},{"is_hidden":true,"slot":3,"pokemon":{"name":"woobat","url":"http://pokeapi.co/api/v2/pokemon/527/"}},{"is_hidden":true,"slot":3,"pokemon":{"name":"swoobat","url":"http://pokeapi.co/api/v2/pokemon/528/"}}]}