{"id":20,"name":"own-tempo","is_main_series":true,"generation":{"name":"generation-iii","url":"http://pokeapi.co/api/v2/generation/3/"},"names":[{"name":"Own Tempo","language":{"name":"en","url":"http://pokeapi.co/api/v2/language/9/"}},{"name":"Mente Locale","language":{"name":"it","url":"http://pokeapi.co/api/v2/language/8/"}},{"name":"Ritmo Propio","language":{"name":"es","url":"http://pokeapi.co/api/v2/language/7/"}},{"name":"Tempomacher","language":{"name":"de","url":"http://pokeapi.co/api/v2/language/6/"}},{"name":"Tempo Perso","language":{"name":"fr","url":"http://pokeapi.co/api/v2/language/5/"}},{"name":"마이페이스","language":{"name":"ko","url":"http://pokeapi.co/api/v2/language/3/"}},{"name":"マイペース","language":{"name":"ja","url":"http://pokeapi.co/api/v2/language/1/"}}],"effect_entries":[{"effect":"This Pokémon cannot be confused.\n\nIf a Pokémon is confused and acquires this ability, its confusion will immediately be healed.","short_effect":"Prevents confusion.","language":{"name":"en","url":"http://pokeapi.co/api/v2/language/9/"}}],"effect_changes":[],"flavor_text_entries":[{"flavor_text":"混乱状態に\nならない。","language":{"name":"ja-kanji","url":"http://pokeapi.co/api/v2/language/11/"},"version_group":{"name":"omega-ruby-alpha-sapphire","url":"http://pokeapi.co/api/v2/version-group/16/"}},{"flavor_text":"Prevents the Pokémon\nfrom becoming confused.","language":{"name":"en","url":"http://pokeapi.co/api/v2/language/9/"},"version_group":{"name":"omega-ruby-alpha-sapphire","url":"http://pokeapi.co/api/v2/version-group/16/"}},{"flavor_text":"Impedisce al Pokémon\ndi venire confuso.","language":{"name":"it","url":"http://pokeapi.co/api/v2/language/8/"},"version_group":{"name":"omega-ruby-alpha-sapphire","url":"http://pokeapi.co/api/v2/version-group/16/"}},{"flavor_text":"Evita ser confundido.","language":{"name":"es","url":"http://pokeapi.co/api/v2/language/7/"},"version_group":{"name":"omega-ruby-alpha-sapphire","url":"http://pokeapi.co/api/v2/version-group/16/"}},{"flavor_text":"Verhindert Verwirrung.","language":{"name":"de","url":"http://pokeapi.co/api/v2/language/6/"},"version_group":{"name":"omega-ruby-alpha-sapphire","url":"http://pokeapi.co/api/v2/version-group/16/"}},{"flavor_text":"Empêche la confusion.","language":{"name":"fr","url":"http://pokeapi.co/api/v2/language/5/"},"version_group":{"name":"omega-ruby-alpha-sapphire","url":"http://pokeapi.co/api/v2/version-group/16/"}},{"flavor_text":"혼란 상태가\n되지 않는다.","language":{"name":"ko","url":"http://pokeapi.co/api/v2/language/3/"},"version_group":{"name":"omega-ruby-alpha-sapphire","url":"http://pokeapi.co/api/v2/version-group/16/"}},{"flavor_text":"こんらん　じょうたいに\nならない。","language":{"name":"ja","url":"http://pokeapi.co/api/v2/language/1/"},"version_group":{"name":"omega-ruby-alpha-sapphire","url":"http://pokeapi.co/api/v2/version-group/16/"}},{"flavor_text":"混乱状態に\nならない。","language":{"name":"ja-kanji","url":"http://pokeapi.co/api/v2/language/11/"},"version_group":{"name":"x-y","url":"http://pokeapi.co/api/v2/version-group/15/"}},{"flavor_text":"Prevents the Pokémon\nfrom becoming confused.","language":{"name":"en","url":"http://pokeapi.co/api/v2/language/9/"},"version_group":{"name":"x-y","url":"http://pokeapi.co/api/v2/version-group/15/"}},{"flavor_text":"Impedisce al Pokémon\ndi venire confuso.","language":{"name":"it","url":"http://pokeapi.co/api/v2/language/8/"},"version_group":{"name":"x-y","url":"http://pokeapi.co/api/v2/version-group/15/"}},{"flavor_text":"Evita ser confundido.","language":{"name":"es","url":"http://pokeapi.co/api/v2/language/7/"},"version_group":{"name":"x-y","url":"http://pokeapi.co/api/v2/version-group/15/"}},{"flavor_text":"Verhindert Verwirrung.","language":{"name":"de","url":"http://pokeapi.co/api/v2/language/6/"},"version_group":{"name":"x-y","url":"http://pokeapi.co/api/v2/version-group/15/"}},{"flavor_text":"Empêche la confusion.","language":{"name":"fr","url":"http://pokeapi.co/api/v2/language/5/"},"version_group":{"name":"x-y","url":"http://pokeapi.co/api/v2/version-group/15/"}},{"flavor_text":"혼란 상태가\n되지 않는다.","language":{"name":"ko","url":"http://pokeapi.co/api/v2/language/3/"},"version_group":{"name":"x-y","url":"http://pokeapi.co/api/v2/version-group/15/"}},{"flavor_text":"こんらん　じょうたいに\nならない。","language":{"name":"ja","url":"http://pokeapi.co/api/v2/language/1/"},"version_group":{"name":"x-y","url":"http://pokeapi.co/api/v2/version-group/15/"}},{"flavor_text":"Prevents the Pokémon\nfrom becoming confused.","language":{"name":"en","url":"http://pokeapi.co/api/v2/language/9/"},"version_group":{"name":"black-2-white-2","url":"http://pokeapi.co/api/v2/version-group/14/"}},{"flavor_text":"Prevents the Pokémon\nfrom becoming confused.","language":{"name":"en","url":"http://pokeapi.co/api/v2/language/9/"},"version_group":{"name":"black-white","url":"http://pokeapi.co/api/v2/version-group/11/"}},{"flavor_text":"Empêche la confusion.","language":{"name":"fr","url":"http://pokeapi.co/api/v2/language/5/"},"version_group":{"name":"black-white","url":"http://pokeapi.co/api/v2/version-group/11/"}},{"flavor_text":"Prevents the Pokémon\nfrom becoming confused.","language":{"name":"en","url":"http://pokeapi.co/api/v2/language/9/"},"version_group":{"name":"heartgold-soulsilver","url":"http://pokeapi.co/api/v2/version-group/10/"}},{"flavor_text":"Prevents the Pokémon\nfrom becoming confused.","language":{"name":"en","url":"http://pokeapi.co/api/v2/language/9/"},"version_group":{"name":"platinum","url":"http://pokeapi.co/api/v2/version-group/9/"}},{"flavor_text":"Prevents the Pokémon\nfrom becoming confused.","language":{"name":"en","url":"http://pokeapi.co/api/v2/language/9/"},"version_group":{"name":"diamond-pearl","url":"http://pokeapi.co/api/v2/version-group/8/"}},{"flavor_text":"Prevents confusion.","language":{"name":"en","url":"http://pokeapi.co/api/v2/language/9/"},"version_group":{"name":"firered-leafgreen","url":"http://pokeapi.co/api/v2/version-group/7/"}},{"flavor_text":"Prevents confusion.","language":{"name":"en","url":"http://pokeapi.co/api/v2/language/9/"},"version_group":{"name":"emerald","url":"http://pokeapi.co/api/v2/version-group/6/"}},{"flavor_text":"Prevents confusion.","language":{"name":"en","url":"http://pokeapi.co/api/v2/language/9/"},"version_group":{"name":"ruby-sapphire","url":"http://pokeapi.co/api/v2/version-group/5/"}}],"pokemon":[{"is_hidden":false,"slot":2,"pokemon":{"name":"slowpoke","url":"http://pokeapi.co/api/v2/pokemon/79/"}},{"is_hidden":false,"slot":2,"pokemon":{"name":"slowbro","url":"http://pokeapi.co/api/v2/pokemon/80/"}},{"is_hidden":false,"slot":1,"pokemon":{"name":"lickitung","url":"http://pokeapi.co/api/v2/pokemon/108/"}},{"is_hidden":false,"slot":2,"pokemon":{"name":"slowking","url":"http://pokeapi.co/api/v2/pokemon/199/"}},{"is_hidden":false,"slot":1,"pokemon":{"name":"smeargle","url":"http://pokeapi.co/api/v2/pokemon/235/"}},{"is_hidden":true,"slot":3,"pokemon":{"name":"lotad","url":"http://pokeapi.co/api/v2/pokemon/270/"}},{"is_hidden":true,"slot":3,"pokemon":{"name":"lombre","url":"http://pokeapi.co/api/v2/pokemon/271/"}},{"is_hidden":true,"slot":3,"pokemon":{"name":"ludicolo","url":"http://pokeapi.co/api/v2/pokemon/272/"}},{"is_hidden":true,"slot":3,"pokemon":{"name":"numel","url":"http://pokeapi.co/api/v2/pokemon/322/"}},{"is_hidden":false,"slot":2,"pokemon":{"name":"spoink","url":"http://pokeapi.co/api/v2/pokemon/325/"}},{"is_hidden":false,"slot":2,"pokemon":{"name":"grumpig","url":"http://pokeapi.co/api/v2/pokemon/326/"}},{"is_hidden":false,"slot":1,"pokemon":{"name":"spinda","url":"http://pokeapi.co/api/v2/pokemon/327/"}},{"is_hidden":false,"slot":2,"pokemon":{"name":"glameow","url":"http://pokeapi.co/api/v2/pokemon/431/"}},{"is_hidden":false,"slot":2,"pokemon":{"name":"purugly","url":"http://pokeapi.co/api/v2/pokemon/432/"}},{"is_hidden":false,"slot":1,"pokemon":{"name":"lickilicky","url":"http://pokeapi.co/api/v2/pokemon/463/"}},{"is_hidden":false,"slot":2,"pokemon":{"name":"petilil","url":"http://pokeapi.co/api/v2/pokemon/548/"}},{"is_hidden":false,"slot":2,"pokemon":{"name":"lilligant","url":"http://pokeapi.co/api/v2/pokemon/549/"}},{"is_hidden":true,"slot":3,"pokemon":{"name":"espurr","url":"http://pokeapi.co/api/v2/pokemon/677/"}},{"is_hidden":false,"slot":1,"pokemon":{"name":"bergmite","url":"http://pokeapi.co/api/v2/pokemon/712/"}},{"is_hidden":false,"slot":1,"pokemon":{"name":"avalugg","url":"http://pokeapi.co/api/v2/pokemon/713/"}}]}