{"id":4,"name":"battle-armor","is_main_series":true,"generation":{"name":"generation-iii","url":"http://pokeapi.co/api/v2/generation/3/"},"names":[{"name":"Battle Armor","language":{"name":"en","url":"http://pokeapi.co/api/v2/language/9/"}},{"name":"Lottascudo","language":{"name":"it","url":"http://pokeapi.co/api/v2/language/8/"}},{"name":"Armadura Batalla","language":{"name":"es","url":"http://pokeapi.co/api/v2/language/7/"}},{"name":"Kampfpanzer","language":{"name":"de","url":"http://pokeapi.co/api/v2/language/6/"}},{"name":"Armurbaston","language":{"name":"fr","url":"http://pokeapi.co/api/v2/language/5/"}},{"name":"전투무장","language":{"name":"ko","url":"http://pokeapi.co/api/v2/language/3/"}},{"name":"カブトアーマー","language":{"name":"ja","url":"http://pokeapi.co/api/v2/language/1/"}}],"effect_entries":[{"effect":"Moves cannot score critical hits against this Pokémon.\n\nThis ability functions identically to shell armor.","short_effect":"Protects against critical hits.","language":{"name":"en","url":"http://pokeapi.co/api/v2/language/9/"}}],"effect_changes":[],"flavor_text_entries":[{"flavor_text":"相手の　攻撃が\n急所に　当たらない。","language":{"name":"ja-kanji","url":"http://pokeapi.co/api/v2/language/11/"},"version_group":{"name":"omega-ruby-alpha-sapphire","url":"http://pokeapi.co/api/v2/version-group/16/"}},{"flavor_text":"Protects the Pokémon\nfrom critical hits.","language":{"name":"en","url":"http://pokeapi.co/api/v2/language/9/"},"version_group":{"name":"omega-ruby-alpha-sapphire","url":"http://pokeapi.co/api/v2/version-group/16/"}},{"flavor_text":"Evita che il Pokémon subisca\nbrutti colpi.","language":{"name":"it","url":"http://pokeapi.co/api/v2/language/8/"},"version_group":{"name":"omega-ruby-alpha-sapphire","url":"http://pokeapi.co/api/v2/version-group/16/"}},{"flavor_text":"Bloquea los golpes críticos.","language":{"name":"es","url":"http://pokeapi.co/api/v2/language/7/"},"version_group":{"name":"omega-ruby-alpha-sapphire","url":"http://pokeapi.co/api/v2/version-group/16/"}},{"flavor_text":"Wehrt gegnerische Volltreffer ab.","language":{"name":"de","url":"http://pokeapi.co/api/v2/language/6/"},"version_group":{"name":"omega-ruby-alpha-sapphire","url":"http://pokeapi.co/api/v2/version-group/16/"}},{"flavor_text":"Le Pokémon est protégé des\ncoups critiques.","language":{"name":"fr","url":"http://pokeapi.co/api/v2/language/5/"},"version_group":{"name":"omega-ruby-alpha-sapphire","url":"http://pokeapi.co/api/v2/version-group/16/"}},{"flavor_text":"상대의 공격이\n급소에 맞지 않는다.","language":{"name":"ko","url":"http://pokeapi.co/api/v2/language/3/"},"version_group":{"name":"omega-ruby-alpha-sapphire","url":"http://pokeapi.co/api/v2/version-group/16/"}},{"flavor_text":"あいての　こうげきが\nきゅうしょに　あたらない。","language":{"name":"ja","url":"http://pokeapi.co/api/v2/language/1/"},"version_group":{"name":"omega-ruby-alpha-sapphire","url":"http://pokeapi.co/api/v2/version-group/16/"}},{"flavor_text":"相手の　攻撃が\n急所に　当たらない。","language":{"name":"ja-kanji","url":"http://pokeapi.co/api/v2/language/11/"},"version_group":{"name":"x-y","url":"http://pokeapi.co/api/v2/version-group/15/"}},{"flavor_text":"Protects the Pokémon\nfrom critical hits.","language":{"name":"en","url":"http://pokeapi.co/api/v2/language/9/"},"version_group":{"name":"x-y","url":"http://pokeapi.co/api/v2/version-group/15/"}},{"flavor_text":"Evita che il Pokémon subisca\nbrutti colpi.","language":{"name":"it","url":"http://pokeapi.co/api/v2/language/8/"},"version_group":{"name":"x-y","url":"http://pokeapi.co/api/v2/version-group/15/"}},{"flavor_text":"Bloquea golpes críticos.","language":{"name":"es","url":"http://pokeapi.co/api/v2/language/7/"},"version_group":{"name":"x-y","url":"http://pokeapi.co/api/v2/version-group/15/"}},{"flavor_text":"Wehrt gegnerische Volltreffer ab.","language":{"name":"de","url":"http://pokeapi.co/api/v2/language/6/"},"version_group":{"name":"x-y","url":"http://pokeapi.co/api/v2/version-group/15/"}},{"flavor_text":"Le Pokémon est protégé des\ncoups critiques.","language":{"name":"fr","url":"http://pokeapi.co/api/v2/language/5/"},"version_group":{"name":"x-y","url":"http://pokeapi.co/api/v2/version-group/15/"}},{"flavor_text":"상대의 공격이\n급소에 맞지 않는다.","language":{"name":"ko","url":"http://pokeapi.co/api/v2/language/3/"},"version_group":{"name":"x-y","url":"http://pokeapi.co/api/v2/version-group/15/"}},{"flavor_text":"あいての　こうげきが\nきゅうしょに　あたらない。","language":{"name":"ja","url":"http://pokeapi.co/api/v2/language/1/"},"version_group":{"name":"x-y","url":"http://pokeapi.co/api/v2/version-group/15/"}},{"flavor_text":"The Pokémon is protected\nagainst critical hits.","language":{"name":"en","url":"http://pokeapi.co/api/v2/language/9/"},"version_group":{"name":"black-2-white-2","url":"http://pokeapi.co/api/v2/version-group/14/"}},{"flavor_text":"The Pokémon is protected\nagainst critical hits.","language":{"name":"en","url":"http://pokeapi.co/api/v2/language/9/"},"version_group":{"name":"black-white","url":"http://pokeapi.co/api/v2/version-group/11/"}},{"flavor_text":"Le Pokémon est protégé\ndes coups critiques.","language":{"name":"fr","url":"http://pokeapi.co/api/v2/language/5/"},"version_group":{"name":"black-white","url":"http://pokeapi.co/api/v2/version-group/11/"}},{"flavor_text":"The Pokémon is protected\nagainst critical hits.","language":{"name":"en","url":"http://pokeapi.co/api/v2/language/9/"},"version_group":{"name":"heartgold-soulsilver","url":"http://pokeapi.co/api/v2/version-group/10/"}},{"flavor_text":"The Pokémon is protected\nagainst critical hits.","language":{"name":"en","url":"http://pokeapi.co/api/v2/language/9/"},"version_group":{"name":"platinum","url":"http://pokeapi.co/api/v2/version-group/9/"}},{"flavor_text":"The Pokémon is protected\nagainst critical hits.","language":{"name":"en","url":"http://pokeapi.co/api/v2/language/9/"},"version_group":{"name":"diamond-pearl","url":"http://pokeapi.co/api/v2/version-group/8/"}},{"flavor_text":"Blocks critical hits.","language":{"name":"en","url":"http://pokeapi.co/api/v2/language/9/"},"version_group":{"name":"firered-leafgreen","url":"http://pokeapi.co/api/v2/version-group/7/"}},{"flavor_text":"Blocks critical hits.","language":{"name":"en","url":"http://pokeapi.co/api/v2/language/9/"},"version_group":{"name":"emerald","url":"http://pokeapi.co/api/v2/version-group/6/"}},{"flavor_text":"Blocks critical hits.","language":{"name":"en","url":"http://pokeapi.co/api/v2/language/9/"},"version_group":{"name":"ruby-sapphire","url":"http://pokeapi.co/api/v2/version-group/5/"}}],"pokemon":[{"is_hidden":true,"slot":3,"pokemon":{"name":"cubone","url":"http://pokeapi.co/api/v2/pokemon/104/"}},{"is_hidden":true,"slot":3,"pokemon":{"name":"marowak","url":"http://pokeapi.co/api/v2/pokemon/105/"}},{"is_hidden":false,"slot":2,"pokemon":{"name":"kabuto","url":"http://pokeapi.co/api/v2/pokemon/140/"}},{"is_hidden":false,"slot":2,"pokemon":{"name":"kabutops","url":"http://pokeapi.co/api/v2/pokemon/141/"}},{"is_hidden":false,"slot":1,"pokemon":{"name":"anorith","url":"http://pokeapi.co/api/v2/pokemon/347/"}},{"is_hidden":false,"slot":1,"pokemon":{"name":"armaldo","url":"http://pokeapi.co/api/v2/pokemon/348/"}},{"is_hidden":false,"slot":1,"pokemon":{"name":"skorupi","url":"http://pokeapi.co/api/v2/pokemon/451/"}},{"is_hidden":false,"slot":1,"pokemon":{"name":"drapion","url":"http://pokeapi.co/api/v2/pokemon/452/"}}]}