{"id":126,"name":"contrary","is_main_series":true,"generation":{"name":"generation-v","url":"http://pokeapi.co/api/v2/generation/5/"},"names":[{"name":"Contrary","language":{"name":"en","url":"http://pokeapi.co/api/v2/language/9/"}},{"name":"Inversione","language":{"name":"it","url":"http://pokeapi.co/api/v2/language/8/"}},{"name":"Respondón","language":{"name":"es","url":"http://pokeapi.co/api/v2/language/7/"}},{"name":"Umkehrung","language":{"name":"de","url":"http://pokeapi.co/api/v2/language/6/"}},{"name":"Contestation","language":{"name":"fr","url":"http://pokeapi.co/api/v2/language/5/"}},{"name":"심술꾸러기","language":{"name":"ko","url":"http://pokeapi.co/api/v2/language/3/"}},{"name":"あまのじゃく","language":{"name":"ja","url":"http://pokeapi.co/api/v2/language/1/"}}],"effect_entries":[{"effect":"Whenever this Pokémon's stats would be raised, they are instead lowered by the same amount, and vice versa.","short_effect":"Inverts stat changes.","language":{"name":"en","url":"http://pokeapi.co/api/v2/language/9/"}}],"effect_changes":[],"flavor_text_entries":[{"flavor_text":"能力の　変化が\n逆転する。","language":{"name":"ja-kanji","url":"http://pokeapi.co/api/v2/language/11/"},"version_group":{"name":"omega-ruby-alpha-sapphire","url":"http://pokeapi.co/api/v2/version-group/16/"}},{"flavor_text":"Makes stat changes have\nan opposite effect.","language":{"name":"en","url":"http://pokeapi.co/api/v2/language/9/"},"version_group":{"name":"omega-ruby-alpha-sapphire","url":"http://pokeapi.co/api/v2/version-group/16/"}},{"flavor_text":"Le modifiche alle statistiche\nhanno effetto inverso.","language":{"name":"it","url":"http://pokeapi.co/api/v2/language/8/"},"version_group":{"name":"omega-ruby-alpha-sapphire","url":"http://pokeapi.co/api/v2/version-group/16/"}},{"flavor_text":"Invierte los cambios en las\ncaracterísticas.","language":{"name":"es","url":"http://pokeapi.co/api/v2/language/7/"},"version_group":{"name":"omega-ruby-alpha-sapphire","url":"http://pokeapi.co/api/v2/version-group/16/"}},{"flavor_text":"Statusveränderungen werden\numgekehrt.","language":{"name":"de","url":"http://pokeapi.co/api/v2/language/6/"},"version_group":{"name":"omega-ruby-alpha-sapphire","url":"http://pokeapi.co/api/v2/version-group/16/"}},{"flavor_text":"Inverse les variations de stats.","language":{"name":"fr","url":"http://pokeapi.co/api/v2/language/5/"},"version_group":{"name":"omega-ruby-alpha-sapphire","url":"http://pokeapi.co/api/v2/version-group/16/"}},{"flavor_text":"능력의 변화가\n역전된다.","language":{"name":"ko","url":"http://pokeapi.co/api/v2/language/3/"},"version_group":{"name":"omega-ruby-alpha-sapphire","url":"http://pokeapi.co/api/v2/version-group/16/"}},{"flavor_text":"のうりょくの　へんかが\nぎゃくてんする。","language":{"name":"ja","url":"http://pokeapi.co/api/v2/language/1/"},"version_group":{"name":"omega-ruby-alpha-sapphire","url":"http://pokeapi.co/api/v2/version-group/16/"}},{"flavor_text":"能力の　変化が\n逆転する。","language":{"name":"ja-kanji","url":"http://pokeapi.co/api/v2/language/11/"},"version_group":{"name":"x-y","url":"http://pokeapi.co/api/v2/version-group/15/"}},{"flavor_text":"Makes stat changes have\nan opposite effect.","language":{"name":"en","url":"http://pokeapi.co/api/v2/language/9/"},"version_group":{"name":"x-y","url":"http://pokeapi.co/api/v2/version-group/15/"}},{"flavor_text":"Le modifiche alle statistiche\nhanno effetto inverso.","language":{"name":"it","url":"http://pokeapi.co/api/v2/language/8/"},"version_group":{"name":"x-y","url":"http://pokeapi.co/api/v2/version-group/15/"}},{"flavor_text":"Invierte los cambios en las\ncaracterísticas.","language":{"name":"es","url":"http://pokeapi.co/api/v2/language/7/"},"version_group":{"name":"x-y","url":"http://pokeapi.co/api/v2/version-group/15/"}},{"flavor_text":"Statusveränderungen werden\numgekehrt.","language":{"name":"de","url":"http://pokeapi.co/api/v2/language/6/"},"version_group":{"name":"x-y","url":"http://pokeapi.co/api/v2/version-group/15/"}},{"flavor_text":"Inverse les variations de stats.","language":{"name":"fr","url":"http://pokeapi.co/api/v2/language/5/"},"version_group":{"name":"x-y","url":"http://pokeapi.co/api/v2/version-group/15/"}},{"flavor_text":"능력의 변화가\n역전된다.","language":{"name":"ko","url":"http://pokeapi.co/api/v2/language/3/"},"version_group":{"name":"x-y","url":"http://pokeapi.co/api/v2/version-group/15/"}},{"flavor_text":"のうりょくの　へんかが\nぎゃくてんする。","language":{"name":"ja","url":"http://pokeapi.co/api/v2/language/1/"},"version_group":{"name":"x-y","url":"http://pokeapi.co/api/v2/version-group/15/"}},{"flavor_text":"Makes stat changes have\nan opposite effect.","language":{"name":"en","url":"http://pokeapi.co/api/v2/language/9/"},"version_group":{"name":"black-2-white-2","url":"http://pokeapi.co/api/v2/version-group/14/"}},{"flavor_text":"Makes stat changes have\nan opposite effect.","language":{"name":"en","url":"http://pokeapi.co/api/v2/language/9/"},"version_group":{"name":"black-white","url":"http://pokeapi.co/api/v2/version-group/11/"}},{"flavor_text":"Inverse les variations\nde stats.","language":{"name":"fr","url":"http://pokeapi.co/api/v2/language/5/"},"version_group":{"name":"black-white","url":"http://pokeapi.co/api/v2/version-group/11/"}}],"pokemon":[{"is_hidden":true,"slot":3,"pokemon":{"name":"shuckle","url":"http://pokeapi.co/api/v2/pokemon/213/"}},{"is_hidden":true,"slot":3,"pokemon":{"name":"spinda","url":"http://pokeapi.co/api/v2/pokemon/327/"}},{"is_hidden":true,"slot":3,"pokemon":{"name":"snivy","url":"http://pokeapi.co/api/v2/pokemon/495/"}},{"is_hidden":true,"slot":3,"pokemon":{"name":"servine","url":"http://pokeapi.co/api/v2/pokemon/496/"}},{"is_hidden":true,"slot":3,"pokemon":{"name":"serperior","url":"http://pokeapi.co/api/v2/pokemon/497/"}},{"is_hidden":false,"slot":1,"pokemon":{"name":"inkay","url":"http://pokeapi.co/api/v2/pokemon/686/"}},{"is_hidden":false,"slot":1,"pokemon":{"name":"malamar","url":"http://pokeapi.co/api/v2/pokemon/687/"}}]}