{"id":29,"name":"clear-body","is_main_series":true,"generation":{"name":"generation-iii","url":"http://pokeapi.co/api/v2/generation/3/"},"names":[{"name":"Clear Body","language":{"name":"en","url":"http://pokeapi.co/api/v2/language/9/"}},{"name":"Corpochiaro","language":{"name":"it","url":"http://pokeapi.co/api/v2/language/8/"}},{"name":"Cuerpo Puro","language":{"name":"es","url":"http://pokeapi.co/api/v2/language/7/"}},{"name":"Neutraltorso","language":{"name":"de","url":"http://pokeapi.co/api/v2/language/6/"}},{"name":"Corps Sain","language":{"name":"fr","url":"http://pokeapi.co/api/v2/language/5/"}},{"name":"클리어바디","language":{"name":"ko","url":"http://pokeapi.co/api/v2/language/3/"}},{"name":"クリアボディ","language":{"name":"ja","url":"http://pokeapi.co/api/v2/language/1/"}}],"effect_entries":[{"effect":"This Pokémon cannot have its stats lowered by other Pokémon.\n\nThis ability does not prevent any stat losses other than stat modifiers, such as the Speed cut from paralysis.  This Pokémon can still be passed negative stat modifiers through guard swap, heart swap, or power swap.\n\nThis ability functions identically to white smoke in battle.","short_effect":"Prevents stats from being lowered by other Pokémon.","language":{"name":"en","url":"http://pokeapi.co/api/v2/language/9/"}}],"effect_changes":[],"flavor_text_entries":[{"flavor_text":"相手に　能力を\nさげられない。","language":{"name":"ja-kanji","url":"http://pokeapi.co/api/v2/language/11/"},"version_group":{"name":"omega-ruby-alpha-sapphire","url":"http://pokeapi.co/api/v2/version-group/16/"}},{"flavor_text":"Prevents other Pokémon\nfrom lowering its stats.","language":{"name":"en","url":"http://pokeapi.co/api/v2/language/9/"},"version_group":{"name":"omega-ruby-alpha-sapphire","url":"http://pokeapi.co/api/v2/version-group/16/"}},{"flavor_text":"Le statistiche del Pokémon\nnon possono essere ridotte.","language":{"name":"it","url":"http://pokeapi.co/api/v2/language/8/"},"version_group":{"name":"omega-ruby-alpha-sapphire","url":"http://pokeapi.co/api/v2/version-group/16/"}},{"flavor_text":"Evita que bajen las\ncaracterísticas.","language":{"name":"es","url":"http://pokeapi.co/api/v2/language/7/"},"version_group":{"name":"omega-ruby-alpha-sapphire","url":"http://pokeapi.co/api/v2/version-group/16/"}},{"flavor_text":"Hindert Angreifer daran,\nStatuswerte zu senken.","language":{"name":"de","url":"http://pokeapi.co/api/v2/language/6/"},"version_group":{"name":"omega-ruby-alpha-sapphire","url":"http://pokeapi.co/api/v2/version-group/16/"}},{"flavor_text":"Empêche les stats du Pokémon\nde baisser.","language":{"name":"fr","url":"http://pokeapi.co/api/v2/language/5/"},"version_group":{"name":"omega-ruby-alpha-sapphire","url":"http://pokeapi.co/api/v2/version-group/16/"}},{"flavor_text":"상대가 능력을\n떨어뜨릴 수 없다.","language":{"name":"ko","url":"http://pokeapi.co/api/v2/language/3/"},"version_group":{"name":"omega-ruby-alpha-sapphire","url":"http://pokeapi.co/api/v2/version-group/16/"}},{"flavor_text":"あいてに　のうりょくを\nさげられない。","language":{"name":"ja","url":"http://pokeapi.co/api/v2/language/1/"},"version_group":{"name":"omega-ruby-alpha-sapphire","url":"http://pokeapi.co/api/v2/version-group/16/"}},{"flavor_text":"相手に　能力を\nさげられない。","language":{"name":"ja-kanji","url":"http://pokeapi.co/api/v2/language/11/"},"version_group":{"name":"x-y","url":"http://pokeapi.co/api/v2/version-group/15/"}},{"flavor_text":"Prevents other Pokémon\nfrom lowering its stats.","language":{"name":"en","url":"http://pokeapi.co/api/v2/language/9/"},"version_group":{"name":"x-y","url":"http://pokeapi.co/api/v2/version-group/15/"}},{"flavor_text":"Le statistiche del Pokémon\nnon possono essere ridotte.","language":{"name":"it","url":"http://pokeapi.co/api/v2/language/8/"},"version_group":{"name":"x-y","url":"http://pokeapi.co/api/v2/version-group/15/"}},{"flavor_text":"Evita que bajen las\ncaracterísticas.","language":{"name":"es","url":"http://pokeapi.co/api/v2/language/7/"},"version_group":{"name":"x-y","url":"http://pokeapi.co/api/v2/version-group/15/"}},{"flavor_text":"Hindert Angreifer daran,\nStatuswerte zu senken.","language":{"name":"de","url":"http://pokeapi.co/api/v2/language/6/"},"version_group":{"name":"x-y","url":"http://pokeapi.co/api/v2/version-group/15/"}},{"flavor_text":"Empêche les stats du Pokémon\nde baisser.","language":{"name":"fr","url":"http://pokeapi.co/api/v2/language/5/"},"version_group":{"name":"x-y","url":"http://pokeapi.co/api/v2/version-group/15/"}},{"flavor_text":"상대가 능력을\n떨어뜨릴 수 없다.","language":{"name":"ko","url":"http://pokeapi.co/api/v2/language/3/"},"version_group":{"name":"x-y","url":"http://pokeapi.co/api/v2/version-group/15/"}},{"flavor_text":"あいてに　のうりょくを\nさげられない。","language":{"name":"ja","url":"http://pokeapi.co/api/v2/language/1/"},"version_group":{"name":"x-y","url":"http://pokeapi.co/api/v2/version-group/15/"}},{"flavor_text":"Prevents other Pokémon\nfrom lowering its stats.","language":{"name":"en","url":"http://pokeapi.co/api/v2/language/9/"},"version_group":{"name":"black-2-white-2","url":"http://pokeapi.co/api/v2/version-group/14/"}},{"flavor_text":"Prevents other Pokémon\nfrom lowering its stats.","language":{"name":"en","url":"http://pokeapi.co/api/v2/language/9/"},"version_group":{"name":"black-white","url":"http://pokeapi.co/api/v2/version-group/11/"}},{"flavor_text":"Empêche les stats\ndu Pokémon de baisser.","language":{"name":"fr","url":"http://pokeapi.co/api/v2/language/5/"},"version_group":{"name":"black-white","url":"http://pokeapi.co/api/v2/version-group/11/"}},{"flavor_text":"Prevents its stats from\nbeing lowered.","language":{"name":"en","url":"http://pokeapi.co/api/v2/language/9/"},"version_group":{"name":"heartgold-soulsilver","url":"http://pokeapi.co/api/v2/version-group/10/"}},{"flavor_text":"Prevents the Pokémon’s\nstats from being lowered.","language":{"name":"en","url":"http://pokeapi.co/api/v2/language/9/"},"version_group":{"name":"platinum","url":"http://pokeapi.co/api/v2/version-group/9/"}},{"flavor_text":"Prevents the Pokémon’s\nstats from being lowered.","language":{"name":"en","url":"http://pokeapi.co/api/v2/language/9/"},"version_group":{"name":"diamond-pearl","url":"http://pokeapi.co/api/v2/version-group/8/"}},{"flavor_text":"Prevents ability reduction.","language":{"name":"en","url":"http://pokeapi.co/api/v2/language/9/"},"version_group":{"name":"firered-leafgreen","url":"http://pokeapi.co/api/v2/version-group/7/"}},{"flavor_text":"Prevents ability reduction.","language":{"name":"en","url":"http://pokeapi.co/api/v2/language/9/"},"version_group":{"name":"emerald","url":"http://pokeapi.co/api/v2/version-group/6/"}},{"flavor_text":"Prevents ability reduction.","language":{"name":"en","url":"http://pokeapi.co/api/v2/language/9/"},"version_group":{"name":"ruby-sapphire","url":"http://pokeapi.co/api/v2/version-group/5/"}}],"pokemon":[{"is_hidden":false,"slot":1,"pokemon":{"name":"tentacool","url":"http://pokeapi.co/api/v2/pokemon/72/"}},{"is_hidden":false,"slot":1,"pokemon":{"name":"tentacruel","url":"http://pokeapi.co/api/v2/pokemon/73/"}},{"is_hidden":false,"slot":1,"pokemon":{"name":"beldum","url":"http://pokeapi.co/api/v2/pokemon/374/"}},{"is_hidden":false,"slot":1,"pokemon":{"name":"metang","url":"http://pokeapi.co/api/v2/pokemon/375/"}},{"is_hidden":false,"slot":1,"pokemon":{"name":"metagross","url":"http://pokeapi.co/api/v2/pokemon/376/"}},{"is_hidden":false,"slot":1,"pokemon":{"name":"regirock","url":"http://pokeapi.co/api/v2/pokemon/377/"}},{"is_hidden":false,"slot":1,"pokemon":{"name":"regice","url":"http://pokeapi.co/api/v2/pokemon/378/"}},{"is_hidden":false,"slot":1,"pokemon":{"name":"registeel","url":"http://pokeapi.co/api/v2/pokemon/379/"}},{"is_hidden":true,"slot":3,"pokemon":{"name":"klink","url":"http://pokeapi.co/api/v2/pokemon/599/"}},{"is_hidden":true,"slot":3,"pokemon":{"name":"klang","url":"http://pokeapi.co/api/v2/pokemon/600/"}},{"is_hidden":true,"slot":3,"pokemon":{"name":"klinklang","url":"http://pokeapi.co/api/v2/pokemon/601/"}},{"is_hidden":false,"slot":1,"pokemon":{"name":"carbink","url":"http://pokeapi.co/api/v2/pokemon/703/"}},{"is_hidden":false,"slot":1,"pokemon":{"name":"diancie","url":"http://pokeapi.co/api/v2/pokemon/719/"}}]}