{"id":1,"name":"stench","is_main_series":true,"generation":{"name":"generation-iii","url":"http://pokeapi.co/api/v2/generation/3/"},"names":[{"name":"Stench","language":{"name":"en","url":"http://pokeapi.co/api/v2/language/9/"}},{"name":"Tanfo","language":{"name":"it","url":"http://pokeapi.co/api/v2/language/8/"}},{"name":"Hedor","language":{"name":"es","url":"http://pokeapi.co/api/v2/language/7/"}},{"name":"Duftnote","language":{"name":"de","url":"http://pokeapi.co/api/v2/language/6/"}},{"name":"Puanteur","language":{"name":"fr","url":"http://pokeapi.co/api/v2/language/5/"}},{"name":"악취","language":{"name":"ko","url":"http://pokeapi.co/api/v2/language/3/"}},{"name":"あくしゅう","language":{"name":"ja","url":"http://pokeapi.co/api/v2/language/1/"}}],"effect_entries":[{"effect":"This Pokémon's damaging moves have a 10% chance to make the target flinch with each hit if they do not already cause flinching as a secondary effect.\n\nThis ability does not stack with a held item.\n\nOverworld: The wild encounter rate is halved while this Pokémon is first in the party.","short_effect":"Has a 10% chance of making target Pokémon flinch with each hit.","language":{"name":"en","url":"http://pokeapi.co/api/v2/language/9/"}}],"effect_changes":[{"version_group":{"name":"black-white","url":"http://pokeapi.co/api/v2/version-group/11/"},"effect_entries":[{"effect":"Has no effect in battle.","language":{"name":"en","url":"http://pokeapi.co/api/v2/language/9/"}}]}],"flavor_text_entries":[{"flavor_text":"臭くて　相手が\nひるむ　ことがある。","language":{"name":"ja-kanji","url":"http://pokeapi.co/api/v2/language/11/"},"version_group":{"name":"omega-ruby-alpha-sapphire","url":"http://pokeapi.co/api/v2/version-group/16/"}},{"flavor_text":"The stench may cause\nthe target to flinch.","language":{"name":"en","url":"http://pokeapi.co/api/v2/language/9/"},"version_group":{"name":"omega-ruby-alpha-sapphire","url":"http://pokeapi.co/api/v2/version-group/16/"}},{"flavor_text":"A volte il cattivo odore\nfa tentennare i nemici.","language":{"name":"it","url":"http://pokeapi.co/api/v2/language/8/"},"version_group":{"name":"omega-ruby-alpha-sapphire","url":"http://pokeapi.co/api/v2/version-group/16/"}},{"flavor_text":"Es posible que el rival retroceda\npor el mal olor.","language":{"name":"es","url":"http://pokeapi.co/api/v2/language/7/"},"version_group":{"name":"omega-ruby-alpha-sapphire","url":"http://pokeapi.co/api/v2/version-group/16/"}},{"flavor_text":"Lässt den Gegner durch Gestank\nzurückschrecken.","language":{"name":"de","url":"http://pokeapi.co/api/v2/language/6/"},"version_group":{"name":"omega-ruby-alpha-sapphire","url":"http://pokeapi.co/api/v2/version-group/16/"}},{"flavor_text":"La puanteur peut effrayer\nl’adversaire.","language":{"name":"fr","url":"http://pokeapi.co/api/v2/language/5/"},"version_group":{"name":"omega-ruby-alpha-sapphire","url":"http://pokeapi.co/api/v2/version-group/16/"}},{"flavor_text":"악취 때문에 상대가\n풀죽을 때가 있다.","language":{"name":"ko","url":"http://pokeapi.co/api/v2/language/3/"},"version_group":{"name":"omega-ruby-alpha-sapphire","url":"http://pokeapi.co/api/v2/version-group/16/"}},{"flavor_text":"くさくて　あいてが\nひるむ　ことがある。","language":{"name":"ja","url":"http://pokeapi.co/api/v2/language/1/"},"version_group":{"name":"omega-ruby-alpha-sapphire","url":"http://pokeapi.co/api/v2/version-group/16/"}},{"flavor_text":"臭くて　相手が\nひるむ　ことがある。","language":{"name":"ja-kanji","url":"http://pokeapi.co/api/v2/language/11/"},"version_group":{"name":"x-y","url":"http://pokeapi.co/api/v2/version-group/15/"}},{"flavor_text":"The stench may cause\nthe target to flinch.","language":{"name":"en","url":"http://pokeapi.co/api/v2/language/9/"},"version_group":{"name":"x-y","url":"http://pokeapi.co/api/v2/version-group/15/"}},{"flavor_text":"A volte il cattivo odore\nfa tentennare i nemici.","language":{"name":"it","url":"http://pokeapi.co/api/v2/language/8/"},"version_group":{"name":"x-y","url":"http://pokeapi.co/api/v2/version-group/15/"}},{"flavor_text":"Es posible que el rival retroceda\npor el mal olor.","language":{"name":"es","url":"http://pokeapi.co/api/v2/language/7/"},"version_group":{"name":"x-y","url":"http://pokeapi.co/api/v2/version-group/15/"}},{"flavor_text":"Lässt den Gegner durch Gestank\nzurückschrecken.","language":{"name":"de","url":"http://pokeapi.co/api/v2/language/6/"},"version_group":{"name":"x-y","url":"http://pokeapi.co/api/v2/version-group/15/"}},{"flavor_text":"La puanteur peut effrayer\nl’adversaire.","language":{"name":"fr","url":"http://pokeapi.co/api/v2/language/5/"},"version_group":{"name":"x-y","url":"http://pokeapi.co/api/v2/version-group/15/"}},{"flavor_text":"악취 때문에 상대가\n풀죽을 때가 있다.","language":{"name":"ko","url":"http://pokeapi.co/api/v2/language/3/"},"version_group":{"name":"x-y","url":"http://pokeapi.co/api/v2/version-group/15/"}},{"flavor_text":"くさくて　あいてが\nひるむ　ことがある。","language":{"name":"ja","url":"http://pokeapi.co/api/v2/language/1/"},"version_group":{"name":"x-y","url":"http://pokeapi.co/api/v2/version-group/15/"}},{"flavor_text":"The stench may cause\nthe target to flinch.","language":{"name":"en","url":"http://pokeapi.co/api/v2/language/9/"},"version_group":{"name":"black-2-white-2","url":"http://pokeapi.co/api/v2/version-group/14/"}},{"flavor_text":"The stench may cause\nthe target to flinch.","language":{"name":"en","url":"http://pokeapi.co/api/v2/language/9/"},"version_group":{"name":"black-white","url":"http://pokeapi.co/api/v2/version-group/11/"}},{"flavor_text":"La puanteur peut\neffrayer l’adversaire.","language":{"name":"fr","url":"http://pokeapi.co/api/v2/language/5/"},"version_group":{"name":"black-white","url":"http://pokeapi.co/api/v2/version-group/11/"}},{"flavor_text":"The stench helps keep\nwild Pokémon away.","language":{"name":"en","url":"http://pokeapi.co/api/v2/language/9/"},"version_group":{"name":"heartgold-soulsilver","url":"http://pokeapi.co/api/v2/version-group/10/"}},{"flavor_text":"The stench helps keep\nwild Pokémon away.","language":{"name":"en","url":"http://pokeapi.co/api/v2/language/9/"},"version_group":{"name":"platinum","url":"http://pokeapi.co/api/v2/version-group/9/"}},{"flavor_text":"The stench helps keep\nwild Pokémon away.","language":{"name":"en","url":"http://pokeapi.co/api/v2/language/9/"},"version_group":{"name":"diamond-pearl","url":"http://pokeapi.co/api/v2/version-group/8/"}},{"flavor_text":"Helps repel wild POKéMON.","language":{"name":"en","url":"http://pokeapi.co/api/v2/language/9/"},"version_group":{"name":"firered-leafgreen","url":"http://pokeapi.co/api/v2/version-group/7/"}},{"flavor_text":"Helps repel wild POKéMON.","language":{"name":"en","url":"http://pokeapi.co/api/v2/language/9/"},"version_group":{"name":"emerald","url":"http://pokeapi.co/api/v2/version-group/6/"}},{"flavor_text":"Helps repel wild POKéMON.","language":{"name":"en","url":"http://pokeapi.co/api/v2/language/9/"},"version_group":{"name":"ruby-sapphire","url":"http://pokeapi.co/api/v2/version-group/5/"}}],"pokemon":[{"is_hidden":true,"slot":3,"pokemon":{"name":"gloom","url":"http://pokeapi.co/api/v2/pokemon/44/"}},{"is_hidden":false,"slot":1,"pokemon":{"name":"grimer","url":"http://pokeapi.co/api/v2/pokemon/88/"}},{"is_hidden":false,"slot":1,"pokemon":{"name":"muk","url":"http://pokeapi.co/api/v2/pokemon/89/"}},{"is_hidden":false,"slot":1,"pokemon":{"name":"stunky","url":"http://pokeapi.co/api/v2/pokemon/434/"}},{"is_hidden":false,"slot":1,"pokemon":{"name":"skuntank","url":"http://pokeapi.co/api/v2/pokemon/435/"}},{"is_hidden":false,"slot":1,"pokemon":{"name":"trubbish","url":"http://pokeapi.co/api/v2/pokemon/568/"}},{"is_hidden":false,"slot":1,"pokemon":{"name":"garbodor","url":"http://pokeapi.co/api/v2/pokemon/569/"}}]}