{"id":139,"name":"harvest","is_main_series":true,"generation":{"name":"generation-v","url":"http://pokeapi.co/api/v2/generation/5/"},"names":[{"name":"Harvest","language":{"name":"en","url":"http://pokeapi.co/api/v2/language/9/"}},{"name":"Coglibacche","language":{"name":"it","url":"http://pokeapi.co/api/v2/language/8/"}},{"name":"Cosecha","language":{"name":"es","url":"http://pokeapi.co/api/v2/language/7/"}},{"name":"Reiche Ernte","language":{"name":"de","url":"http://pokeapi.co/api/v2/language/6/"}},{"name":"Récolte","language":{"name":"fr","url":"http://pokeapi.co/api/v2/language/5/"}},{"name":"수확","language":{"name":"ko","url":"http://pokeapi.co/api/v2/language/3/"}},{"name":"しゅうかく","language":{"name":"ja","url":"http://pokeapi.co/api/v2/language/1/"}}],"effect_entries":[{"effect":"After each turn, if the last item this Pokémon consumed was a Berry and it is not currently holding an item, it has a 50% chance of regaining that Berry, or a 100% chance during strong sunlight.","short_effect":"Has a 50% chance of restoring a used Berry after each turn if the Pokémon has held no items in the meantime.","language":{"name":"en","url":"http://pokeapi.co/api/v2/language/9/"}}],"effect_changes":[],"flavor_text_entries":[{"flavor_text":"使った　きの を\n何回も　つくりだす。","language":{"name":"ja-kanji","url":"http://pokeapi.co/api/v2/language/11/"},"version_group":{"name":"omega-ruby-alpha-sapphire","url":"http://pokeapi.co/api/v2/version-group/16/"}},{"flavor_text":"May create another\nBerry after one is used.","language":{"name":"en","url":"http://pokeapi.co/api/v2/language/9/"},"version_group":{"name":"omega-ruby-alpha-sapphire","url":"http://pokeapi.co/api/v2/version-group/16/"}},{"flavor_text":"Può ricreare una bacca utilizzata.","language":{"name":"it","url":"http://pokeapi.co/api/v2/language/8/"},"version_group":{"name":"omega-ruby-alpha-sapphire","url":"http://pokeapi.co/api/v2/version-group/16/"}},{"flavor_text":"Permite reutilizar varias veces una\nmisma baya.","language":{"name":"es","url":"http://pokeapi.co/api/v2/language/7/"},"version_group":{"name":"omega-ruby-alpha-sapphire","url":"http://pokeapi.co/api/v2/version-group/16/"}},{"flavor_text":"Dieselbe Beere kann mehrmals\nverwendet werden.","language":{"name":"de","url":"http://pokeapi.co/api/v2/language/6/"},"version_group":{"name":"omega-ruby-alpha-sapphire","url":"http://pokeapi.co/api/v2/version-group/16/"}},{"flavor_text":"Permet de réutiliser une même\nBaie plusieurs fois.","language":{"name":"fr","url":"http://pokeapi.co/api/v2/language/5/"},"version_group":{"name":"omega-ruby-alpha-sapphire","url":"http://pokeapi.co/api/v2/version-group/16/"}},{"flavor_text":"사용한 나무열매를\n몇 번이고 만들어 낸다.","language":{"name":"ko","url":"http://pokeapi.co/api/v2/language/3/"},"version_group":{"name":"omega-ruby-alpha-sapphire","url":"http://pokeapi.co/api/v2/version-group/16/"}},{"flavor_text":"つかった　きの を\nなんかいも　つくりだす。","language":{"name":"ja","url":"http://pokeapi.co/api/v2/language/1/"},"version_group":{"name":"omega-ruby-alpha-sapphire","url":"http://pokeapi.co/api/v2/version-group/16/"}},{"flavor_text":"使った　きのみを\n何回も　つくりだす。","language":{"name":"ja-kanji","url":"http://pokeapi.co/api/v2/language/11/"},"version_group":{"name":"x-y","url":"http://pokeapi.co/api/v2/version-group/15/"}},{"flavor_text":"May create another\nBerry after one is used.","language":{"name":"en","url":"http://pokeapi.co/api/v2/language/9/"},"version_group":{"name":"x-y","url":"http://pokeapi.co/api/v2/version-group/15/"}},{"flavor_text":"Può ricreare una bacca utilizzata.","language":{"name":"it","url":"http://pokeapi.co/api/v2/language/8/"},"version_group":{"name":"x-y","url":"http://pokeapi.co/api/v2/version-group/15/"}},{"flavor_text":"Permite reutilizar varias veces una\nmisma baya.","language":{"name":"es","url":"http://pokeapi.co/api/v2/language/7/"},"version_group":{"name":"x-y","url":"http://pokeapi.co/api/v2/version-group/15/"}},{"flavor_text":"Aufgebrauchte Beeren können\nmehrmals nachwachsen.","language":{"name":"de","url":"http://pokeapi.co/api/v2/language/6/"},"version_group":{"name":"x-y","url":"http://pokeapi.co/api/v2/version-group/15/"}},{"flavor_text":"Les Baies utilisées peuvent\nrepousser.","language":{"name":"fr","url":"http://pokeapi.co/api/v2/language/5/"},"version_group":{"name":"x-y","url":"http://pokeapi.co/api/v2/version-group/15/"}},{"flavor_text":"사용한 나무열매를\n몇 번이고 만들어 낸다.","language":{"name":"ko","url":"http://pokeapi.co/api/v2/language/3/"},"version_group":{"name":"x-y","url":"http://pokeapi.co/api/v2/version-group/15/"}},{"flavor_text":"つかった　きのみを\nなんかいも　つくりだす。","language":{"name":"ja","url":"http://pokeapi.co/api/v2/language/1/"},"version_group":{"name":"x-y","url":"http://pokeapi.co/api/v2/version-group/15/"}},{"flavor_text":"May create another\nBerry after one is used.","language":{"name":"en","url":"http://pokeapi.co/api/v2/language/9/"},"version_group":{"name":"black-2-white-2","url":"http://pokeapi.co/api/v2/version-group/14/"}},{"flavor_text":"May create another\nBerry after one is used.","language":{"name":"en","url":"http://pokeapi.co/api/v2/language/9/"},"version_group":{"name":"black-white","url":"http://pokeapi.co/api/v2/version-group/11/"}},{"flavor_text":"Les Baies utilisées\npeuvent repousser.","language":{"name":"fr","url":"http://pokeapi.co/api/v2/language/5/"},"version_group":{"name":"black-white","url":"http://pokeapi.co/api/v2/version-group/11/"}}],"pokemon":[{"is_hidden":true,"slot":3,"pokemon":{"name":"exeggcute","url":"http://pokeapi.co/api/v2/pokemon/102/"}},{"is_hidden":true,"slot":3,"pokemon":{"name":"exeggutor","url":"http://pokeapi.co/api/v2/pokemon/103/"}},{"is_hidden":true,"slot":3,"pokemon":{"name":"tropius","url":"http://pokeapi.co/api/v2/pokemon/357/"}},{"is_hidden":true,"slot":3,"pokemon":{"name":"phantump","url":"http://pokeapi.co/api/v2/pokemon/708/"}},{"is_hidden":true,"slot":3,"pokemon":{"name":"trevenant","url":"http://pokeapi.co/api/v2/pokemon/709/"}}]}