{"id":83,"name":"anger-point","is_main_series":true,"generation":{"name":"generation-iv","url":"http://pokeapi.co/api/v2/generation/4/"},"names":[{"name":"Anger Point","language":{"name":"en","url":"http://pokeapi.co/api/v2/language/9/"}},{"name":"Grancollera","language":{"name":"it","url":"http://pokeapi.co/api/v2/language/8/"}},{"name":"Irascible","language":{"name":"es","url":"http://pokeapi.co/api/v2/language/7/"}},{"name":"Kurzschluss","language":{"name":"de","url":"http://pokeapi.co/api/v2/language/6/"}},{"name":"Colérique","language":{"name":"fr","url":"http://pokeapi.co/api/v2/language/5/"}},{"name":"분노의경혈","language":{"name":"ko","url":"http://pokeapi.co/api/v2/language/3/"}},{"name":"いかりのつぼ","language":{"name":"ja","url":"http://pokeapi.co/api/v2/language/1/"}}],"effect_entries":[{"effect":"Whenever this Pokémon receives a critical hit, its Attack rises to the maximum of 6 stages.\n\nThis ability will still take effect if the critical hit is received by a substitute.","short_effect":"Raises Attack to the maximum of six stages upon receiving a critical hit.","language":{"name":"en","url":"http://pokeapi.co/api/v2/language/9/"}}],"effect_changes":[],"flavor_text_entries":[{"flavor_text":"急所に　受けると\n攻撃が　あがる。","language":{"name":"ja-kanji","url":"http://pokeapi.co/api/v2/language/11/"},"version_group":{"name":"omega-ruby-alpha-sapphire","url":"http://pokeapi.co/api/v2/version-group/16/"}},{"flavor_text":"Maxes the Attack stat after\nthe Pokémon takes a critical hit.","language":{"name":"en","url":"http://pokeapi.co/api/v2/language/9/"},"version_group":{"name":"omega-ruby-alpha-sapphire","url":"http://pokeapi.co/api/v2/version-group/16/"}},{"flavor_text":"Massimizza l’Attacco se si\nsubisce un brutto colpo.","language":{"name":"it","url":"http://pokeapi.co/api/v2/language/8/"},"version_group":{"name":"omega-ruby-alpha-sapphire","url":"http://pokeapi.co/api/v2/version-group/16/"}},{"flavor_text":"Sube el Ataque al máximo tras un\ngolpe crítico.","language":{"name":"es","url":"http://pokeapi.co/api/v2/language/7/"},"version_group":{"name":"omega-ruby-alpha-sapphire","url":"http://pokeapi.co/api/v2/version-group/16/"}},{"flavor_text":"Maximiert nach Einstecken eines\nVolltreffers den Angriffs-Wert.","language":{"name":"de","url":"http://pokeapi.co/api/v2/language/6/"},"version_group":{"name":"omega-ruby-alpha-sapphire","url":"http://pokeapi.co/api/v2/version-group/16/"}},{"flavor_text":"Monte l’Attaque au max après\navoir reçu un coup critique.","language":{"name":"fr","url":"http://pokeapi.co/api/v2/language/5/"},"version_group":{"name":"omega-ruby-alpha-sapphire","url":"http://pokeapi.co/api/v2/version-group/16/"}},{"flavor_text":"급소에 맞으면\n공격이 올라간다.","language":{"name":"ko","url":"http://pokeapi.co/api/v2/language/3/"},"version_group":{"name":"omega-ruby-alpha-sapphire","url":"http://pokeapi.co/api/v2/version-group/16/"}},{"flavor_text":"きゅうしょに　うけると\nこうげきが　あがる。","language":{"name":"ja","url":"http://pokeapi.co/api/v2/language/1/"},"version_group":{"name":"omega-ruby-alpha-sapphire","url":"http://pokeapi.co/api/v2/version-group/16/"}},{"flavor_text":"急所に　受けると\n攻撃が　あがる。","language":{"name":"ja-kanji","url":"http://pokeapi.co/api/v2/language/11/"},"version_group":{"name":"x-y","url":"http://pokeapi.co/api/v2/version-group/15/"}},{"flavor_text":"Maxes the Attack stat after\nthe Pokémon takes a critical hit.","language":{"name":"en","url":"http://pokeapi.co/api/v2/language/9/"},"version_group":{"name":"x-y","url":"http://pokeapi.co/api/v2/version-group/15/"}},{"flavor_text":"Massimizza l’Attacco se si\nsubisce un brutto colpo.","language":{"name":"it","url":"http://pokeapi.co/api/v2/language/8/"},"version_group":{"name":"x-y","url":"http://pokeapi.co/api/v2/version-group/15/"}},{"flavor_text":"Sube el Ataque al máximo tras un\ngolpe crítico.","language":{"name":"es","url":"http://pokeapi.co/api/v2/language/7/"},"version_group":{"name":"x-y","url":"http://pokeapi.co/api/v2/version-group/15/"}},{"flavor_text":"Maximiert nach Einstecken eines\nVolltreffers den Angriffs-Wert.","language":{"name":"de","url":"http://pokeapi.co/api/v2/language/6/"},"version_group":{"name":"x-y","url":"http://pokeapi.co/api/v2/version-group/15/"}},{"flavor_text":"Monte l’Attaque au max après\navoir reçu un coup critique.","language":{"name":"fr","url":"http://pokeapi.co/api/v2/language/5/"},"version_group":{"name":"x-y","url":"http://pokeapi.co/api/v2/version-group/15/"}},{"flavor_text":"급소에 맞으면\n공격이 올라간다.","language":{"name":"ko","url":"http://pokeapi.co/api/v2/language/3/"},"version_group":{"name":"x-y","url":"http://pokeapi.co/api/v2/version-group/15/"}},{"flavor_text":"きゅうしょに　うけると\nこうげきが　あがる。","language":{"name":"ja","url":"http://pokeapi.co/api/v2/language/1/"},"version_group":{"name":"x-y","url":"http://pokeapi.co/api/v2/version-group/15/"}},{"flavor_text":"Maxes Attack after\ntaking a critical hit.","language":{"name":"en","url":"http://pokeapi.co/api/v2/language/9/"},"version_group":{"name":"black-2-white-2","url":"http://pokeapi.co/api/v2/version-group/14/"}},{"flavor_text":"Maxes Attack after\ntaking a critical hit.","language":{"name":"en","url":"http://pokeapi.co/api/v2/language/9/"},"version_group":{"name":"black-white","url":"http://pokeapi.co/api/v2/version-group/11/"}},{"flavor_text":"Monte l’Attaque au max\naprès un coup critique.","language":{"name":"fr","url":"http://pokeapi.co/api/v2/language/5/"},"version_group":{"name":"black-white","url":"http://pokeapi.co/api/v2/version-group/11/"}},{"flavor_text":"Raises Attack upon\ntaking a critical hit.","language":{"name":"en","url":"http://pokeapi.co/api/v2/language/9/"},"version_group":{"name":"heartgold-soulsilver","url":"http://pokeapi.co/api/v2/version-group/10/"}},{"flavor_text":"Raises Attack upon taking\na critical hit.","language":{"name":"en","url":"http://pokeapi.co/api/v2/language/9/"},"version_group":{"name":"platinum","url":"http://pokeapi.co/api/v2/version-group/9/"}},{"flavor_text":"Raises Attack upon taking\na critical hit.","language":{"name":"en","url":"http://pokeapi.co/api/v2/language/9/"},"version_group":{"name":"diamond-pearl","url":"http://pokeapi.co/api/v2/version-group/8/"}}],"pokemon":[{"is_hidden":false,"slot":2,"pokemon":{"name":"mankey","url":"http://pokeapi.co/api/v2/pokemon/56/"}},{"is_hidden":false,"slot":2,"pokemon":{"name":"primeape","url":"http://pokeapi.co/api/v2/pokemon/57/"}},{"is_hidden":false,"slot":2,"pokemon":{"name":"tauros","url":"http://pokeapi.co/api/v2/pokemon/128/"}},{"is_hidden":true,"slot":3,"pokemon":{"name":"camerupt","url":"http://pokeapi.co/api/v2/pokemon/323/"}},{"is_hidden":true,"slot":3,"pokemon":{"name":"sandile","url":"http://pokeapi.co/api/v2/pokemon/551/"}},{"is_hidden":true,"slot":3,"pokemon":{"name":"krokorok","url":"http://pokeapi.co/api/v2/pokemon/552/"}},{"is_hidden":true,"slot":3,"pokemon":{"name":"krookodile","url":"http://pokeapi.co/api/v2/pokemon/553/"}}]}