{"id":152,"name":"mummy","is_main_series":true,"generation":{"name":"generation-v","url":"http://pokeapi.co/api/v2/generation/5/"},"names":[{"name":"Mummy","language":{"name":"en","url":"http://pokeapi.co/api/v2/language/9/"}},{"name":"Mummia","language":{"name":"it","url":"http://pokeapi.co/api/v2/language/8/"}},{"name":"Momia","language":{"name":"es","url":"http://pokeapi.co/api/v2/language/7/"}},{"name":"Mumie","language":{"name":"de","url":"http://pokeapi.co/api/v2/language/6/"}},{"name":"Momie","language":{"name":"fr","url":"http://pokeapi.co/api/v2/language/5/"}},{"name":"미라","language":{"name":"ko","url":"http://pokeapi.co/api/v2/language/3/"}},{"name":"ミイラ","language":{"name":"ja","url":"http://pokeapi.co/api/v2/language/1/"}}],"effect_entries":[{"effect":"Whenever a contact move hits this Pokémon, the attacking Pokémon's ability changes to Mummy.\n\nmultitype is unaffected.  If a Pokémon with moxie knocks this Pokémon out, the former's ability will change without taking effect.","short_effect":"Changes attacking Pokémon's abilities to Mummy on contact.","language":{"name":"en","url":"http://pokeapi.co/api/v2/language/9/"}}],"effect_changes":[],"flavor_text_entries":[{"flavor_text":"相手に　触られると\n相手を　ミイラにする。","language":{"name":"ja-kanji","url":"http://pokeapi.co/api/v2/language/11/"},"version_group":{"name":"omega-ruby-alpha-sapphire","url":"http://pokeapi.co/api/v2/version-group/16/"}},{"flavor_text":"Contact with the Pokémon\nspreads this Ability.","language":{"name":"en","url":"http://pokeapi.co/api/v2/language/9/"},"version_group":{"name":"omega-ruby-alpha-sapphire","url":"http://pokeapi.co/api/v2/version-group/16/"}},{"flavor_text":"L’abilità del nemico cambia\nin Mummia dopo il contatto.","language":{"name":"it","url":"http://pokeapi.co/api/v2/language/8/"},"version_group":{"name":"omega-ruby-alpha-sapphire","url":"http://pokeapi.co/api/v2/version-group/16/"}},{"flavor_text":"Contagia Momia al rival que lo\ntoque.","language":{"name":"es","url":"http://pokeapi.co/api/v2/language/7/"},"version_group":{"name":"omega-ruby-alpha-sapphire","url":"http://pokeapi.co/api/v2/version-group/16/"}},{"flavor_text":"Berührt man das Pokémon,\nübernimmt man seine Fähigkeit.","language":{"name":"de","url":"http://pokeapi.co/api/v2/language/6/"},"version_group":{"name":"omega-ruby-alpha-sapphire","url":"http://pokeapi.co/api/v2/version-group/16/"}},{"flavor_text":"Momifie le talent de l’ennemi qui\nle touche.","language":{"name":"fr","url":"http://pokeapi.co/api/v2/language/5/"},"version_group":{"name":"omega-ruby-alpha-sapphire","url":"http://pokeapi.co/api/v2/version-group/16/"}},{"flavor_text":"상대의 기술을 받으면\n상대를 미라로 만든다.","language":{"name":"ko","url":"http://pokeapi.co/api/v2/language/3/"},"version_group":{"name":"omega-ruby-alpha-sapphire","url":"http://pokeapi.co/api/v2/version-group/16/"}},{"flavor_text":"あいてに　さわられると\nあいてを　ミイラにする。","language":{"name":"ja","url":"http://pokeapi.co/api/v2/language/1/"},"version_group":{"name":"omega-ruby-alpha-sapphire","url":"http://pokeapi.co/api/v2/version-group/16/"}},{"flavor_text":"相手に　触られると\n相手を　ミイラにする。","language":{"name":"ja-kanji","url":"http://pokeapi.co/api/v2/language/11/"},"version_group":{"name":"x-y","url":"http://pokeapi.co/api/v2/version-group/15/"}},{"flavor_text":"Contact with the Pokémon\nspreads this Ability.","language":{"name":"en","url":"http://pokeapi.co/api/v2/language/9/"},"version_group":{"name":"x-y","url":"http://pokeapi.co/api/v2/version-group/15/"}},{"flavor_text":"L’abilità del nemico cambia\nin Mummia dopo il contatto.","language":{"name":"it","url":"http://pokeapi.co/api/v2/language/8/"},"version_group":{"name":"x-y","url":"http://pokeapi.co/api/v2/version-group/15/"}},{"flavor_text":"Contagia Momia al rival que lo\ntoque.","language":{"name":"es","url":"http://pokeapi.co/api/v2/language/7/"},"version_group":{"name":"x-y","url":"http://pokeapi.co/api/v2/version-group/15/"}},{"flavor_text":"Berührt man das Pokémon,\nübernimmt man seine Fähigkeit.","language":{"name":"de","url":"http://pokeapi.co/api/v2/language/6/"},"version_group":{"name":"x-y","url":"http://pokeapi.co/api/v2/version-group/15/"}},{"flavor_text":"Momifie le talent de l’ennemi qui\nle touche.","language":{"name":"fr","url":"http://pokeapi.co/api/v2/language/5/"},"version_group":{"name":"x-y","url":"http://pokeapi.co/api/v2/version-group/15/"}},{"flavor_text":"상대의 기술을 받으면\n상대를 미라로 만든다.","language":{"name":"ko","url":"http://pokeapi.co/api/v2/language/3/"},"version_group":{"name":"x-y","url":"http://pokeapi.co/api/v2/version-group/15/"}},{"flavor_text":"あいてに　さわられると\nあいてを　ミイラにする。","language":{"name":"ja","url":"http://pokeapi.co/api/v2/language/1/"},"version_group":{"name":"x-y","url":"http://pokeapi.co/api/v2/version-group/15/"}},{"flavor_text":"Contact with this Pokémon\nspreads this Ability.","language":{"name":"en","url":"http://pokeapi.co/api/v2/language/9/"},"version_group":{"name":"black-2-white-2","url":"http://pokeapi.co/api/v2/version-group/14/"}},{"flavor_text":"Contact with this Pokémon\nspreads this Ability.","language":{"name":"en","url":"http://pokeapi.co/api/v2/language/9/"},"version_group":{"name":"black-white","url":"http://pokeapi.co/api/v2/version-group/11/"}},{"flavor_text":"Momifie la cap. spé. de\nl’ennemi qui le touche.","language":{"name":"fr","url":"http://pokeapi.co/api/v2/language/5/"},"version_group":{"name":"black-white","url":"http://pokeapi.co/api/v2/version-group/11/"}}],"pokemon":[{"is_hidden":false,"slot":1,"pokemon":{"name":"yamask","url":"http://pokeapi.co/api/v2/pokemon/562/"}},{"is_hidden":false,"slot":1,"pokemon":{"name":"cofagrigus","url":"http://pokeapi.co/api/v2/pokemon/563/"}}]}