{"id":127,"name":"unnerve","is_main_series":true,"generation":{"name":"generation-v","url":"http://pokeapi.co/api/v2/generation/5/"},"names":[{"name":"Unnerve","language":{"name":"en","url":"http://pokeapi.co/api/v2/language/9/"}},{"name":"Agitazione","language":{"name":"it","url":"http://pokeapi.co/api/v2/language/8/"}},{"name":"Nerviosismo","language":{"name":"es","url":"http://pokeapi.co/api/v2/language/7/"}},{"name":"Anspannung","language":{"name":"de","url":"http://pokeapi.co/api/v2/language/6/"}},{"name":"Tension","language":{"name":"fr","url":"http://pokeapi.co/api/v2/language/5/"}},{"name":"긴장감","language":{"name":"ko","url":"http://pokeapi.co/api/v2/language/3/"}},{"name":"きんちょうかん","language":{"name":"ja","url":"http://pokeapi.co/api/v2/language/1/"}}],"effect_entries":[{"effect":"Opposing Pokémon cannot eat held Berries while this Pokémon is in battle.\n\nAffected Pokémon can still use bug bite or pluck to eat a target's Berry.","short_effect":"Prevents opposing Pokémon from eating held Berries.","language":{"name":"en","url":"http://pokeapi.co/api/v2/language/9/"}}],"effect_changes":[],"flavor_text_entries":[{"flavor_text":"相手を　緊張させ\nきの を　食べさせない。","language":{"name":"ja-kanji","url":"http://pokeapi.co/api/v2/language/11/"},"version_group":{"name":"omega-ruby-alpha-sapphire","url":"http://pokeapi.co/api/v2/version-group/16/"}},{"flavor_text":"Unnerves opposing Pokémon and\nmakes them unable to eat Berries.","language":{"name":"en","url":"http://pokeapi.co/api/v2/language/9/"},"version_group":{"name":"omega-ruby-alpha-sapphire","url":"http://pokeapi.co/api/v2/version-group/16/"}},{"flavor_text":"Il nemico viene intimidito e non\npuò mangiare bacche.","language":{"name":"it","url":"http://pokeapi.co/api/v2/language/8/"},"version_group":{"name":"omega-ruby-alpha-sapphire","url":"http://pokeapi.co/api/v2/version-group/16/"}},{"flavor_text":"Pone nervioso al rival y le impide\nusar bayas.","language":{"name":"es","url":"http://pokeapi.co/api/v2/language/7/"},"version_group":{"name":"omega-ruby-alpha-sapphire","url":"http://pokeapi.co/api/v2/version-group/16/"}},{"flavor_text":"Hindert den Gegner durch Stress\nam Beerenkonsum.","language":{"name":"de","url":"http://pokeapi.co/api/v2/language/6/"},"version_group":{"name":"omega-ruby-alpha-sapphire","url":"http://pokeapi.co/api/v2/version-group/16/"}},{"flavor_text":"L’ennemi stresse et ne peut plus\nmanger de Baies.","language":{"name":"fr","url":"http://pokeapi.co/api/v2/language/5/"},"version_group":{"name":"omega-ruby-alpha-sapphire","url":"http://pokeapi.co/api/v2/version-group/16/"}},{"flavor_text":"상대를 긴장시켜 나무열매를\n먹지 못하게 한다.","language":{"name":"ko","url":"http://pokeapi.co/api/v2/language/3/"},"version_group":{"name":"omega-ruby-alpha-sapphire","url":"http://pokeapi.co/api/v2/version-group/16/"}},{"flavor_text":"あいてを　きんちょうさせ\nきの を　たべさせない。","language":{"name":"ja","url":"http://pokeapi.co/api/v2/language/1/"},"version_group":{"name":"omega-ruby-alpha-sapphire","url":"http://pokeapi.co/api/v2/version-group/16/"}},{"flavor_text":"相手を　緊張させ\nきのみを　食べさせない。","language":{"name":"ja-kanji","url":"http://pokeapi.co/api/v2/language/11/"},"version_group":{"name":"x-y","url":"http://pokeapi.co/api/v2/version-group/15/"}},{"flavor_text":"Unnerves opposing Pokémon and\nmakes them unable to eat Berries.","language":{"name":"en","url":"http://pokeapi.co/api/v2/language/9/"},"version_group":{"name":"x-y","url":"http://pokeapi.co/api/v2/version-group/15/"}},{"flavor_text":"Il nemico viene intimidito e non\npuò mangiare bacche.","language":{"name":"it","url":"http://pokeapi.co/api/v2/language/8/"},"version_group":{"name":"x-y","url":"http://pokeapi.co/api/v2/version-group/15/"}},{"flavor_text":"Pone nervioso al rival y le impide\nusar bayas.","language":{"name":"es","url":"http://pokeapi.co/api/v2/language/7/"},"version_group":{"name":"x-y","url":"http://pokeapi.co/api/v2/version-group/15/"}},{"flavor_text":"Hindert den Gegner durch Stress\nam Beerenkonsum.","language":{"name":"de","url":"http://pokeapi.co/api/v2/language/6/"},"version_group":{"name":"x-y","url":"http://pokeapi.co/api/v2/version-group/15/"}},{"flavor_text":"L’ennemi stresse et ne peut plus\nmanger de Baies.","language":{"name":"fr","url":"http://pokeapi.co/api/v2/language/5/"},"version_group":{"name":"x-y","url":"http://pokeapi.co/api/v2/version-group/15/"}},{"flavor_text":"상대를 긴장시켜 나무열매를\n먹지 못하게 한다.","language":{"name":"ko","url":"http://pokeapi.co/api/v2/language/3/"},"version_group":{"name":"x-y","url":"http://pokeapi.co/api/v2/version-group/15/"}},{"flavor_text":"あいてを　きんちょうさせ\nきのみを　たべさせない。","language":{"name":"ja","url":"http://pokeapi.co/api/v2/language/1/"},"version_group":{"name":"x-y","url":"http://pokeapi.co/api/v2/version-group/15/"}},{"flavor_text":"Makes the foe nervous and\nunable to eat Berries.","language":{"name":"en","url":"http://pokeapi.co/api/v2/language/9/"},"version_group":{"name":"black-2-white-2","url":"http://pokeapi.co/api/v2/version-group/14/"}},{"flavor_text":"Makes the foe nervous and\nunable to eat Berries.","language":{"name":"en","url":"http://pokeapi.co/api/v2/language/9/"},"version_group":{"name":"black-white","url":"http://pokeapi.co/api/v2/version-group/11/"}},{"flavor_text":"L’ennemi stresse et ne\npeut plus manger de Baies.","language":{"name":"fr","url":"http://pokeapi.co/api/v2/language/5/"},"version_group":{"name":"black-white","url":"http://pokeapi.co/api/v2/version-group/11/"}}],"pokemon":[{"is_hidden":true,"slot":3,"pokemon":{"name":"ekans","url":"http://pokeapi.co/api/v2/pokemon/23/"}},{"is_hidden":true,"slot":3,"pokemon":{"name":"arbok","url":"http://pokeapi.co/api/v2/pokemon/24/"}},{"is_hidden":true,"slot":3,"pokemon":{"name":"meowth","url":"http://pokeapi.co/api/v2/pokemon/52/"}},{"is_hidden":true,"slot":3,"pokemon":{"name":"persian","url":"http://pokeapi.co/api/v2/pokemon/53/"}},{"is_hidden":true,"slot":3,"pokemon":{"name":"aerodactyl","url":"http://pokeapi.co/api/v2/pokemon/142/"}},{"is_hidden":true,"slot":3,"pokemon":{"name":"mewtwo","url":"http://pokeapi.co/api/v2/pokemon/150/"}},{"is_hidden":true,"slot":3,"pokemon":{"name":"ursaring","url":"http://pokeapi.co/api/v2/pokemon/217/"}},{"is_hidden":true,"slot":3,"pokemon":{"name":"houndour","url":"http://pokeapi.co/api/v2/pokemon/228/"}},{"is_hidden":true,"slot":3,"pokemon":{"name":"houndoom","url":"http://pokeapi.co/api/v2/pokemon/229/"}},{"is_hidden":true,"slot":3,"pokemon":{"name":"tyranitar","url":"http://pokeapi.co/api/v2/pokemon/248/"}},{"is_hidden":true,"slot":3,"pokemon":{"name":"masquerain","url":"http://pokeapi.co/api/v2/pokemon/284/"}},{"is_hidden":true,"slot":3,"pokemon":{"name":"vespiquen","url":"http://pokeapi.co/api/v2/pokemon/416/"}},{"is_hidden":false,"slot":2,"pokemon":{"name":"joltik","url":"http://pokeapi.co/api/v2/pokemon/595/"}},{"is_hidden":false,"slot":2,"pokemon":{"name":"galvantula","url":"http://pokeapi.co/api/v2/pokemon/596/"}},{"is_hidden":true,"slot":3,"pokemon":{"name":"axew","url":"http://pokeapi.co/api/v2/pokemon/610/"}},{"is_hidden":true,"slot":3,"pokemon":{"name":"fraxure","url":"http://pokeapi.co/api/v2/pokemon/611/"}},{"is_hidden":true,"slot":3,"pokemon":{"name":"haxorus","url":"http://pokeapi.co/api/v2/pokemon/612/"}},{"is_hidden":false,"slot":2,"pokemon":{"name":"litleo","url":"http://pokeapi.co/api/v2/pokemon/667/"}},{"is_hidden":false,"slot":2,"pokemon":{"name":"pyroar","url":"http://pokeapi.co/api/v2/pokemon/668/"}}]}