{"id":109,"name":"unaware","is_main_series":true,"generation":{"name":"generation-iv","url":"http://pokeapi.co/api/v2/generation/4/"},"names":[{"name":"Unaware","language":{"name":"en","url":"http://pokeapi.co/api/v2/language/9/"}},{"name":"Imprudenza","language":{"name":"it","url":"http://pokeapi.co/api/v2/language/8/"}},{"name":"Ignorante","language":{"name":"es","url":"http://pokeapi.co/api/v2/language/7/"}},{"name":"Unkenntnis","language":{"name":"de","url":"http://pokeapi.co/api/v2/language/6/"}},{"name":"Inconscient","language":{"name":"fr","url":"http://pokeapi.co/api/v2/language/5/"}},{"name":"천진","language":{"name":"ko","url":"http://pokeapi.co/api/v2/language/3/"}},{"name":"てんねん","language":{"name":"ja","url":"http://pokeapi.co/api/v2/language/1/"}}],"effect_entries":[{"effect":"This Pokémon ignores other Pokémon's stat modifiers for the purposes of damage and accuracy calculation.\n\nEffectively, this affects modifiers of every stat except Speed.\n\nThe power of punishment and stored power is calculated as usual.  When this Pokémon hurts itself in confusion, its stat modifiers affect damage as usual.","short_effect":"Ignores other Pokémon's stat modifiers for damage and accuracy calculation.","language":{"name":"en","url":"http://pokeapi.co/api/v2/language/9/"}}],"effect_changes":[],"flavor_text_entries":[{"flavor_text":"相手の　能力の\n変化を　無視する。","language":{"name":"ja-kanji","url":"http://pokeapi.co/api/v2/language/11/"},"version_group":{"name":"omega-ruby-alpha-sapphire","url":"http://pokeapi.co/api/v2/version-group/16/"}},{"flavor_text":"Ignores the opposing\nPokémon’s stat changes.","language":{"name":"en","url":"http://pokeapi.co/api/v2/language/9/"},"version_group":{"name":"omega-ruby-alpha-sapphire","url":"http://pokeapi.co/api/v2/version-group/16/"}},{"flavor_text":"Ignora le modifiche alle\nstatistiche del nemico.","language":{"name":"it","url":"http://pokeapi.co/api/v2/language/8/"},"version_group":{"name":"omega-ruby-alpha-sapphire","url":"http://pokeapi.co/api/v2/version-group/16/"}},{"flavor_text":"No tiene en cuenta las mejoras\nen las características del rival.","language":{"name":"es","url":"http://pokeapi.co/api/v2/language/7/"},"version_group":{"name":"omega-ruby-alpha-sapphire","url":"http://pokeapi.co/api/v2/version-group/16/"}},{"flavor_text":"Ignoriert Statusveränderungen\ndes Zieles.","language":{"name":"de","url":"http://pokeapi.co/api/v2/language/6/"},"version_group":{"name":"omega-ruby-alpha-sapphire","url":"http://pokeapi.co/api/v2/version-group/16/"}},{"flavor_text":"Ignore les changements de stats\nde l’ennemi.","language":{"name":"fr","url":"http://pokeapi.co/api/v2/language/5/"},"version_group":{"name":"omega-ruby-alpha-sapphire","url":"http://pokeapi.co/api/v2/version-group/16/"}},{"flavor_text":"상대의 능력\n변화를 무시한다.","language":{"name":"ko","url":"http://pokeapi.co/api/v2/language/3/"},"version_group":{"name":"omega-ruby-alpha-sapphire","url":"http://pokeapi.co/api/v2/version-group/16/"}},{"flavor_text":"あいての　のうりょくの\nへんかを　むしする。","language":{"name":"ja","url":"http://pokeapi.co/api/v2/language/1/"},"version_group":{"name":"omega-ruby-alpha-sapphire","url":"http://pokeapi.co/api/v2/version-group/16/"}},{"flavor_text":"相手の　能力の\n変化を　無視する。","language":{"name":"ja-kanji","url":"http://pokeapi.co/api/v2/language/11/"},"version_group":{"name":"x-y","url":"http://pokeapi.co/api/v2/version-group/15/"}},{"flavor_text":"Ignores the opposing\nPokémon’s stat changes.","language":{"name":"en","url":"http://pokeapi.co/api/v2/language/9/"},"version_group":{"name":"x-y","url":"http://pokeapi.co/api/v2/version-group/15/"}},{"flavor_text":"Ignora le modifiche alle\nstatistiche del nemico.","language":{"name":"it","url":"http://pokeapi.co/api/v2/language/8/"},"version_group":{"name":"x-y","url":"http://pokeapi.co/api/v2/version-group/15/"}},{"flavor_text":"No tiene en cuenta las mejoras\nen las características del rival.","language":{"name":"es","url":"http://pokeapi.co/api/v2/language/7/"},"version_group":{"name":"x-y","url":"http://pokeapi.co/api/v2/version-group/15/"}},{"flavor_text":"Ignoriert Statusveränderungen\ndes Zieles.","language":{"name":"de","url":"http://pokeapi.co/api/v2/language/6/"},"version_group":{"name":"x-y","url":"http://pokeapi.co/api/v2/version-group/15/"}},{"flavor_text":"Ignore les changements de stats\nde l’ennemi.","language":{"name":"fr","url":"http://pokeapi.co/api/v2/language/5/"},"version_group":{"name":"x-y","url":"http://pokeapi.co/api/v2/version-group/15/"}},{"flavor_text":"상대의 능력\n변화를 무시한다.","language":{"name":"ko","url":"http://pokeapi.co/api/v2/language/3/"},"version_group":{"name":"x-y","url":"http://pokeapi.co/api/v2/version-group/15/"}},{"flavor_text":"あいての　のうりょくの\nへんかを　むしする。","language":{"name":"ja","url":"http://pokeapi.co/api/v2/language/1/"},"version_group":{"name":"x-y","url":"http://pokeapi.co/api/v2/version-group/15/"}},{"flavor_text":"Ignores any stat changes\nin the Pokémon.","language":{"name":"en","url":"http://pokeapi.co/api/v2/language/9/"},"version_group":{"name":"black-2-white-2","url":"http://pokeapi.co/api/v2/version-group/14/"}},{"flavor_text":"Ignores any stat changes\nin the Pokémon.","language":{"name":"en","url":"http://pokeapi.co/api/v2/language/9/"},"version_group":{"name":"black-white","url":"http://pokeapi.co/api/v2/version-group/11/"}},{"flavor_text":"Ignore les changements de\nstats de l’ennemi.","language":{"name":"fr","url":"http://pokeapi.co/api/v2/language/5/"},"version_group":{"name":"black-white","url":"http://pokeapi.co/api/v2/version-group/11/"}},{"flavor_text":"Ignores any change in\nability by the foe.","language":{"name":"en","url":"http://pokeapi.co/api/v2/language/9/"},"version_group":{"name":"heartgold-soulsilver","url":"http://pokeapi.co/api/v2/version-group/10/"}},{"flavor_text":"Ignores any change in\nability by the foe.","language":{"name":"en","url":"http://pokeapi.co/api/v2/language/9/"},"version_group":{"name":"platinum","url":"http://pokeapi.co/api/v2/version-group/9/"}},{"flavor_text":"Ignores any change in\nability by the foe.","language":{"name":"en","url":"http://pokeapi.co/api/v2/language/9/"},"version_group":{"name":"diamond-pearl","url":"http://pokeapi.co/api/v2/version-group/8/"}}],"pokemon":[{"is_hidden":true,"slot":3,"pokemon":{"name":"clefable","url":"http://pokeapi.co/api/v2/pokemon/36/"}},{"is_hidden":true,"slot":3,"pokemon":{"name":"wooper","url":"http://pokeapi.co/api/v2/pokemon/194/"}},{"is_hidden":true,"slot":3,"pokemon":{"name":"quagsire","url":"http://pokeapi.co/api/v2/pokemon/195/"}},{"is_hidden":false,"slot":2,"pokemon":{"name":"bidoof","url":"http://pokeapi.co/api/v2/pokemon/399/"}},{"is_hidden":false,"slot":2,"pokemon":{"name":"bibarel","url":"http://pokeapi.co/api/v2/pokemon/400/"}},{"is_hidden":false,"slot":1,"pokemon":{"name":"woobat","url":"http://pokeapi.co/api/v2/pokemon/527/"}},{"is_hidden":false,"slot":1,"pokemon":{"name":"swoobat","url":"http://pokeapi.co/api/v2/pokemon/528/"}}]}