{"id":84,"name":"unburden","is_main_series":true,"generation":{"name":"generation-iv","url":"http://pokeapi.co/api/v2/generation/4/"},"names":[{"name":"Unburden","language":{"name":"en","url":"http://pokeapi.co/api/v2/language/9/"}},{"name":"Agiltecnica","language":{"name":"it","url":"http://pokeapi.co/api/v2/language/8/"}},{"name":"Liviano","language":{"name":"es","url":"http://pokeapi.co/api/v2/language/7/"}},{"name":"Entlastung","language":{"name":"de","url":"http://pokeapi.co/api/v2/language/6/"}},{"name":"Délestage","language":{"name":"fr","url":"http://pokeapi.co/api/v2/language/5/"}},{"name":"곡예","language":{"name":"ko","url":"http://pokeapi.co/api/v2/language/3/"}},{"name":"かるわざ","language":{"name":"ja","url":"http://pokeapi.co/api/v2/language/1/"}}],"effect_entries":[{"effect":"When this Pokémon uses or loses its held item, its Speed is doubled.  If it gains another item or leaves battle, this bonus is lost.\n\nThis includes when the Pokémon drops its item because of knock off.  This bonus does not count as a stat modifier.  There is no notification when this ability takes effect.","short_effect":"Doubles Speed upon using or losing a held item.","language":{"name":"en","url":"http://pokeapi.co/api/v2/language/9/"}}],"effect_changes":[],"flavor_text_entries":[{"flavor_text":"道具が　なくなると\n素早さが　あがる。","language":{"name":"ja-kanji","url":"http://pokeapi.co/api/v2/language/11/"},"version_group":{"name":"omega-ruby-alpha-sapphire","url":"http://pokeapi.co/api/v2/version-group/16/"}},{"flavor_text":"Boosts the Speed stat if its\nheld item is used or lost.","language":{"name":"en","url":"http://pokeapi.co/api/v2/language/9/"},"version_group":{"name":"omega-ruby-alpha-sapphire","url":"http://pokeapi.co/api/v2/version-group/16/"}},{"flavor_text":"Aumenta la Velocità dopo aver\nusato o perso uno strumento.","language":{"name":"it","url":"http://pokeapi.co/api/v2/language/8/"},"version_group":{"name":"omega-ruby-alpha-sapphire","url":"http://pokeapi.co/api/v2/version-group/16/"}},{"flavor_text":"Sube la Velocidad si usa o pierde\nel objeto que lleve.","language":{"name":"es","url":"http://pokeapi.co/api/v2/language/7/"},"version_group":{"name":"omega-ruby-alpha-sapphire","url":"http://pokeapi.co/api/v2/version-group/16/"}},{"flavor_text":"Erhöht Initiative, wenn ein Item\nverwendet oder verloren wird.","language":{"name":"de","url":"http://pokeapi.co/api/v2/language/6/"},"version_group":{"name":"omega-ruby-alpha-sapphire","url":"http://pokeapi.co/api/v2/version-group/16/"}},{"flavor_text":"Augmente la Vitesse si l’objet\ntenu est utilisé ou perdu.","language":{"name":"fr","url":"http://pokeapi.co/api/v2/language/5/"},"version_group":{"name":"omega-ruby-alpha-sapphire","url":"http://pokeapi.co/api/v2/version-group/16/"}},{"flavor_text":"도구가 없어지면\n스피드가 올라간다.","language":{"name":"ko","url":"http://pokeapi.co/api/v2/language/3/"},"version_group":{"name":"omega-ruby-alpha-sapphire","url":"http://pokeapi.co/api/v2/version-group/16/"}},{"flavor_text":"どうぐが　なくなると\nすばやさが　あがる。","language":{"name":"ja","url":"http://pokeapi.co/api/v2/language/1/"},"version_group":{"name":"omega-ruby-alpha-sapphire","url":"http://pokeapi.co/api/v2/version-group/16/"}},{"flavor_text":"道具が　なくなると\n素早さが　あがる。","language":{"name":"ja-kanji","url":"http://pokeapi.co/api/v2/language/11/"},"version_group":{"name":"x-y","url":"http://pokeapi.co/api/v2/version-group/15/"}},{"flavor_text":"Boosts the Speed stat if its\nheld item is used or lost.","language":{"name":"en","url":"http://pokeapi.co/api/v2/language/9/"},"version_group":{"name":"x-y","url":"http://pokeapi.co/api/v2/version-group/15/"}},{"flavor_text":"Aumenta la Velocità dopo aver\nusato o perso uno strumento.","language":{"name":"it","url":"http://pokeapi.co/api/v2/language/8/"},"version_group":{"name":"x-y","url":"http://pokeapi.co/api/v2/version-group/15/"}},{"flavor_text":"Sube la Velocidad si usa o pierde\nel objeto que lleve.","language":{"name":"es","url":"http://pokeapi.co/api/v2/language/7/"},"version_group":{"name":"x-y","url":"http://pokeapi.co/api/v2/version-group/15/"}},{"flavor_text":"Erhöht Initiative, wenn ein Item\nverwendet oder verloren wird.","language":{"name":"de","url":"http://pokeapi.co/api/v2/language/6/"},"version_group":{"name":"x-y","url":"http://pokeapi.co/api/v2/version-group/15/"}},{"flavor_text":"Augmente la Vitesse si l’objet\ntenu est utilisé ou perdu.","language":{"name":"fr","url":"http://pokeapi.co/api/v2/language/5/"},"version_group":{"name":"x-y","url":"http://pokeapi.co/api/v2/version-group/15/"}},{"flavor_text":"도구가 없어지면\n스피드가 올라간다.","language":{"name":"ko","url":"http://pokeapi.co/api/v2/language/3/"},"version_group":{"name":"x-y","url":"http://pokeapi.co/api/v2/version-group/15/"}},{"flavor_text":"どうぐが　なくなると\nすばやさが　あがる。","language":{"name":"ja","url":"http://pokeapi.co/api/v2/language/1/"},"version_group":{"name":"x-y","url":"http://pokeapi.co/api/v2/version-group/15/"}},{"flavor_text":"Raises Speed if a held\nitem is used.","language":{"name":"en","url":"http://pokeapi.co/api/v2/language/9/"},"version_group":{"name":"black-2-white-2","url":"http://pokeapi.co/api/v2/version-group/14/"}},{"flavor_text":"Raises Speed if a held\nitem is used.","language":{"name":"en","url":"http://pokeapi.co/api/v2/language/9/"},"version_group":{"name":"black-white","url":"http://pokeapi.co/api/v2/version-group/11/"}},{"flavor_text":"Augmente la Vit. si l’objet\ntenu est utilisé ou perdu.","language":{"name":"fr","url":"http://pokeapi.co/api/v2/language/5/"},"version_group":{"name":"black-white","url":"http://pokeapi.co/api/v2/version-group/11/"}},{"flavor_text":"Raises Speed if a held\nitem is used.","language":{"name":"en","url":"http://pokeapi.co/api/v2/language/9/"},"version_group":{"name":"heartgold-soulsilver","url":"http://pokeapi.co/api/v2/version-group/10/"}},{"flavor_text":"Raises Speed if a held\nitem is used.","language":{"name":"en","url":"http://pokeapi.co/api/v2/language/9/"},"version_group":{"name":"platinum","url":"http://pokeapi.co/api/v2/version-group/9/"}},{"flavor_text":"Raises Speed if a held\nitem is used.","language":{"name":"en","url":"http://pokeapi.co/api/v2/language/9/"},"version_group":{"name":"diamond-pearl","url":"http://pokeapi.co/api/v2/version-group/8/"}}],"pokemon":[{"is_hidden":true,"slot":3,"pokemon":{"name":"hitmonlee","url":"http://pokeapi.co/api/v2/pokemon/106/"}},{"is_hidden":true,"slot":3,"pokemon":{"name":"treecko","url":"http://pokeapi.co/api/v2/pokemon/252/"}},{"is_hidden":true,"slot":3,"pokemon":{"name":"grovyle","url":"http://pokeapi.co/api/v2/pokemon/253/"}},{"is_hidden":true,"slot":3,"pokemon":{"name":"sceptile","url":"http://pokeapi.co/api/v2/pokemon/254/"}},{"is_hidden":false,"slot":2,"pokemon":{"name":"drifloon","url":"http://pokeapi.co/api/v2/pokemon/425/"}},{"is_hidden":false,"slot":2,"pokemon":{"name":"drifblim","url":"http://pokeapi.co/api/v2/pokemon/426/"}},{"is_hidden":false,"slot":2,"pokemon":{"name":"purrloin","url":"http://pokeapi.co/api/v2/pokemon/509/"}},{"is_hidden":false,"slot":2,"pokemon":{"name":"liepard","url":"http://pokeapi.co/api/v2/pokemon/510/"}},{"is_hidden":true,"slot":3,"pokemon":{"name":"accelgor","url":"http://pokeapi.co/api/v2/pokemon/617/"}},{"is_hidden":true,"slot":3,"pokemon":{"name":"swirlix","url":"http://pokeapi.co/api/v2/pokemon/684/"}},{"is_hidden":true,"slot":3,"pokemon":{"name":"slurpuff","url":"http://pokeapi.co/api/v2/pokemon/685/"}},{"is_hidden":false,"slot":2,"pokemon":{"name":"hawlucha","url":"http://pokeapi.co/api/v2/pokemon/701/"}}]}