{"id":89,"name":"iron-fist","is_main_series":true,"generation":{"name":"generation-iv","url":"http://pokeapi.co/api/v2/generation/4/"},"names":[{"name":"Iron Fist","language":{"name":"en","url":"http://pokeapi.co/api/v2/language/9/"}},{"name":"Ferropugno","language":{"name":"it","url":"http://pokeapi.co/api/v2/language/8/"}},{"name":"Puño Férreo","language":{"name":"es","url":"http://pokeapi.co/api/v2/language/7/"}},{"name":"Eisenfaust","language":{"name":"de","url":"http://pokeapi.co/api/v2/language/6/"}},{"name":"Poing de Fer","language":{"name":"fr","url":"http://pokeapi.co/api/v2/language/5/"}},{"name":"철주먹","language":{"name":"ko","url":"http://pokeapi.co/api/v2/language/3/"}},{"name":"てつのこぶし","language":{"name":"ja","url":"http://pokeapi.co/api/v2/language/1/"}}],"effect_entries":[{"effect":"Moves flagged as being punch-based have 1.2× their base power for this Pokémon.\n\nsucker punch is not flagged as punch-based; its original, Japanese name only means \"surprise attack\".","short_effect":"Strengthens punch-based moves to 1.2× their power.","language":{"name":"en","url":"http://pokeapi.co/api/v2/language/9/"}}],"effect_changes":[],"flavor_text_entries":[{"flavor_text":"パンチを　使う　技の\n威力が　あがる。","language":{"name":"ja-kanji","url":"http://pokeapi.co/api/v2/language/11/"},"version_group":{"name":"omega-ruby-alpha-sapphire","url":"http://pokeapi.co/api/v2/version-group/16/"}},{"flavor_text":"Powers up punching moves.","language":{"name":"en","url":"http://pokeapi.co/api/v2/language/9/"},"version_group":{"name":"omega-ruby-alpha-sapphire","url":"http://pokeapi.co/api/v2/version-group/16/"}},{"flavor_text":"Potenzia le mosse che\nutilizzano pugni.","language":{"name":"it","url":"http://pokeapi.co/api/v2/language/8/"},"version_group":{"name":"omega-ruby-alpha-sapphire","url":"http://pokeapi.co/api/v2/version-group/16/"}},{"flavor_text":"Aumenta la fuerza de los\npuñetazos.","language":{"name":"es","url":"http://pokeapi.co/api/v2/language/7/"},"version_group":{"name":"omega-ruby-alpha-sapphire","url":"http://pokeapi.co/api/v2/version-group/16/"}},{"flavor_text":"Steigert die Effektivität von\nBox- und Hieb-Attacken.","language":{"name":"de","url":"http://pokeapi.co/api/v2/language/6/"},"version_group":{"name":"omega-ruby-alpha-sapphire","url":"http://pokeapi.co/api/v2/version-group/16/"}},{"flavor_text":"Augmente la puissance des\ncapacités coups de poing.","language":{"name":"fr","url":"http://pokeapi.co/api/v2/language/5/"},"version_group":{"name":"omega-ruby-alpha-sapphire","url":"http://pokeapi.co/api/v2/version-group/16/"}},{"flavor_text":"펀치를 사용하는 기술의\n위력이 올라간다.","language":{"name":"ko","url":"http://pokeapi.co/api/v2/language/3/"},"version_group":{"name":"omega-ruby-alpha-sapphire","url":"http://pokeapi.co/api/v2/version-group/16/"}},{"flavor_text":"パンチを　つかう　わざの\nいりょくが　あがる。","language":{"name":"ja","url":"http://pokeapi.co/api/v2/language/1/"},"version_group":{"name":"omega-ruby-alpha-sapphire","url":"http://pokeapi.co/api/v2/version-group/16/"}},{"flavor_text":"パンチを　使う　技の\n威力が　あがる。","language":{"name":"ja-kanji","url":"http://pokeapi.co/api/v2/language/11/"},"version_group":{"name":"x-y","url":"http://pokeapi.co/api/v2/version-group/15/"}},{"flavor_text":"Powers up punching moves.","language":{"name":"en","url":"http://pokeapi.co/api/v2/language/9/"},"version_group":{"name":"x-y","url":"http://pokeapi.co/api/v2/version-group/15/"}},{"flavor_text":"Potenzia le mosse che\nutilizzano pugni.","language":{"name":"it","url":"http://pokeapi.co/api/v2/language/8/"},"version_group":{"name":"x-y","url":"http://pokeapi.co/api/v2/version-group/15/"}},{"flavor_text":"Aumenta la fuerza de los\npuñetazos.","language":{"name":"es","url":"http://pokeapi.co/api/v2/language/7/"},"version_group":{"name":"x-y","url":"http://pokeapi.co/api/v2/version-group/15/"}},{"flavor_text":"Steigert die Effektivität von\nBox- und Hieb-Attacken.","language":{"name":"de","url":"http://pokeapi.co/api/v2/language/6/"},"version_group":{"name":"x-y","url":"http://pokeapi.co/api/v2/version-group/15/"}},{"flavor_text":"Augmente la puissance des\ncapacités coups de poing.","language":{"name":"fr","url":"http://pokeapi.co/api/v2/language/5/"},"version_group":{"name":"x-y","url":"http://pokeapi.co/api/v2/version-group/15/"}},{"flavor_text":"펀치를 사용하는 기술의\n위력이 올라간다.","language":{"name":"ko","url":"http://pokeapi.co/api/v2/language/3/"},"version_group":{"name":"x-y","url":"http://pokeapi.co/api/v2/version-group/15/"}},{"flavor_text":"パンチを　つかう　わざの\nいりょくが　あがる。","language":{"name":"ja","url":"http://pokeapi.co/api/v2/language/1/"},"version_group":{"name":"x-y","url":"http://pokeapi.co/api/v2/version-group/15/"}},{"flavor_text":"Boosts the power of\npunching moves.","language":{"name":"en","url":"http://pokeapi.co/api/v2/language/9/"},"version_group":{"name":"black-2-white-2","url":"http://pokeapi.co/api/v2/version-group/14/"}},{"flavor_text":"Boosts the power of\npunching moves.","language":{"name":"en","url":"http://pokeapi.co/api/v2/language/9/"},"version_group":{"name":"black-white","url":"http://pokeapi.co/api/v2/version-group/11/"}},{"flavor_text":"Augmente la puissance des\ncapacités coups de poing.","language":{"name":"fr","url":"http://pokeapi.co/api/v2/language/5/"},"version_group":{"name":"black-white","url":"http://pokeapi.co/api/v2/version-group/11/"}},{"flavor_text":"Boosts the power of\npunching moves.","language":{"name":"en","url":"http://pokeapi.co/api/v2/language/9/"},"version_group":{"name":"heartgold-soulsilver","url":"http://pokeapi.co/api/v2/version-group/10/"}},{"flavor_text":"Boosts the power of\npunching moves.","language":{"name":"en","url":"http://pokeapi.co/api/v2/language/9/"},"version_group":{"name":"platinum","url":"http://pokeapi.co/api/v2/version-group/9/"}},{"flavor_text":"Boosts the power of\npunching moves.","language":{"name":"en","url":"http://pokeapi.co/api/v2/language/9/"},"version_group":{"name":"diamond-pearl","url":"http://pokeapi.co/api/v2/version-group/8/"}}],"pokemon":[{"is_hidden":false,"slot":2,"pokemon":{"name":"hitmonchan","url":"http://pokeapi.co/api/v2/pokemon/107/"}},{"is_hidden":true,"slot":3,"pokemon":{"name":"ledian","url":"http://pokeapi.co/api/v2/pokemon/166/"}},{"is_hidden":true,"slot":3,"pokemon":{"name":"chimchar","url":"http://pokeapi.co/api/v2/pokemon/390/"}},{"is_hidden":true,"slot":3,"pokemon":{"name":"monferno","url":"http://pokeapi.co/api/v2/pokemon/391/"}},{"is_hidden":true,"slot":3,"pokemon":{"name":"infernape","url":"http://pokeapi.co/api/v2/pokemon/392/"}},{"is_hidden":true,"slot":3,"pokemon":{"name":"timburr","url":"http://pokeapi.co/api/v2/pokemon/532/"}},{"is_hidden":true,"slot":3,"pokemon":{"name":"gurdurr","url":"http://pokeapi.co/api/v2/pokemon/533/"}},{"is_hidden":true,"slot":3,"pokemon":{"name":"conkeldurr","url":"http://pokeapi.co/api/v2/pokemon/534/"}},{"is_hidden":false,"slot":1,"pokemon":{"name":"golett","url":"http://pokeapi.co/api/v2/pokemon/622/"}},{"is_hidden":false,"slot":1,"pokemon":{"name":"golurk","url":"http://pokeapi.co/api/v2/pokemon/623/"}},{"is_hidden":false,"slot":1,"pokemon":{"name":"pancham","url":"http://pokeapi.co/api/v2/pokemon/674/"}},{"is_hidden":false,"slot":1,"pokemon":{"name":"pangoro","url":"http://pokeapi.co/api/v2/pokemon/675/"}}]}