{"id":149,"name":"illusion","is_main_series":true,"generation":{"name":"generation-v","url":"http://pokeapi.co/api/v2/generation/5/"},"names":[{"name":"Illusion","language":{"name":"en","url":"http://pokeapi.co/api/v2/language/9/"}},{"name":"Illusione","language":{"name":"it","url":"http://pokeapi.co/api/v2/language/8/"}},{"name":"Ilusión","language":{"name":"es","url":"http://pokeapi.co/api/v2/language/7/"}},{"name":"Trugbild","language":{"name":"de","url":"http://pokeapi.co/api/v2/language/6/"}},{"name":"Illusion","language":{"name":"fr","url":"http://pokeapi.co/api/v2/language/5/"}},{"name":"일루전","language":{"name":"ko","url":"http://pokeapi.co/api/v2/language/3/"}},{"name":"イリュージョン","language":{"name":"ja","url":"http://pokeapi.co/api/v2/language/1/"}}],"effect_entries":[{"effect":"This Pokémon, upon being sent out, appears to have the species, nickname, and Poké Ball of the last Pokémon in the party that is able to battle.  This illusion breaks upon being hit by a damaging move.\n\nOther damage, e.g. from weather or spikes, does not break the illusion, nor does damage done to a substitute.\n\nIf the party order becomes temporarily shuffled around as Pokémon are switched out in battle, this ability chooses the last Pokémon according to that shuffled order.","short_effect":"Takes the appearance of the last conscious party Pokémon upon being sent out until hit by a damaging move.","language":{"name":"en","url":"http://pokeapi.co/api/v2/language/9/"}}],"effect_changes":[],"flavor_text_entries":[{"flavor_text":"後ろの　ポケモンに\nなりきって　でてくる。","language":{"name":"ja-kanji","url":"http://pokeapi.co/api/v2/language/11/"},"version_group":{"name":"omega-ruby-alpha-sapphire","url":"http://pokeapi.co/api/v2/version-group/16/"}},{"flavor_text":"Comes out disguised as the\nPokémon in the party’s last spot.","language":{"name":"en","url":"http://pokeapi.co/api/v2/language/9/"},"version_group":{"name":"omega-ruby-alpha-sapphire","url":"http://pokeapi.co/api/v2/version-group/16/"}},{"flavor_text":"Entra con le sembianze\ndell’ultimo Pokémon in squadra.","language":{"name":"it","url":"http://pokeapi.co/api/v2/language/8/"},"version_group":{"name":"omega-ruby-alpha-sapphire","url":"http://pokeapi.co/api/v2/version-group/16/"}},{"flavor_text":"Se convierte en el último\nPokémon del equipo.","language":{"name":"es","url":"http://pokeapi.co/api/v2/language/7/"},"version_group":{"name":"omega-ruby-alpha-sapphire","url":"http://pokeapi.co/api/v2/version-group/16/"}},{"flavor_text":"Bestreitet Kämpfe in der Gestalt\ndes Listenletzten.","language":{"name":"de","url":"http://pokeapi.co/api/v2/language/6/"},"version_group":{"name":"omega-ruby-alpha-sapphire","url":"http://pokeapi.co/api/v2/version-group/16/"}},{"flavor_text":"Prend l’apparence du dernier\nPokémon de l’équipe.","language":{"name":"fr","url":"http://pokeapi.co/api/v2/language/5/"},"version_group":{"name":"omega-ruby-alpha-sapphire","url":"http://pokeapi.co/api/v2/version-group/16/"}},{"flavor_text":"뒤의 포켓몬으로\n둔갑하여 나온다.","language":{"name":"ko","url":"http://pokeapi.co/api/v2/language/3/"},"version_group":{"name":"omega-ruby-alpha-sapphire","url":"http://pokeapi.co/api/v2/version-group/16/"}},{"flavor_text":"うしろの　ポケモンに\nなりきって　でてくる。","language":{"name":"ja","url":"http://pokeapi.co/api/v2/language/1/"},"version_group":{"name":"omega-ruby-alpha-sapphire","url":"http://pokeapi.co/api/v2/version-group/16/"}},{"flavor_text":"後ろの　ポケモンに\nなりきって　でてくる。","language":{"name":"ja-kanji","url":"http://pokeapi.co/api/v2/language/11/"},"version_group":{"name":"x-y","url":"http://pokeapi.co/api/v2/version-group/15/"}},{"flavor_text":"Comes out disguised as the\nPokémon in the party’s last spot.","language":{"name":"en","url":"http://pokeapi.co/api/v2/language/9/"},"version_group":{"name":"x-y","url":"http://pokeapi.co/api/v2/version-group/15/"}},{"flavor_text":"Entra con le sembianze\ndell’ultimo Pokémon in squadra.","language":{"name":"it","url":"http://pokeapi.co/api/v2/language/8/"},"version_group":{"name":"x-y","url":"http://pokeapi.co/api/v2/version-group/15/"}},{"flavor_text":"Se convierte en el último\nPokémon del equipo.","language":{"name":"es","url":"http://pokeapi.co/api/v2/language/7/"},"version_group":{"name":"x-y","url":"http://pokeapi.co/api/v2/version-group/15/"}},{"flavor_text":"Bestreitet Kämpfe in der Gestalt\ndes Listenletzten.","language":{"name":"de","url":"http://pokeapi.co/api/v2/language/6/"},"version_group":{"name":"x-y","url":"http://pokeapi.co/api/v2/version-group/15/"}},{"flavor_text":"Prend l’apparence du dernier\nPokémon de l’équipe.","language":{"name":"fr","url":"http://pokeapi.co/api/v2/language/5/"},"version_group":{"name":"x-y","url":"http://pokeapi.co/api/v2/version-group/15/"}},{"flavor_text":"뒤의 포켓몬으로\n둔갑하여 나온다.","language":{"name":"ko","url":"http://pokeapi.co/api/v2/language/3/"},"version_group":{"name":"x-y","url":"http://pokeapi.co/api/v2/version-group/15/"}},{"flavor_text":"うしろの　ポケモンに\nなりきって　でてくる。","language":{"name":"ja","url":"http://pokeapi.co/api/v2/language/1/"},"version_group":{"name":"x-y","url":"http://pokeapi.co/api/v2/version-group/15/"}},{"flavor_text":"Comes out disguised as\nthe Pokémon in back.","language":{"name":"en","url":"http://pokeapi.co/api/v2/language/9/"},"version_group":{"name":"black-2-white-2","url":"http://pokeapi.co/api/v2/version-group/14/"}},{"flavor_text":"Comes out disguised as\nthe Pokémon in back.","language":{"name":"en","url":"http://pokeapi.co/api/v2/language/9/"},"version_group":{"name":"black-white","url":"http://pokeapi.co/api/v2/version-group/11/"}},{"flavor_text":"Prend l’apparence du der-\nnier Pokémon de l’équipe.","language":{"name":"fr","url":"http://pokeapi.co/api/v2/language/5/"},"version_group":{"name":"black-white","url":"http://pokeapi.co/api/v2/version-group/11/"}}],"pokemon":[{"is_hidden":false,"slot":1,"pokemon":{"name":"zorua","url":"http://pokeapi.co/api/v2/pokemon/570/"}},{"is_hidden":false,"slot":1,"pokemon":{"name":"zoroark","url":"http://pokeapi.co/api/v2/pokemon/571/"}}]}