{"id":156,"name":"magic-bounce","is_main_series":true,"generation":{"name":"generation-v","url":"http://pokeapi.co/api/v2/generation/5/"},"names":[{"name":"Magic Bounce","language":{"name":"en","url":"http://pokeapi.co/api/v2/language/9/"}},{"name":"Magispecchio","language":{"name":"it","url":"http://pokeapi.co/api/v2/language/8/"}},{"name":"Espejo Mágico","language":{"name":"es","url":"http://pokeapi.co/api/v2/language/7/"}},{"name":"Magiespiegel","language":{"name":"de","url":"http://pokeapi.co/api/v2/language/6/"}},{"name":"Miroir Magik","language":{"name":"fr","url":"http://pokeapi.co/api/v2/language/5/"}},{"name":"매직미러","language":{"name":"ko","url":"http://pokeapi.co/api/v2/language/3/"}},{"name":"マジックミラー","language":{"name":"ja","url":"http://pokeapi.co/api/v2/language/1/"}}],"effect_entries":[{"effect":"When this Pokémon is targeted by a move flagged as being reflectable, the move is redirected to its user.\n\nAll reflectable moves are non-damaging, and most non-damaging moves that target other Pokémon are reflectable.\n\nA move reflected by this ability or magic coat cannot be reflected back.","short_effect":"Reflects most non-damaging moves back at their user.","language":{"name":"en","url":"http://pokeapi.co/api/v2/language/9/"}}],"effect_changes":[],"flavor_text_entries":[{"flavor_text":"変化技を　返す\nことが　できる。","language":{"name":"ja-kanji","url":"http://pokeapi.co/api/v2/language/11/"},"version_group":{"name":"omega-ruby-alpha-sapphire","url":"http://pokeapi.co/api/v2/version-group/16/"}},{"flavor_text":"Reflects status moves.","language":{"name":"en","url":"http://pokeapi.co/api/v2/language/9/"},"version_group":{"name":"omega-ruby-alpha-sapphire","url":"http://pokeapi.co/api/v2/version-group/16/"}},{"flavor_text":"Riflette al mittente le mosse\ndi stato.","language":{"name":"it","url":"http://pokeapi.co/api/v2/language/8/"},"version_group":{"name":"omega-ruby-alpha-sapphire","url":"http://pokeapi.co/api/v2/version-group/16/"}},{"flavor_text":"Permite devolver los ataques de\nestado.","language":{"name":"es","url":"http://pokeapi.co/api/v2/language/7/"},"version_group":{"name":"omega-ruby-alpha-sapphire","url":"http://pokeapi.co/api/v2/version-group/16/"}},{"flavor_text":"Lenkt Status-Attacken\nauf den Angreifer um.","language":{"name":"de","url":"http://pokeapi.co/api/v2/language/6/"},"version_group":{"name":"omega-ruby-alpha-sapphire","url":"http://pokeapi.co/api/v2/version-group/16/"}},{"flavor_text":"Renvoie les attaques de statut.","language":{"name":"fr","url":"http://pokeapi.co/api/v2/language/5/"},"version_group":{"name":"omega-ruby-alpha-sapphire","url":"http://pokeapi.co/api/v2/version-group/16/"}},{"flavor_text":"변화 기술을\n되받아칠 수 있다.","language":{"name":"ko","url":"http://pokeapi.co/api/v2/language/3/"},"version_group":{"name":"omega-ruby-alpha-sapphire","url":"http://pokeapi.co/api/v2/version-group/16/"}},{"flavor_text":"へんかわざを　かえす\nことが　できる。","language":{"name":"ja","url":"http://pokeapi.co/api/v2/language/1/"},"version_group":{"name":"omega-ruby-alpha-sapphire","url":"http://pokeapi.co/api/v2/version-group/16/"}},{"flavor_text":"変化技を　返す\nことが　できる。","language":{"name":"ja-kanji","url":"http://pokeapi.co/api/v2/language/11/"},"version_group":{"name":"x-y","url":"http://pokeapi.co/api/v2/version-group/15/"}},{"flavor_text":"Reflects status moves.","language":{"name":"en","url":"http://pokeapi.co/api/v2/language/9/"},"version_group":{"name":"x-y","url":"http://pokeapi.co/api/v2/version-group/15/"}},{"flavor_text":"Riflette al mittente le mosse\ndi stato.","language":{"name":"it","url":"http://pokeapi.co/api/v2/language/8/"},"version_group":{"name":"x-y","url":"http://pokeapi.co/api/v2/version-group/15/"}},{"flavor_text":"Permite devolver los ataques de\nestado.","language":{"name":"es","url":"http://pokeapi.co/api/v2/language/7/"},"version_group":{"name":"x-y","url":"http://pokeapi.co/api/v2/version-group/15/"}},{"flavor_text":"Lenkt Status-Attacken\nauf den Angreifer um.","language":{"name":"de","url":"http://pokeapi.co/api/v2/language/6/"},"version_group":{"name":"x-y","url":"http://pokeapi.co/api/v2/version-group/15/"}},{"flavor_text":"Renvoie les attaques de statut.","language":{"name":"fr","url":"http://pokeapi.co/api/v2/language/5/"},"version_group":{"name":"x-y","url":"http://pokeapi.co/api/v2/version-group/15/"}},{"flavor_text":"변화 기술을\n되받아칠 수 있다.","language":{"name":"ko","url":"http://pokeapi.co/api/v2/language/3/"},"version_group":{"name":"x-y","url":"http://pokeapi.co/api/v2/version-group/15/"}},{"flavor_text":"へんかわざを　かえす\nことが　できる。","language":{"name":"ja","url":"http://pokeapi.co/api/v2/language/1/"},"version_group":{"name":"x-y","url":"http://pokeapi.co/api/v2/version-group/15/"}},{"flavor_text":"Reflects status-\nchanging moves.","language":{"name":"en","url":"http://pokeapi.co/api/v2/language/9/"},"version_group":{"name":"black-2-white-2","url":"http://pokeapi.co/api/v2/version-group/14/"}},{"flavor_text":"Reflects status-\nchanging moves.","language":{"name":"en","url":"http://pokeapi.co/api/v2/language/9/"},"version_group":{"name":"black-white","url":"http://pokeapi.co/api/v2/version-group/11/"}},{"flavor_text":"Renvoie les attaques\nde statut.","language":{"name":"fr","url":"http://pokeapi.co/api/v2/language/5/"},"version_group":{"name":"black-white","url":"http://pokeapi.co/api/v2/version-group/11/"}}],"pokemon":[{"is_hidden":true,"slot":3,"pokemon":{"name":"natu","url":"http://pokeapi.co/api/v2/pokemon/177/"}},{"is_hidden":true,"slot":3,"pokemon":{"name":"xatu","url":"http://pokeapi.co/api/v2/pokemon/178/"}},{"is_hidden":true,"slot":3,"pokemon":{"name":"espeon","url":"http://pokeapi.co/api/v2/pokemon/196/"}},{"is_hidden":false,"slot":1,"pokemon":{"name":"absol-mega","url":"http://pokeapi.co/api/v2/pokemon/10057/"}},{"is_hidden":false,"slot":1,"pokemon":{"name":"sableye-mega","url":"http://pokeapi.co/api/v2/pokemon/10066/"}},{"is_hidden":false,"slot":1,"pokemon":{"name":"diancie-mega","url":"http://pokeapi.co/api/v2/pokemon/10075/"}}]}