{"id":141,"name":"moody","is_main_series":true,"generation":{"name":"generation-v","url":"http://pokeapi.co/api/v2/generation/5/"},"names":[{"name":"Moody","language":{"name":"en","url":"http://pokeapi.co/api/v2/language/9/"}},{"name":"Altalena","language":{"name":"it","url":"http://pokeapi.co/api/v2/language/8/"}},{"name":"Veleta","language":{"name":"es","url":"http://pokeapi.co/api/v2/language/7/"}},{"name":"Gefühlswippe","language":{"name":"de","url":"http://pokeapi.co/api/v2/language/6/"}},{"name":"Lunatique","language":{"name":"fr","url":"http://pokeapi.co/api/v2/language/5/"}},{"name":"변덕쟁이","language":{"name":"ko","url":"http://pokeapi.co/api/v2/language/3/"}},{"name":"ムラっけ","language":{"name":"ja","url":"http://pokeapi.co/api/v2/language/1/"}}],"effect_entries":[{"effect":"After each turn, one of this Pokémon's stats at random rises two stages, and another falls one stage.\n\nIf a stat is already at 6 or -6 stages, it will not be chosen to be increased or decreased, respectively.","short_effect":"Raises a random stat two stages and lowers another one stage after each turn.","language":{"name":"en","url":"http://pokeapi.co/api/v2/language/9/"}}],"effect_changes":[],"flavor_text_entries":[{"flavor_text":"能力が　あがったり\nさがったりする。","language":{"name":"ja-kanji","url":"http://pokeapi.co/api/v2/language/11/"},"version_group":{"name":"omega-ruby-alpha-sapphire","url":"http://pokeapi.co/api/v2/version-group/16/"}},{"flavor_text":"Raises one stat and\nlowers another.","language":{"name":"en","url":"http://pokeapi.co/api/v2/language/9/"},"version_group":{"name":"omega-ruby-alpha-sapphire","url":"http://pokeapi.co/api/v2/version-group/16/"}},{"flavor_text":"Aumenta una statistica e ne\nriduce un’altra.","language":{"name":"it","url":"http://pokeapi.co/api/v2/language/8/"},"version_group":{"name":"omega-ruby-alpha-sapphire","url":"http://pokeapi.co/api/v2/version-group/16/"}},{"flavor_text":"Sube una característica mucho,\npero baja otra.","language":{"name":"es","url":"http://pokeapi.co/api/v2/language/7/"},"version_group":{"name":"omega-ruby-alpha-sapphire","url":"http://pokeapi.co/api/v2/version-group/16/"}},{"flavor_text":"Erhöht einen Statuswert\nund senkt einen anderen.","language":{"name":"de","url":"http://pokeapi.co/api/v2/language/6/"},"version_group":{"name":"omega-ruby-alpha-sapphire","url":"http://pokeapi.co/api/v2/version-group/16/"}},{"flavor_text":"Monte une stat tout en\nen baissant une autre.","language":{"name":"fr","url":"http://pokeapi.co/api/v2/language/5/"},"version_group":{"name":"omega-ruby-alpha-sapphire","url":"http://pokeapi.co/api/v2/version-group/16/"}},{"flavor_text":"능력이\n오르락내리락한다.","language":{"name":"ko","url":"http://pokeapi.co/api/v2/language/3/"},"version_group":{"name":"omega-ruby-alpha-sapphire","url":"http://pokeapi.co/api/v2/version-group/16/"}},{"flavor_text":"のうりょくが　あがったり\nさがったりする。","language":{"name":"ja","url":"http://pokeapi.co/api/v2/language/1/"},"version_group":{"name":"omega-ruby-alpha-sapphire","url":"http://pokeapi.co/api/v2/version-group/16/"}},{"flavor_text":"能力が　あがったり\nさがったりする。","language":{"name":"ja-kanji","url":"http://pokeapi.co/api/v2/language/11/"},"version_group":{"name":"x-y","url":"http://pokeapi.co/api/v2/version-group/15/"}},{"flavor_text":"Raises one stat and\nlowers another.","language":{"name":"en","url":"http://pokeapi.co/api/v2/language/9/"},"version_group":{"name":"x-y","url":"http://pokeapi.co/api/v2/version-group/15/"}},{"flavor_text":"Aumenta una statistica e ne\nriduce un’altra.","language":{"name":"it","url":"http://pokeapi.co/api/v2/language/8/"},"version_group":{"name":"x-y","url":"http://pokeapi.co/api/v2/version-group/15/"}},{"flavor_text":"Sube una característica mucho,\npero baja otra.","language":{"name":"es","url":"http://pokeapi.co/api/v2/language/7/"},"version_group":{"name":"x-y","url":"http://pokeapi.co/api/v2/version-group/15/"}},{"flavor_text":"Erhöht einen Statuswert\nund senkt einen anderen.","language":{"name":"de","url":"http://pokeapi.co/api/v2/language/6/"},"version_group":{"name":"x-y","url":"http://pokeapi.co/api/v2/version-group/15/"}},{"flavor_text":"Monte une stat tout en en\nbaissant une autre.","language":{"name":"fr","url":"http://pokeapi.co/api/v2/language/5/"},"version_group":{"name":"x-y","url":"http://pokeapi.co/api/v2/version-group/15/"}},{"flavor_text":"능력이\n오르락내리락한다.","language":{"name":"ko","url":"http://pokeapi.co/api/v2/language/3/"},"version_group":{"name":"x-y","url":"http://pokeapi.co/api/v2/version-group/15/"}},{"flavor_text":"のうりょくが　あがったり\nさがったりする。","language":{"name":"ja","url":"http://pokeapi.co/api/v2/language/1/"},"version_group":{"name":"x-y","url":"http://pokeapi.co/api/v2/version-group/15/"}},{"flavor_text":"Raises one stat and\nlowers another.","language":{"name":"en","url":"http://pokeapi.co/api/v2/language/9/"},"version_group":{"name":"black-2-white-2","url":"http://pokeapi.co/api/v2/version-group/14/"}},{"flavor_text":"Raises one stat and\nlowers another.","language":{"name":"en","url":"http://pokeapi.co/api/v2/language/9/"},"version_group":{"name":"black-white","url":"http://pokeapi.co/api/v2/version-group/11/"}},{"flavor_text":"Monte une stat tout en\nen baissant une autre.","language":{"name":"fr","url":"http://pokeapi.co/api/v2/language/5/"},"version_group":{"name":"black-white","url":"http://pokeapi.co/api/v2/version-group/11/"}}],"pokemon":[{"is_hidden":true,"slot":3,"pokemon":{"name":"remoraid","url":"http://pokeapi.co/api/v2/pokemon/223/"}},{"is_hidden":true,"slot":3,"pokemon":{"name":"octillery","url":"http://pokeapi.co/api/v2/pokemon/224/"}},{"is_hidden":true,"slot":3,"pokemon":{"name":"smeargle","url":"http://pokeapi.co/api/v2/pokemon/235/"}},{"is_hidden":true,"slot":3,"pokemon":{"name":"snorunt","url":"http://pokeapi.co/api/v2/pokemon/361/"}},{"is_hidden":true,"slot":3,"pokemon":{"name":"glalie","url":"http://pokeapi.co/api/v2/pokemon/362/"}},{"is_hidden":true,"slot":3,"pokemon":{"name":"bidoof","url":"http://pokeapi.co/api/v2/pokemon/399/"}},{"is_hidden":true,"slot":3,"pokemon":{"name":"bibarel","url":"http://pokeapi.co/api/v2/pokemon/400/"}}]}