{"id":157,"name":"sap-sipper","is_main_series":true,"generation":{"name":"generation-v","url":"http://pokeapi.co/api/v2/generation/5/"},"names":[{"name":"Sap Sipper","language":{"name":"en","url":"http://pokeapi.co/api/v2/language/9/"}},{"name":"Mangiaerba","language":{"name":"it","url":"http://pokeapi.co/api/v2/language/8/"}},{"name":"Herbívoro","language":{"name":"es","url":"http://pokeapi.co/api/v2/language/7/"}},{"name":"Vegetarier","language":{"name":"de","url":"http://pokeapi.co/api/v2/language/6/"}},{"name":"Herbivore","language":{"name":"fr","url":"http://pokeapi.co/api/v2/language/5/"}},{"name":"초식","language":{"name":"ko","url":"http://pokeapi.co/api/v2/language/3/"}},{"name":"そうしょく","language":{"name":"ja","url":"http://pokeapi.co/api/v2/language/1/"}}],"effect_entries":[{"effect":"Whenever a grass-type move hits this Pokémon, its Attack rises one stage, negating any other effect on it.","short_effect":"Absorbs grass moves, raising Attack one stage.","language":{"name":"en","url":"http://pokeapi.co/api/v2/language/9/"}}],"effect_changes":[],"flavor_text_entries":[{"flavor_text":"くさの　技を　受けると\n攻撃が　あがる。","language":{"name":"ja-kanji","url":"http://pokeapi.co/api/v2/language/11/"},"version_group":{"name":"omega-ruby-alpha-sapphire","url":"http://pokeapi.co/api/v2/version-group/16/"}},{"flavor_text":"Boosts the Attack stat when hit\nby a Grass-type move.","language":{"name":"en","url":"http://pokeapi.co/api/v2/language/9/"},"version_group":{"name":"omega-ruby-alpha-sapphire","url":"http://pokeapi.co/api/v2/version-group/16/"}},{"flavor_text":"Neutralizza le mosse di tipo Erba\nsubite per aumentare l’Attacco.","language":{"name":"it","url":"http://pokeapi.co/api/v2/language/8/"},"version_group":{"name":"omega-ruby-alpha-sapphire","url":"http://pokeapi.co/api/v2/version-group/16/"}},{"flavor_text":"Neutraliza los movimientos de\ntipo Planta y sube el Ataque.","language":{"name":"es","url":"http://pokeapi.co/api/v2/language/7/"},"version_group":{"name":"omega-ruby-alpha-sapphire","url":"http://pokeapi.co/api/v2/version-group/16/"}},{"flavor_text":"Absorbiert Pflanzen-Attacken\nund steigert den Angriff.","language":{"name":"de","url":"http://pokeapi.co/api/v2/language/6/"},"version_group":{"name":"omega-ruby-alpha-sapphire","url":"http://pokeapi.co/api/v2/version-group/16/"}},{"flavor_text":"Neutralise les attaques Plante et\naugmente l’Attaque.","language":{"name":"fr","url":"http://pokeapi.co/api/v2/language/5/"},"version_group":{"name":"omega-ruby-alpha-sapphire","url":"http://pokeapi.co/api/v2/version-group/16/"}},{"flavor_text":"풀 기술을 받으면\n공격이 올라간다.","language":{"name":"ko","url":"http://pokeapi.co/api/v2/language/3/"},"version_group":{"name":"omega-ruby-alpha-sapphire","url":"http://pokeapi.co/api/v2/version-group/16/"}},{"flavor_text":"くさの　わざを　うけると\nこうげきが　あがる。","language":{"name":"ja","url":"http://pokeapi.co/api/v2/language/1/"},"version_group":{"name":"omega-ruby-alpha-sapphire","url":"http://pokeapi.co/api/v2/version-group/16/"}},{"flavor_text":"くさの　技を　受けると\n攻撃が　あがる。","language":{"name":"ja-kanji","url":"http://pokeapi.co/api/v2/language/11/"},"version_group":{"name":"x-y","url":"http://pokeapi.co/api/v2/version-group/15/"}},{"flavor_text":"Boosts the Attack stat when hit\nby a Grass-type move.","language":{"name":"en","url":"http://pokeapi.co/api/v2/language/9/"},"version_group":{"name":"x-y","url":"http://pokeapi.co/api/v2/version-group/15/"}},{"flavor_text":"Neutralizza le mosse di tipo Erba\nsubite per aumentare l’Attacco.","language":{"name":"it","url":"http://pokeapi.co/api/v2/language/8/"},"version_group":{"name":"x-y","url":"http://pokeapi.co/api/v2/version-group/15/"}},{"flavor_text":"Neutraliza los movimientos de\ntipo Planta y sube el Ataque.","language":{"name":"es","url":"http://pokeapi.co/api/v2/language/7/"},"version_group":{"name":"x-y","url":"http://pokeapi.co/api/v2/version-group/15/"}},{"flavor_text":"Absorbiert Pflanzen-Attacken\nund steigert den Angriff.","language":{"name":"de","url":"http://pokeapi.co/api/v2/language/6/"},"version_group":{"name":"x-y","url":"http://pokeapi.co/api/v2/version-group/15/"}},{"flavor_text":"Neutralise les attaques Plante et\naugmente l’Attaque.","language":{"name":"fr","url":"http://pokeapi.co/api/v2/language/5/"},"version_group":{"name":"x-y","url":"http://pokeapi.co/api/v2/version-group/15/"}},{"flavor_text":"풀 기술을 받으면\n공격이 올라간다.","language":{"name":"ko","url":"http://pokeapi.co/api/v2/language/3/"},"version_group":{"name":"x-y","url":"http://pokeapi.co/api/v2/version-group/15/"}},{"flavor_text":"くさの　わざを　うけると\nこうげきが　あがる。","language":{"name":"ja","url":"http://pokeapi.co/api/v2/language/1/"},"version_group":{"name":"x-y","url":"http://pokeapi.co/api/v2/version-group/15/"}},{"flavor_text":"Boosts Attack when hit by\na Grass-type move.","language":{"name":"en","url":"http://pokeapi.co/api/v2/language/9/"},"version_group":{"name":"black-2-white-2","url":"http://pokeapi.co/api/v2/version-group/14/"}},{"flavor_text":"Boosts Attack when hit by\na Grass-type move.","language":{"name":"en","url":"http://pokeapi.co/api/v2/language/9/"},"version_group":{"name":"black-white","url":"http://pokeapi.co/api/v2/version-group/11/"}},{"flavor_text":"Augmente l’Attaque après\nune attaque Plante.","language":{"name":"fr","url":"http://pokeapi.co/api/v2/language/5/"},"version_group":{"name":"black-white","url":"http://pokeapi.co/api/v2/version-group/11/"}}],"pokemon":[{"is_hidden":true,"slot":3,"pokemon":{"name":"marill","url":"http://pokeapi.co/api/v2/pokemon/183/"}},{"is_hidden":true,"slot":3,"pokemon":{"name":"azumarill","url":"http://pokeapi.co/api/v2/pokemon/184/"}},{"is_hidden":true,"slot":3,"pokemon":{"name":"girafarig","url":"http://pokeapi.co/api/v2/pokemon/203/"}},{"is_hidden":true,"slot":3,"pokemon":{"name":"stantler","url":"http://pokeapi.co/api/v2/pokemon/234/"}},{"is_hidden":true,"slot":3,"pokemon":{"name":"miltank","url":"http://pokeapi.co/api/v2/pokemon/241/"}},{"is_hidden":true,"slot":3,"pokemon":{"name":"azurill","url":"http://pokeapi.co/api/v2/pokemon/298/"}},{"is_hidden":true,"slot":3,"pokemon":{"name":"blitzle","url":"http://pokeapi.co/api/v2/pokemon/522/"}},{"is_hidden":true,"slot":3,"pokemon":{"name":"zebstrika","url":"http://pokeapi.co/api/v2/pokemon/523/"}},{"is_hidden":false,"slot":2,"pokemon":{"name":"deerling","url":"http://pokeapi.co/api/v2/pokemon/585/"}},{"is_hidden":false,"slot":2,"pokemon":{"name":"sawsbuck","url":"http://pokeapi.co/api/v2/pokemon/586/"}},{"is_hidden":false,"slot":2,"pokemon":{"name":"bouffalant","url":"http://pokeapi.co/api/v2/pokemon/626/"}},{"is_hidden":false,"slot":1,"pokemon":{"name":"skiddo","url":"http://pokeapi.co/api/v2/pokemon/672/"}},{"is_hidden":false,"slot":1,"pokemon":{"name":"gogoat","url":"http://pokeapi.co/api/v2/pokemon/673/"}},{"is_hidden":false,"slot":1,"pokemon":{"name":"goomy","url":"http://pokeapi.co/api/v2/pokemon/704/"}},{"is_hidden":false,"slot":1,"pokemon":{"name":"sliggoo","url":"http://pokeapi.co/api/v2/pokemon/705/"}},{"is_hidden":false,"slot":1,"pokemon":{"name":"goodra","url":"http://pokeapi.co/api/v2/pokemon/706/"}}]}