{"id":9,"name":"static","is_main_series":true,"generation":{"name":"generation-iii","url":"http://pokeapi.co/api/v2/generation/3/"},"names":[{"name":"Static","language":{"name":"en","url":"http://pokeapi.co/api/v2/language/9/"}},{"name":"Statico","language":{"name":"it","url":"http://pokeapi.co/api/v2/language/8/"}},{"name":"Elec. Estática","language":{"name":"es","url":"http://pokeapi.co/api/v2/language/7/"}},{"name":"Statik","language":{"name":"de","url":"http://pokeapi.co/api/v2/language/6/"}},{"name":"Statik","language":{"name":"fr","url":"http://pokeapi.co/api/v2/language/5/"}},{"name":"정전기","language":{"name":"ko","url":"http://pokeapi.co/api/v2/language/3/"}},{"name":"せいでんき","language":{"name":"ja","url":"http://pokeapi.co/api/v2/language/1/"}}],"effect_entries":[{"effect":"Whenever a move makes contact with this Pokémon, the move's user has a 30% chance of being paralyzed.\n\nPokémon that are immune to electric-type moves can still be paralyzed by this ability.\n\nOverworld: If the lead Pokémon has this ability, there is a 50% chance that encounters will be with an electric Pokémon, if applicable.","short_effect":"Has a 30% chance of paralyzing attacking Pokémon on contact.","language":{"name":"en","url":"http://pokeapi.co/api/v2/language/9/"}}],"effect_changes":[{"version_group":{"name":"emerald","url":"http://pokeapi.co/api/v2/version-group/6/"},"effect_entries":[{"effect":"Has no overworld effect.","language":{"name":"en","url":"http://pokeapi.co/api/v2/language/9/"}}]}],"flavor_text_entries":[{"flavor_text":"触った　相手を\nまひさせる　ことがある。","language":{"name":"ja-kanji","url":"http://pokeapi.co/api/v2/language/11/"},"version_group":{"name":"omega-ruby-alpha-sapphire","url":"http://pokeapi.co/api/v2/version-group/16/"}},{"flavor_text":"Contact with the Pokémon\nmay cause paralysis.","language":{"name":"en","url":"http://pokeapi.co/api/v2/language/9/"},"version_group":{"name":"omega-ruby-alpha-sapphire","url":"http://pokeapi.co/api/v2/version-group/16/"}},{"flavor_text":"Il contatto fisico con il Pokémon\npuò causare paralisi.","language":{"name":"it","url":"http://pokeapi.co/api/v2/language/8/"},"version_group":{"name":"omega-ruby-alpha-sapphire","url":"http://pokeapi.co/api/v2/version-group/16/"}},{"flavor_text":"Puede paralizar al mínimo\ncontacto.","language":{"name":"es","url":"http://pokeapi.co/api/v2/language/7/"},"version_group":{"name":"omega-ruby-alpha-sapphire","url":"http://pokeapi.co/api/v2/version-group/16/"}},{"flavor_text":"Kann bei Berührung paralysieren.","language":{"name":"de","url":"http://pokeapi.co/api/v2/language/6/"},"version_group":{"name":"omega-ruby-alpha-sapphire","url":"http://pokeapi.co/api/v2/version-group/16/"}},{"flavor_text":"Un contact avec le Pokémon\npeut paralyser.","language":{"name":"fr","url":"http://pokeapi.co/api/v2/language/5/"},"version_group":{"name":"omega-ruby-alpha-sapphire","url":"http://pokeapi.co/api/v2/version-group/16/"}},{"flavor_text":"접촉한 상대를\n마비시킬 때가 있다.","language":{"name":"ko","url":"http://pokeapi.co/api/v2/language/3/"},"version_group":{"name":"omega-ruby-alpha-sapphire","url":"http://pokeapi.co/api/v2/version-group/16/"}},{"flavor_text":"さわった　あいてを\nまひさせる　ことがある。","language":{"name":"ja","url":"http://pokeapi.co/api/v2/language/1/"},"version_group":{"name":"omega-ruby-alpha-sapphire","url":"http://pokeapi.co/api/v2/version-group/16/"}},{"flavor_text":"触った　相手を\nまひさせる　ことがある。","language":{"name":"ja-kanji","url":"http://pokeapi.co/api/v2/language/11/"},"version_group":{"name":"x-y","url":"http://pokeapi.co/api/v2/version-group/15/"}},{"flavor_text":"Contact with the Pokémon\nmay cause paralysis.","language":{"name":"en","url":"http://pokeapi.co/api/v2/language/9/"},"version_group":{"name":"x-y","url":"http://pokeapi.co/api/v2/version-group/15/"}},{"flavor_text":"Il contatto fisico con il Pokémon\npuò causare paralisi.","language":{"name":"it","url":"http://pokeapi.co/api/v2/language/8/"},"version_group":{"name":"x-y","url":"http://pokeapi.co/api/v2/version-group/15/"}},{"flavor_text":"Puede paralizar al mínimo\ncontacto.","language":{"name":"es","url":"http://pokeapi.co/api/v2/language/7/"},"version_group":{"name":"x-y","url":"http://pokeapi.co/api/v2/version-group/15/"}},{"flavor_text":"Kann bei Berührung paralysieren.","language":{"name":"de","url":"http://pokeapi.co/api/v2/language/6/"},"version_group":{"name":"x-y","url":"http://pokeapi.co/api/v2/version-group/15/"}},{"flavor_text":"Un contact avec le Pokémon\npeut paralyser.","language":{"name":"fr","url":"http://pokeapi.co/api/v2/language/5/"},"version_group":{"name":"x-y","url":"http://pokeapi.co/api/v2/version-group/15/"}},{"flavor_text":"접촉한 상대를\n마비시킬 때가 있다.","language":{"name":"ko","url":"http://pokeapi.co/api/v2/language/3/"},"version_group":{"name":"x-y","url":"http://pokeapi.co/api/v2/version-group/15/"}},{"flavor_text":"さわった　あいてを\nまひさせる　ことがある。","language":{"name":"ja","url":"http://pokeapi.co/api/v2/language/1/"},"version_group":{"name":"x-y","url":"http://pokeapi.co/api/v2/version-group/15/"}},{"flavor_text":"Contact with the Pokémon\nmay cause paralysis.","language":{"name":"en","url":"http://pokeapi.co/api/v2/language/9/"},"version_group":{"name":"black-2-white-2","url":"http://pokeapi.co/api/v2/version-group/14/"}},{"flavor_text":"Contact with the Pokémon\nmay cause paralysis.","language":{"name":"en","url":"http://pokeapi.co/api/v2/language/9/"},"version_group":{"name":"black-white","url":"http://pokeapi.co/api/v2/version-group/11/"}},{"flavor_text":"Un contact avec le\nPokémon peut paralyser.","language":{"name":"fr","url":"http://pokeapi.co/api/v2/language/5/"},"version_group":{"name":"black-white","url":"http://pokeapi.co/api/v2/version-group/11/"}},{"flavor_text":"Contact with the Pokémon\nmay cause paralysis.","language":{"name":"en","url":"http://pokeapi.co/api/v2/language/9/"},"version_group":{"name":"heartgold-soulsilver","url":"http://pokeapi.co/api/v2/version-group/10/"}},{"flavor_text":"Contact with the Pokémon\nmay cause paralysis.","language":{"name":"en","url":"http://pokeapi.co/api/v2/language/9/"},"version_group":{"name":"platinum","url":"http://pokeapi.co/api/v2/version-group/9/"}},{"flavor_text":"Contact with the Pokémon\nmay cause paralysis.","language":{"name":"en","url":"http://pokeapi.co/api/v2/language/9/"},"version_group":{"name":"diamond-pearl","url":"http://pokeapi.co/api/v2/version-group/8/"}},{"flavor_text":"Paralyzes on contact.","language":{"name":"en","url":"http://pokeapi.co/api/v2/language/9/"},"version_group":{"name":"firered-leafgreen","url":"http://pokeapi.co/api/v2/version-group/7/"}},{"flavor_text":"Paralyzes on contact.","language":{"name":"en","url":"http://pokeapi.co/api/v2/language/9/"},"version_group":{"name":"emerald","url":"http://pokeapi.co/api/v2/version-group/6/"}},{"flavor_text":"Paralyzes on contact.","language":{"name":"en","url":"http://pokeapi.co/api/v2/language/9/"},"version_group":{"name":"ruby-sapphire","url":"http://pokeapi.co/api/v2/version-group/5/"}}],"pokemon":[{"is_hidden":false,"slot":1,"pokemon":{"name":"pikachu","url":"http://pokeapi.co/api/v2/pokemon/25/"}},{"is_hidden":false,"slot":1,"pokemon":{"name":"raichu","url":"http://pokeapi.co/api/v2/pokemon/26/"}},{"is_hidden":false,"slot":2,"pokemon":{"name":"voltorb","url":"http://pokeapi.co/api/v2/pokemon/100/"}},{"is_hidden":false,"slot":2,"pokemon":{"name":"electrode","url":"http://pokeapi.co/api/v2/pokemon/101/"}},{"is_hidden":false,"slot":1,"pokemon":{"name":"electabuzz","url":"http://pokeapi.co/api/v2/pokemon/125/"}},{"is_hidden":true,"slot":3,"pokemon":{"name":"zapdos","url":"http://pokeapi.co/api/v2/pokemon/145/"}},{"is_hidden":false,"slot":1,"pokemon":{"name":"pichu","url":"http://pokeapi.co/api/v2/pokemon/172/"}},{"is_hidden":false,"slot":1,"pokemon":{"name":"mareep","url":"http://pokeapi.co/api/v2/pokemon/179/"}},{"is_hidden":false,"slot":1,"pokemon":{"name":"flaaffy","url":"http://pokeapi.co/api/v2/pokemon/180/"}},{"is_hidden":false,"slot":1,"pokemon":{"name":"ampharos","url":"http://pokeapi.co/api/v2/pokemon/181/"}},{"is_hidden":false,"slot":1,"pokemon":{"name":"elekid","url":"http://pokeapi.co/api/v2/pokemon/239/"}},{"is_hidden":false,"slot":1,"pokemon":{"name":"electrike","url":"http://pokeapi.co/api/v2/pokemon/309/"}},{"is_hidden":false,"slot":1,"pokemon":{"name":"manectric","url":"http://pokeapi.co/api/v2/pokemon/310/"}},{"is_hidden":false,"slot":1,"pokemon":{"name":"emolga","url":"http://pokeapi.co/api/v2/pokemon/587/"}},{"is_hidden":false,"slot":1,"pokemon":{"name":"stunfisk","url":"http://pokeapi.co/api/v2/pokemon/618/"}},{"is_hidden":false,"slot":1,"pokemon":{"name":"pikachu-rock-star","url":"http://pokeapi.co/api/v2/pokemon/10080/"}},{"is_hidden":false,"slot":1,"pokemon":{"name":"pikachu-belle","url":"http://pokeapi.co/api/v2/pokemon/10081/"}},{"is_hidden":false,"slot":1,"pokemon":{"name":"pikachu-pop-star","url":"http://pokeapi.co/api/v2/pokemon/10082/"}},{"is_hidden":false,"slot":1,"pokemon":{"name":"pikachu-phd","url":"http://pokeapi.co/api/v2/pokemon/10083/"}},{"is_hidden":false,"slot":1,"pokemon":{"name":"pikachu-libre","url":"http://pokeapi.co/api/v2/pokemon/10084/"}},{"is_hidden":false,"slot":1,"pokemon":{"name":"pikachu-cosplay","url":"http://pokeapi.co/api/v2/pokemon/10085/"}}]}