{"id":147,"name":"wonder-skin","is_main_series":true,"generation":{"name":"generation-v","url":"http://pokeapi.co/api/v2/generation/5/"},"names":[{"name":"Wonder Skin","language":{"name":"en","url":"http://pokeapi.co/api/v2/language/9/"}},{"name":"Splendicute","language":{"name":"it","url":"http://pokeapi.co/api/v2/language/8/"}},{"name":"Piel Milagro","language":{"name":"es","url":"http://pokeapi.co/api/v2/language/7/"}},{"name":"Wunderhaut","language":{"name":"de","url":"http://pokeapi.co/api/v2/language/6/"}},{"name":"Peau Miracle","language":{"name":"fr","url":"http://pokeapi.co/api/v2/language/5/"}},{"name":"미라클스킨","language":{"name":"ko","url":"http://pokeapi.co/api/v2/language/3/"}},{"name":"ミラクルスキン","language":{"name":"ja","url":"http://pokeapi.co/api/v2/language/1/"}}],"effect_entries":[{"effect":"Non-damaging moves have exactly 50% base accuracy against this Pokémon.","short_effect":"Lowers incoming non-damaging moves' base accuracy to exactly 50%.","language":{"name":"en","url":"http://pokeapi.co/api/v2/language/9/"}}],"effect_changes":[],"flavor_text_entries":[{"flavor_text":"変化技を　受けにくい\n体に　なっている。","language":{"name":"ja-kanji","url":"http://pokeapi.co/api/v2/language/11/"},"version_group":{"name":"omega-ruby-alpha-sapphire","url":"http://pokeapi.co/api/v2/version-group/16/"}},{"flavor_text":"Makes status moves\nmore likely to miss.","language":{"name":"en","url":"http://pokeapi.co/api/v2/language/9/"},"version_group":{"name":"omega-ruby-alpha-sapphire","url":"http://pokeapi.co/api/v2/version-group/16/"}},{"flavor_text":"Resiste più facilmente ai\ncambiamenti di stato.","language":{"name":"it","url":"http://pokeapi.co/api/v2/language/8/"},"version_group":{"name":"omega-ruby-alpha-sapphire","url":"http://pokeapi.co/api/v2/version-group/16/"}},{"flavor_text":"Dificulta que le afecten los\nataques de estado.","language":{"name":"es","url":"http://pokeapi.co/api/v2/language/7/"},"version_group":{"name":"omega-ruby-alpha-sapphire","url":"http://pokeapi.co/api/v2/version-group/16/"}},{"flavor_text":"Wehrt mit robustem Körper\nviele Status-Attacken ab.","language":{"name":"de","url":"http://pokeapi.co/api/v2/language/6/"},"version_group":{"name":"omega-ruby-alpha-sapphire","url":"http://pokeapi.co/api/v2/version-group/16/"}},{"flavor_text":"Résiste mieux aux attaques\nde statut.","language":{"name":"fr","url":"http://pokeapi.co/api/v2/language/5/"},"version_group":{"name":"omega-ruby-alpha-sapphire","url":"http://pokeapi.co/api/v2/version-group/16/"}},{"flavor_text":"변화 기술을 받기 어려운\n몸으로 되어 있다.","language":{"name":"ko","url":"http://pokeapi.co/api/v2/language/3/"},"version_group":{"name":"omega-ruby-alpha-sapphire","url":"http://pokeapi.co/api/v2/version-group/16/"}},{"flavor_text":"へんかわざを　うけにくい\nからだに　なっている。","language":{"name":"ja","url":"http://pokeapi.co/api/v2/language/1/"},"version_group":{"name":"omega-ruby-alpha-sapphire","url":"http://pokeapi.co/api/v2/version-group/16/"}},{"flavor_text":"変化技を　受けにくい\n体に　なっている。","language":{"name":"ja-kanji","url":"http://pokeapi.co/api/v2/language/11/"},"version_group":{"name":"x-y","url":"http://pokeapi.co/api/v2/version-group/15/"}},{"flavor_text":"Makes status moves\nmore likely to miss.","language":{"name":"en","url":"http://pokeapi.co/api/v2/language/9/"},"version_group":{"name":"x-y","url":"http://pokeapi.co/api/v2/version-group/15/"}},{"flavor_text":"Resiste più facilmente ai\ncambiamenti di stato.","language":{"name":"it","url":"http://pokeapi.co/api/v2/language/8/"},"version_group":{"name":"x-y","url":"http://pokeapi.co/api/v2/version-group/15/"}},{"flavor_text":"Dificulta que le afecten los\nataques de estado.","language":{"name":"es","url":"http://pokeapi.co/api/v2/language/7/"},"version_group":{"name":"x-y","url":"http://pokeapi.co/api/v2/version-group/15/"}},{"flavor_text":"Wehrt mit robustem Körper\nviele Status-Attacken ab.","language":{"name":"de","url":"http://pokeapi.co/api/v2/language/6/"},"version_group":{"name":"x-y","url":"http://pokeapi.co/api/v2/version-group/15/"}},{"flavor_text":"Résiste mieux aux attaques\nde statut.","language":{"name":"fr","url":"http://pokeapi.co/api/v2/language/5/"},"version_group":{"name":"x-y","url":"http://pokeapi.co/api/v2/version-group/15/"}},{"flavor_text":"변화 기술을 받기 어려운\n몸으로 되어 있다.","language":{"name":"ko","url":"http://pokeapi.co/api/v2/language/3/"},"version_group":{"name":"x-y","url":"http://pokeapi.co/api/v2/version-group/15/"}},{"flavor_text":"へんかわざを　うけにくい\nからだに　なっている。","language":{"name":"ja","url":"http://pokeapi.co/api/v2/language/1/"},"version_group":{"name":"x-y","url":"http://pokeapi.co/api/v2/version-group/15/"}},{"flavor_text":"Makes status-changing\nmoves more likely to miss.","language":{"name":"en","url":"http://pokeapi.co/api/v2/language/9/"},"version_group":{"name":"black-2-white-2","url":"http://pokeapi.co/api/v2/version-group/14/"}},{"flavor_text":"Makes status-changing\nmoves more likely to miss.","language":{"name":"en","url":"http://pokeapi.co/api/v2/language/9/"},"version_group":{"name":"black-white","url":"http://pokeapi.co/api/v2/version-group/11/"}},{"flavor_text":"Son corps résiste mieux\naux attaques de statut.","language":{"name":"fr","url":"http://pokeapi.co/api/v2/language/5/"},"version_group":{"name":"black-white","url":"http://pokeapi.co/api/v2/version-group/11/"}}],"pokemon":[{"is_hidden":true,"slot":3,"pokemon":{"name":"venomoth","url":"http://pokeapi.co/api/v2/pokemon/49/"}},{"is_hidden":true,"slot":3,"pokemon":{"name":"skitty","url":"http://pokeapi.co/api/v2/pokemon/300/"}},{"is_hidden":true,"slot":3,"pokemon":{"name":"delcatty","url":"http://pokeapi.co/api/v2/pokemon/301/"}},{"is_hidden":false,"slot":1,"pokemon":{"name":"sigilyph","url":"http://pokeapi.co/api/v2/pokemon/561/"}}]}