{"id":133,"name":"weak-armor","is_main_series":true,"generation":{"name":"generation-v","url":"http://pokeapi.co/api/v2/generation/5/"},"names":[{"name":"Weak Armor","language":{"name":"en","url":"http://pokeapi.co/api/v2/language/9/"}},{"name":"Sottilguscio","language":{"name":"it","url":"http://pokeapi.co/api/v2/language/8/"}},{"name":"Armadura Frágil","language":{"name":"es","url":"http://pokeapi.co/api/v2/language/7/"}},{"name":"Bruchrüstung","language":{"name":"de","url":"http://pokeapi.co/api/v2/language/6/"}},{"name":"Armurouillée","language":{"name":"fr","url":"http://pokeapi.co/api/v2/language/5/"}},{"name":"깨어진갑옷","language":{"name":"ko","url":"http://pokeapi.co/api/v2/language/3/"}},{"name":"くだけるよろい","language":{"name":"ja","url":"http://pokeapi.co/api/v2/language/1/"}}],"effect_entries":[{"effect":"Whenever a physical move hits this Pokémon, its Speed rises one stage and its Defense falls one stage.\n\nThis ability triggers on every hit of a multiple-hit move.","short_effect":"Raises Speed and lowers Defense by one stage each upon being hit by a physical move.","language":{"name":"en","url":"http://pokeapi.co/api/v2/language/9/"}}],"effect_changes":[],"flavor_text_entries":[{"flavor_text":"物理技で　防御がさがり\n素早さが　あがる。","language":{"name":"ja-kanji","url":"http://pokeapi.co/api/v2/language/11/"},"version_group":{"name":"omega-ruby-alpha-sapphire","url":"http://pokeapi.co/api/v2/version-group/16/"}},{"flavor_text":"Physical attacks lower its Defense\nstat and raise its Speed stat.","language":{"name":"en","url":"http://pokeapi.co/api/v2/language/9/"},"version_group":{"name":"omega-ruby-alpha-sapphire","url":"http://pokeapi.co/api/v2/version-group/16/"}},{"flavor_text":"Riduce la Difesa e aumenta la\nVelocità se il Pokémon è colpito.","language":{"name":"it","url":"http://pokeapi.co/api/v2/language/8/"},"version_group":{"name":"omega-ruby-alpha-sapphire","url":"http://pokeapi.co/api/v2/version-group/16/"}},{"flavor_text":"Un ataque físico baja la Defensa\ny sube la Velocidad.","language":{"name":"es","url":"http://pokeapi.co/api/v2/language/7/"},"version_group":{"name":"omega-ruby-alpha-sapphire","url":"http://pokeapi.co/api/v2/version-group/16/"}},{"flavor_text":"Phys. Treffer senken Verteidigung\nund steigern Initiative.","language":{"name":"de","url":"http://pokeapi.co/api/v2/language/6/"},"version_group":{"name":"omega-ruby-alpha-sapphire","url":"http://pokeapi.co/api/v2/version-group/16/"}},{"flavor_text":"Un coup physique baisse la\nDéfense, monte la Vitesse.","language":{"name":"fr","url":"http://pokeapi.co/api/v2/language/5/"},"version_group":{"name":"omega-ruby-alpha-sapphire","url":"http://pokeapi.co/api/v2/version-group/16/"}},{"flavor_text":"물리 기술을 받으면 방어가\n떨어지고 스피드가 올라간다.","language":{"name":"ko","url":"http://pokeapi.co/api/v2/language/3/"},"version_group":{"name":"omega-ruby-alpha-sapphire","url":"http://pokeapi.co/api/v2/version-group/16/"}},{"flavor_text":"ぶつりわざで　ぼうぎょが\nさがり　すばやさがあがる。","language":{"name":"ja","url":"http://pokeapi.co/api/v2/language/1/"},"version_group":{"name":"omega-ruby-alpha-sapphire","url":"http://pokeapi.co/api/v2/version-group/16/"}},{"flavor_text":"物理技で　防御がさがり\n素早さが　あがる。","language":{"name":"ja-kanji","url":"http://pokeapi.co/api/v2/language/11/"},"version_group":{"name":"x-y","url":"http://pokeapi.co/api/v2/version-group/15/"}},{"flavor_text":"Physical attacks lower its Defense\nstat and raise its Speed stat.","language":{"name":"en","url":"http://pokeapi.co/api/v2/language/9/"},"version_group":{"name":"x-y","url":"http://pokeapi.co/api/v2/version-group/15/"}},{"flavor_text":"Riduce la Difesa e aumenta la\nVelocità se il Pokémon è colpito.","language":{"name":"it","url":"http://pokeapi.co/api/v2/language/8/"},"version_group":{"name":"x-y","url":"http://pokeapi.co/api/v2/version-group/15/"}},{"flavor_text":"Un ataque físico baja la Defensa\ny sube la Velocidad.","language":{"name":"es","url":"http://pokeapi.co/api/v2/language/7/"},"version_group":{"name":"x-y","url":"http://pokeapi.co/api/v2/version-group/15/"}},{"flavor_text":"Phys. Treffer senken Verteidigung\nund steigern Initiative.","language":{"name":"de","url":"http://pokeapi.co/api/v2/language/6/"},"version_group":{"name":"x-y","url":"http://pokeapi.co/api/v2/version-group/15/"}},{"flavor_text":"Un coup physique baisse la\nDéfense, monte la Vitesse.","language":{"name":"fr","url":"http://pokeapi.co/api/v2/language/5/"},"version_group":{"name":"x-y","url":"http://pokeapi.co/api/v2/version-group/15/"}},{"flavor_text":"물리 기술을 받으면 방어가\n떨어지고 스피드가 올라간다.","language":{"name":"ko","url":"http://pokeapi.co/api/v2/language/3/"},"version_group":{"name":"x-y","url":"http://pokeapi.co/api/v2/version-group/15/"}},{"flavor_text":"ぶつりわざで　ぼうぎょが\nさがり　すばやさがあがる。","language":{"name":"ja","url":"http://pokeapi.co/api/v2/language/1/"},"version_group":{"name":"x-y","url":"http://pokeapi.co/api/v2/version-group/15/"}},{"flavor_text":"Physical attacks lower\nDefense and raise Speed.","language":{"name":"en","url":"http://pokeapi.co/api/v2/language/9/"},"version_group":{"name":"black-2-white-2","url":"http://pokeapi.co/api/v2/version-group/14/"}},{"flavor_text":"Physical attacks lower\nDefense and raise Speed.","language":{"name":"en","url":"http://pokeapi.co/api/v2/language/9/"},"version_group":{"name":"black-white","url":"http://pokeapi.co/api/v2/version-group/11/"}},{"flavor_text":"Un coup physique baisse la\nDéfense, monte la Vitesse.","language":{"name":"fr","url":"http://pokeapi.co/api/v2/language/5/"},"version_group":{"name":"black-white","url":"http://pokeapi.co/api/v2/version-group/11/"}}],"pokemon":[{"is_hidden":true,"slot":3,"pokemon":{"name":"onix","url":"http://pokeapi.co/api/v2/pokemon/95/"}},{"is_hidden":true,"slot":3,"pokemon":{"name":"omanyte","url":"http://pokeapi.co/api/v2/pokemon/138/"}},{"is_hidden":true,"slot":3,"pokemon":{"name":"omastar","url":"http://pokeapi.co/api/v2/pokemon/139/"}},{"is_hidden":true,"slot":3,"pokemon":{"name":"kabuto","url":"http://pokeapi.co/api/v2/pokemon/140/"}},{"is_hidden":true,"slot":3,"pokemon":{"name":"kabutops","url":"http://pokeapi.co/api/v2/pokemon/141/"}},{"is_hidden":true,"slot":3,"pokemon":{"name":"slugma","url":"http://pokeapi.co/api/v2/pokemon/218/"}},{"is_hidden":true,"slot":3,"pokemon":{"name":"magcargo","url":"http://pokeapi.co/api/v2/pokemon/219/"}},{"is_hidden":true,"slot":3,"pokemon":{"name":"skarmory","url":"http://pokeapi.co/api/v2/pokemon/227/"}},{"is_hidden":true,"slot":3,"pokemon":{"name":"dwebble","url":"http://pokeapi.co/api/v2/pokemon/557/"}},{"is_hidden":true,"slot":3,"pokemon":{"name":"crustle","url":"http://pokeapi.co/api/v2/pokemon/558/"}},{"is_hidden":false,"slot":2,"pokemon":{"name":"garbodor","url":"http://pokeapi.co/api/v2/pokemon/569/"}},{"is_hidden":true,"slot":3,"pokemon":{"name":"vanillite","url":"http://pokeapi.co/api/v2/pokemon/582/"}},{"is_hidden":true,"slot":3,"pokemon":{"name":"vanillish","url":"http://pokeapi.co/api/v2/pokemon/583/"}},{"is_hidden":true,"slot":3,"pokemon":{"name":"vanilluxe","url":"http://pokeapi.co/api/v2/pokemon/584/"}},{"is_hidden":true,"slot":3,"pokemon":{"name":"vullaby","url":"http://pokeapi.co/api/v2/pokemon/629/"}},{"is_hidden":true,"slot":3,"pokemon":{"name":"mandibuzz","url":"http://pokeapi.co/api/v2/pokemon/630/"}}]}