{"id":75,"name":"shell-armor","is_main_series":true,"generation":{"name":"generation-iii","url":"http://pokeapi.co/api/v2/generation/3/"},"names":[{"name":"Shell Armor","language":{"name":"en","url":"http://pokeapi.co/api/v2/language/9/"}},{"name":"Guscioscudo","language":{"name":"it","url":"http://pokeapi.co/api/v2/language/8/"}},{"name":"Caparazón","language":{"name":"es","url":"http://pokeapi.co/api/v2/language/7/"}},{"name":"Panzerhaut","language":{"name":"de","url":"http://pokeapi.co/api/v2/language/6/"}},{"name":"Coque Armure","language":{"name":"fr","url":"http://pokeapi.co/api/v2/language/5/"}},{"name":"조가비갑옷","language":{"name":"ko","url":"http://pokeapi.co/api/v2/language/3/"}},{"name":"シェルアーマー","language":{"name":"ja","url":"http://pokeapi.co/api/v2/language/1/"}}],"effect_entries":[{"effect":"Moves cannot score critical hits against this Pokémon.\n\nThis ability functions identically to battle armor.","short_effect":"Protects against critical hits.","language":{"name":"en","url":"http://pokeapi.co/api/v2/language/9/"}}],"effect_changes":[],"flavor_text_entries":[{"flavor_text":"相手の　攻撃が\n急所に　当たらない。","language":{"name":"ja-kanji","url":"http://pokeapi.co/api/v2/language/11/"},"version_group":{"name":"omega-ruby-alpha-sapphire","url":"http://pokeapi.co/api/v2/version-group/16/"}},{"flavor_text":"Protects the Pokémon\nfrom critical hits.","language":{"name":"en","url":"http://pokeapi.co/api/v2/language/9/"},"version_group":{"name":"omega-ruby-alpha-sapphire","url":"http://pokeapi.co/api/v2/version-group/16/"}},{"flavor_text":"Evita che il Pokémon subisca\nbrutti colpi.","language":{"name":"it","url":"http://pokeapi.co/api/v2/language/8/"},"version_group":{"name":"omega-ruby-alpha-sapphire","url":"http://pokeapi.co/api/v2/version-group/16/"}},{"flavor_text":"Bloquea los golpes críticos.","language":{"name":"es","url":"http://pokeapi.co/api/v2/language/7/"},"version_group":{"name":"omega-ruby-alpha-sapphire","url":"http://pokeapi.co/api/v2/version-group/16/"}},{"flavor_text":"Wehrt gegnerische Volltreffer ab.","language":{"name":"de","url":"http://pokeapi.co/api/v2/language/6/"},"version_group":{"name":"omega-ruby-alpha-sapphire","url":"http://pokeapi.co/api/v2/version-group/16/"}},{"flavor_text":"Le Pokémon est protégé des\ncoups critiques.","language":{"name":"fr","url":"http://pokeapi.co/api/v2/language/5/"},"version_group":{"name":"omega-ruby-alpha-sapphire","url":"http://pokeapi.co/api/v2/version-group/16/"}},{"flavor_text":"상대의 공격이\n급소에 맞지 않는다.","language":{"name":"ko","url":"http://pokeapi.co/api/v2/language/3/"},"version_group":{"name":"omega-ruby-alpha-sapphire","url":"http://pokeapi.co/api/v2/version-group/16/"}},{"flavor_text":"あいての　こうげきが\nきゅうしょに　あたらない。","language":{"name":"ja","url":"http://pokeapi.co/api/v2/language/1/"},"version_group":{"name":"omega-ruby-alpha-sapphire","url":"http://pokeapi.co/api/v2/version-group/16/"}},{"flavor_text":"相手の　攻撃が\n急所に　当たらない。","language":{"name":"ja-kanji","url":"http://pokeapi.co/api/v2/language/11/"},"version_group":{"name":"x-y","url":"http://pokeapi.co/api/v2/version-group/15/"}},{"flavor_text":"Protects the Pokémon\nfrom critical hits.","language":{"name":"en","url":"http://pokeapi.co/api/v2/language/9/"},"version_group":{"name":"x-y","url":"http://pokeapi.co/api/v2/version-group/15/"}},{"flavor_text":"Evita che il Pokémon subisca\nbrutti colpi.","language":{"name":"it","url":"http://pokeapi.co/api/v2/language/8/"},"version_group":{"name":"x-y","url":"http://pokeapi.co/api/v2/version-group/15/"}},{"flavor_text":"Bloquea los golpes críticos.","language":{"name":"es","url":"http://pokeapi.co/api/v2/language/7/"},"version_group":{"name":"x-y","url":"http://pokeapi.co/api/v2/version-group/15/"}},{"flavor_text":"Wehrt gegnerische Volltreffer ab.","language":{"name":"de","url":"http://pokeapi.co/api/v2/language/6/"},"version_group":{"name":"x-y","url":"http://pokeapi.co/api/v2/version-group/15/"}},{"flavor_text":"Le Pokémon est protégé des\ncoups critiques.","language":{"name":"fr","url":"http://pokeapi.co/api/v2/language/5/"},"version_group":{"name":"x-y","url":"http://pokeapi.co/api/v2/version-group/15/"}},{"flavor_text":"상대의 공격이\n급소에 맞지 않는다.","language":{"name":"ko","url":"http://pokeapi.co/api/v2/language/3/"},"version_group":{"name":"x-y","url":"http://pokeapi.co/api/v2/version-group/15/"}},{"flavor_text":"あいての　こうげきが\nきゅうしょに　あたらない。","language":{"name":"ja","url":"http://pokeapi.co/api/v2/language/1/"},"version_group":{"name":"x-y","url":"http://pokeapi.co/api/v2/version-group/15/"}},{"flavor_text":"The Pokémon is protected\nagainst critical hits.","language":{"name":"en","url":"http://pokeapi.co/api/v2/language/9/"},"version_group":{"name":"black-2-white-2","url":"http://pokeapi.co/api/v2/version-group/14/"}},{"flavor_text":"The Pokémon is protected\nagainst critical hits.","language":{"name":"en","url":"http://pokeapi.co/api/v2/language/9/"},"version_group":{"name":"black-white","url":"http://pokeapi.co/api/v2/version-group/11/"}},{"flavor_text":"Le Pokémon est protégé\ndes coups critiques.","language":{"name":"fr","url":"http://pokeapi.co/api/v2/language/5/"},"version_group":{"name":"black-white","url":"http://pokeapi.co/api/v2/version-group/11/"}},{"flavor_text":"The Pokémon is protected\nagainst critical hits.","language":{"name":"en","url":"http://pokeapi.co/api/v2/language/9/"},"version_group":{"name":"heartgold-soulsilver","url":"http://pokeapi.co/api/v2/version-group/10/"}},{"flavor_text":"The Pokémon is protected\nagainst critical hits.","language":{"name":"en","url":"http://pokeapi.co/api/v2/language/9/"},"version_group":{"name":"platinum","url":"http://pokeapi.co/api/v2/version-group/9/"}},{"flavor_text":"The Pokémon is protected\nagainst critical hits.","language":{"name":"en","url":"http://pokeapi.co/api/v2/language/9/"},"version_group":{"name":"diamond-pearl","url":"http://pokeapi.co/api/v2/version-group/8/"}},{"flavor_text":"Blocks critical hits.","language":{"name":"en","url":"http://pokeapi.co/api/v2/language/9/"},"version_group":{"name":"firered-leafgreen","url":"http://pokeapi.co/api/v2/version-group/7/"}},{"flavor_text":"Blocks critical hits.","language":{"name":"en","url":"http://pokeapi.co/api/v2/language/9/"},"version_group":{"name":"emerald","url":"http://pokeapi.co/api/v2/version-group/6/"}},{"flavor_text":"Blocks critical hits.","language":{"name":"en","url":"http://pokeapi.co/api/v2/language/9/"},"version_group":{"name":"ruby-sapphire","url":"http://pokeapi.co/api/v2/version-group/5/"}}],"pokemon":[{"is_hidden":false,"slot":1,"pokemon":{"name":"shellder","url":"http://pokeapi.co/api/v2/pokemon/90/"}},{"is_hidden":false,"slot":1,"pokemon":{"name":"cloyster","url":"http://pokeapi.co/api/v2/pokemon/91/"}},{"is_hidden":false,"slot":2,"pokemon":{"name":"krabby","url":"http://pokeapi.co/api/v2/pokemon/98/"}},{"is_hidden":false,"slot":2,"pokemon":{"name":"kingler","url":"http://pokeapi.co/api/v2/pokemon/99/"}},{"is_hidden":false,"slot":2,"pokemon":{"name":"lapras","url":"http://pokeapi.co/api/v2/pokemon/131/"}},{"is_hidden":false,"slot":2,"pokemon":{"name":"omanyte","url":"http://pokeapi.co/api/v2/pokemon/138/"}},{"is_hidden":false,"slot":2,"pokemon":{"name":"omastar","url":"http://pokeapi.co/api/v2/pokemon/139/"}},{"is_hidden":true,"slot":3,"pokemon":{"name":"torkoal","url":"http://pokeapi.co/api/v2/pokemon/324/"}},{"is_hidden":false,"slot":2,"pokemon":{"name":"corphish","url":"http://pokeapi.co/api/v2/pokemon/341/"}},{"is_hidden":false,"slot":2,"pokemon":{"name":"crawdaunt","url":"http://pokeapi.co/api/v2/pokemon/342/"}},{"is_hidden":false,"slot":1,"pokemon":{"name":"clamperl","url":"http://pokeapi.co/api/v2/pokemon/366/"}},{"is_hidden":true,"slot":3,"pokemon":{"name":"turtwig","url":"http://pokeapi.co/api/v2/pokemon/387/"}},{"is_hidden":true,"slot":3,"pokemon":{"name":"grotle","url":"http://pokeapi.co/api/v2/pokemon/388/"}},{"is_hidden":true,"slot":3,"pokemon":{"name":"torterra","url":"http://pokeapi.co/api/v2/pokemon/389/"}},{"is_hidden":true,"slot":3,"pokemon":{"name":"oshawott","url":"http://pokeapi.co/api/v2/pokemon/501/"}},{"is_hidden":true,"slot":3,"pokemon":{"name":"dewott","url":"http://pokeapi.co/api/v2/pokemon/502/"}},{"is_hidden":true,"slot":3,"pokemon":{"name":"samurott","url":"http://pokeapi.co/api/v2/pokemon/503/"}},{"is_hidden":false,"slot":2,"pokemon":{"name":"dwebble","url":"http://pokeapi.co/api/v2/pokemon/557/"}},{"is_hidden":false,"slot":2,"pokemon":{"name":"crustle","url":"http://pokeapi.co/api/v2/pokemon/558/"}},{"is_hidden":false,"slot":2,"pokemon":{"name":"escavalier","url":"http://pokeapi.co/api/v2/pokemon/589/"}},{"is_hidden":false,"slot":2,"pokemon":{"name":"shelmet","url":"http://pokeapi.co/api/v2/pokemon/616/"}},{"is_hidden":false,"slot":1,"pokemon":{"name":"slowbro-mega","url":"http://pokeapi.co/api/v2/pokemon/10071/"}}]}