{"id":68,"name":"swarm","is_main_series":true,"generation":{"name":"generation-iii","url":"http://pokeapi.co/api/v2/generation/3/"},"names":[{"name":"Swarm","language":{"name":"en","url":"http://pokeapi.co/api/v2/language/9/"}},{"name":"Aiutinsetto","language":{"name":"it","url":"http://pokeapi.co/api/v2/language/8/"}},{"name":"Enjambre","language":{"name":"es","url":"http://pokeapi.co/api/v2/language/7/"}},{"name":"Hexaplaga","language":{"name":"de","url":"http://pokeapi.co/api/v2/language/6/"}},{"name":"Essaim","language":{"name":"fr","url":"http://pokeapi.co/api/v2/language/5/"}},{"name":"벌레의알림","language":{"name":"ko","url":"http://pokeapi.co/api/v2/language/3/"}},{"name":"むしのしらせ","language":{"name":"ja","url":"http://pokeapi.co/api/v2/language/1/"}}],"effect_entries":[{"effect":"When this Pokémon has 1/3 or less of its HP remaining, its bug-type moves inflict 1.5× as much regular damage.\n\nOverworld: If the lead Pokémon has this ability, the wild encounter rate is increased.","short_effect":"Strengthens bug moves to inflict 1.5× damage at 1/3 max HP or less.","language":{"name":"en","url":"http://pokeapi.co/api/v2/language/9/"}}],"effect_changes":[{"version_group":{"name":"emerald","url":"http://pokeapi.co/api/v2/version-group/6/"},"effect_entries":[{"effect":"Has no overworld effect.","language":{"name":"en","url":"http://pokeapi.co/api/v2/language/9/"}}]},{"version_group":{"name":"diamond-pearl","url":"http://pokeapi.co/api/v2/version-group/8/"},"effect_entries":[{"effect":"Increases the frequency of cries heard on the overworld if any party Pokémon has this ability.","language":{"name":"en","url":"http://pokeapi.co/api/v2/language/9/"}}]}],"flavor_text_entries":[{"flavor_text":"ピンチのとき　むしの\n威力が　あがる。","language":{"name":"ja-kanji","url":"http://pokeapi.co/api/v2/language/11/"},"version_group":{"name":"omega-ruby-alpha-sapphire","url":"http://pokeapi.co/api/v2/version-group/16/"}},{"flavor_text":"Powers up Bug-type moves when\nthe Pokémon is in trouble.","language":{"name":"en","url":"http://pokeapi.co/api/v2/language/9/"},"version_group":{"name":"omega-ruby-alpha-sapphire","url":"http://pokeapi.co/api/v2/version-group/16/"}},{"flavor_text":"Quando si è in difficoltà, potenzia  \nle mosse di tipo Coleottero.","language":{"name":"it","url":"http://pokeapi.co/api/v2/language/8/"},"version_group":{"name":"omega-ruby-alpha-sapphire","url":"http://pokeapi.co/api/v2/version-group/16/"}},{"flavor_text":"Potencia los ataques de tipo\nBicho en un apuro.","language":{"name":"es","url":"http://pokeapi.co/api/v2/language/7/"},"version_group":{"name":"omega-ruby-alpha-sapphire","url":"http://pokeapi.co/api/v2/version-group/16/"}},{"flavor_text":"Erhöht in Notfällen die Stärke\nvon Käfer-Attacken.","language":{"name":"de","url":"http://pokeapi.co/api/v2/language/6/"},"version_group":{"name":"omega-ruby-alpha-sapphire","url":"http://pokeapi.co/api/v2/version-group/16/"}},{"flavor_text":"Booste les capacités Insecte en\ncas de besoin.","language":{"name":"fr","url":"http://pokeapi.co/api/v2/language/5/"},"version_group":{"name":"omega-ruby-alpha-sapphire","url":"http://pokeapi.co/api/v2/version-group/16/"}},{"flavor_text":"위급할 때 벌레타입의\n위력이 올라간다.","language":{"name":"ko","url":"http://pokeapi.co/api/v2/language/3/"},"version_group":{"name":"omega-ruby-alpha-sapphire","url":"http://pokeapi.co/api/v2/version-group/16/"}},{"flavor_text":"ピンチのとき　むしの\nいりょくが　あがる。","language":{"name":"ja","url":"http://pokeapi.co/api/v2/language/1/"},"version_group":{"name":"omega-ruby-alpha-sapphire","url":"http://pokeapi.co/api/v2/version-group/16/"}},{"flavor_text":"ピンチのとき　むしの\n威力が　あがる。","language":{"name":"ja-kanji","url":"http://pokeapi.co/api/v2/language/11/"},"version_group":{"name":"x-y","url":"http://pokeapi.co/api/v2/version-group/15/"}},{"flavor_text":"Powers up Bug-type moves when\nthe Pokémon is in trouble.","language":{"name":"en","url":"http://pokeapi.co/api/v2/language/9/"},"version_group":{"name":"x-y","url":"http://pokeapi.co/api/v2/version-group/15/"}},{"flavor_text":"Quando si è in difficoltà, potenzia\nle mosse di tipo Coleottero.","language":{"name":"it","url":"http://pokeapi.co/api/v2/language/8/"},"version_group":{"name":"x-y","url":"http://pokeapi.co/api/v2/version-group/15/"}},{"flavor_text":"Potencia los ataques de tipo\nBicho en un apuro.","language":{"name":"es","url":"http://pokeapi.co/api/v2/language/7/"},"version_group":{"name":"x-y","url":"http://pokeapi.co/api/v2/version-group/15/"}},{"flavor_text":"Erhöht in Notfällen die Stärke\nvon Käfer-Attacken.","language":{"name":"de","url":"http://pokeapi.co/api/v2/language/6/"},"version_group":{"name":"x-y","url":"http://pokeapi.co/api/v2/version-group/15/"}},{"flavor_text":"Booste les capacités Insecte en\ncas de besoin.","language":{"name":"fr","url":"http://pokeapi.co/api/v2/language/5/"},"version_group":{"name":"x-y","url":"http://pokeapi.co/api/v2/version-group/15/"}},{"flavor_text":"위급할 때 벌레타입의\n위력이 올라간다.","language":{"name":"ko","url":"http://pokeapi.co/api/v2/language/3/"},"version_group":{"name":"x-y","url":"http://pokeapi.co/api/v2/version-group/15/"}},{"flavor_text":"ピンチのとき　むしの\nいりょくが　あがる。","language":{"name":"ja","url":"http://pokeapi.co/api/v2/language/1/"},"version_group":{"name":"x-y","url":"http://pokeapi.co/api/v2/version-group/15/"}},{"flavor_text":"Powers up Bug-type\nmoves in a pinch.","language":{"name":"en","url":"http://pokeapi.co/api/v2/language/9/"},"version_group":{"name":"black-2-white-2","url":"http://pokeapi.co/api/v2/version-group/14/"}},{"flavor_text":"Powers up Bug-type\nmoves in a pinch.","language":{"name":"en","url":"http://pokeapi.co/api/v2/language/9/"},"version_group":{"name":"black-white","url":"http://pokeapi.co/api/v2/version-group/11/"}},{"flavor_text":"Booste les capacités\nInsecte en cas de besoin.","language":{"name":"fr","url":"http://pokeapi.co/api/v2/language/5/"},"version_group":{"name":"black-white","url":"http://pokeapi.co/api/v2/version-group/11/"}},{"flavor_text":"Powers up Bug-type\nmoves in a pinch.","language":{"name":"en","url":"http://pokeapi.co/api/v2/language/9/"},"version_group":{"name":"heartgold-soulsilver","url":"http://pokeapi.co/api/v2/version-group/10/"}},{"flavor_text":"Powers up Bug-type\nmoves in a pinch.","language":{"name":"en","url":"http://pokeapi.co/api/v2/language/9/"},"version_group":{"name":"platinum","url":"http://pokeapi.co/api/v2/version-group/9/"}},{"flavor_text":"Powers up Bug-type\nmoves in a pinch.","language":{"name":"en","url":"http://pokeapi.co/api/v2/language/9/"},"version_group":{"name":"diamond-pearl","url":"http://pokeapi.co/api/v2/version-group/8/"}},{"flavor_text":"Ups BUG moves in a pinch.","language":{"name":"en","url":"http://pokeapi.co/api/v2/language/9/"},"version_group":{"name":"firered-leafgreen","url":"http://pokeapi.co/api/v2/version-group/7/"}},{"flavor_text":"Ups BUG moves in a pinch.","language":{"name":"en","url":"http://pokeapi.co/api/v2/language/9/"},"version_group":{"name":"emerald","url":"http://pokeapi.co/api/v2/version-group/6/"}},{"flavor_text":"Ups BUG moves in a pinch.","language":{"name":"en","url":"http://pokeapi.co/api/v2/language/9/"},"version_group":{"name":"ruby-sapphire","url":"http://pokeapi.co/api/v2/version-group/5/"}}],"pokemon":[{"is_hidden":false,"slot":1,"pokemon":{"name":"beedrill","url":"http://pokeapi.co/api/v2/pokemon/15/"}},{"is_hidden":false,"slot":1,"pokemon":{"name":"scyther","url":"http://pokeapi.co/api/v2/pokemon/123/"}},{"is_hidden":false,"slot":1,"pokemon":{"name":"ledyba","url":"http://pokeapi.co/api/v2/pokemon/165/"}},{"is_hidden":false,"slot":1,"pokemon":{"name":"ledian","url":"http://pokeapi.co/api/v2/pokemon/166/"}},{"is_hidden":false,"slot":1,"pokemon":{"name":"spinarak","url":"http://pokeapi.co/api/v2/pokemon/167/"}},{"is_hidden":false,"slot":1,"pokemon":{"name":"ariados","url":"http://pokeapi.co/api/v2/pokemon/168/"}},{"is_hidden":false,"slot":1,"pokemon":{"name":"scizor","url":"http://pokeapi.co/api/v2/pokemon/212/"}},{"is_hidden":false,"slot":1,"pokemon":{"name":"heracross","url":"http://pokeapi.co/api/v2/pokemon/214/"}},{"is_hidden":false,"slot":1,"pokemon":{"name":"beautifly","url":"http://pokeapi.co/api/v2/pokemon/267/"}},{"is_hidden":false,"slot":2,"pokemon":{"name":"volbeat","url":"http://pokeapi.co/api/v2/pokemon/313/"}},{"is_hidden":false,"slot":1,"pokemon":{"name":"kricketune","url":"http://pokeapi.co/api/v2/pokemon/402/"}},{"is_hidden":false,"slot":1,"pokemon":{"name":"mothim","url":"http://pokeapi.co/api/v2/pokemon/414/"}},{"is_hidden":false,"slot":1,"pokemon":{"name":"sewaddle","url":"http://pokeapi.co/api/v2/pokemon/540/"}},{"is_hidden":false,"slot":1,"pokemon":{"name":"leavanny","url":"http://pokeapi.co/api/v2/pokemon/542/"}},{"is_hidden":false,"slot":2,"pokemon":{"name":"venipede","url":"http://pokeapi.co/api/v2/pokemon/543/"}},{"is_hidden":false,"slot":2,"pokemon":{"name":"whirlipede","url":"http://pokeapi.co/api/v2/pokemon/544/"}},{"is_hidden":false,"slot":2,"pokemon":{"name":"scolipede","url":"http://pokeapi.co/api/v2/pokemon/545/"}},{"is_hidden":false,"slot":1,"pokemon":{"name":"karrablast","url":"http://pokeapi.co/api/v2/pokemon/588/"}},{"is_hidden":false,"slot":1,"pokemon":{"name":"escavalier","url":"http://pokeapi.co/api/v2/pokemon/589/"}},{"is_hidden":true,"slot":3,"pokemon":{"name":"joltik","url":"http://pokeapi.co/api/v2/pokemon/595/"}},{"is_hidden":true,"slot":3,"pokemon":{"name":"galvantula","url":"http://pokeapi.co/api/v2/pokemon/596/"}},{"is_hidden":false,"slot":1,"pokemon":{"name":"durant","url":"http://pokeapi.co/api/v2/pokemon/632/"}},{"is_hidden":true,"slot":3,"pokemon":{"name":"larvesta","url":"http://pokeapi.co/api/v2/pokemon/636/"}},{"is_hidden":true,"slot":3,"pokemon":{"name":"volcarona","url":"http://pokeapi.co/api/v2/pokemon/637/"}}]}