{"id":72,"name":"vital-spirit","is_main_series":true,"generation":{"name":"generation-iii","url":"http://pokeapi.co/api/v2/generation/3/"},"names":[{"name":"Vital Spirit","language":{"name":"en","url":"http://pokeapi.co/api/v2/language/9/"}},{"name":"Spiritovivo","language":{"name":"it","url":"http://pokeapi.co/api/v2/language/8/"}},{"name":"Espíritu Vital","language":{"name":"es","url":"http://pokeapi.co/api/v2/language/7/"}},{"name":"Munterkeit","language":{"name":"de","url":"http://pokeapi.co/api/v2/language/6/"}},{"name":"Esprit Vital","language":{"name":"fr","url":"http://pokeapi.co/api/v2/language/5/"}},{"name":"의기양양","language":{"name":"ko","url":"http://pokeapi.co/api/v2/language/3/"}},{"name":"やるき","language":{"name":"ja","url":"http://pokeapi.co/api/v2/language/1/"}}],"effect_entries":[{"effect":"This Pokémon cannot be asleep.\n\nThis causes rest to fail altogether.  If a Pokémon is asleep and acquires this ability, it will immediately wake up; this includes when regaining a lost ability upon leaving battle.\n\nThis ability functions identically to insomnia in battle.\n\nOverworld: If the lead Pokémon has this ability, higher-levelled Pokémon have their encounter rate increased.","short_effect":"Prevents sleep.","language":{"name":"en","url":"http://pokeapi.co/api/v2/language/9/"}}],"effect_changes":[{"version_group":{"name":"emerald","url":"http://pokeapi.co/api/v2/version-group/6/"},"effect_entries":[{"effect":"Has no overworld effect.","language":{"name":"en","url":"http://pokeapi.co/api/v2/language/9/"}}]}],"flavor_text_entries":[{"flavor_text":"ねむり状態に\nならない。","language":{"name":"ja-kanji","url":"http://pokeapi.co/api/v2/language/11/"},"version_group":{"name":"omega-ruby-alpha-sapphire","url":"http://pokeapi.co/api/v2/version-group/16/"}},{"flavor_text":"Prevents the Pokémon\nfrom falling asleep.","language":{"name":"en","url":"http://pokeapi.co/api/v2/language/9/"},"version_group":{"name":"omega-ruby-alpha-sapphire","url":"http://pokeapi.co/api/v2/version-group/16/"}},{"flavor_text":"Impedisce al Pokémon\ndi addormentarsi.","language":{"name":"it","url":"http://pokeapi.co/api/v2/language/8/"},"version_group":{"name":"omega-ruby-alpha-sapphire","url":"http://pokeapi.co/api/v2/version-group/16/"}},{"flavor_text":"Evita el quedarse dormido.","language":{"name":"es","url":"http://pokeapi.co/api/v2/language/7/"},"version_group":{"name":"omega-ruby-alpha-sapphire","url":"http://pokeapi.co/api/v2/version-group/16/"}},{"flavor_text":"Verhindert Einschlafen.","language":{"name":"de","url":"http://pokeapi.co/api/v2/language/6/"},"version_group":{"name":"omega-ruby-alpha-sapphire","url":"http://pokeapi.co/api/v2/version-group/16/"}},{"flavor_text":"Empêche le Pokémon de\ns’endormir.","language":{"name":"fr","url":"http://pokeapi.co/api/v2/language/5/"},"version_group":{"name":"omega-ruby-alpha-sapphire","url":"http://pokeapi.co/api/v2/version-group/16/"}},{"flavor_text":"잠듦 상태가\n되지 않는다.","language":{"name":"ko","url":"http://pokeapi.co/api/v2/language/3/"},"version_group":{"name":"omega-ruby-alpha-sapphire","url":"http://pokeapi.co/api/v2/version-group/16/"}},{"flavor_text":"ねむり　じょうたいに\nならない。","language":{"name":"ja","url":"http://pokeapi.co/api/v2/language/1/"},"version_group":{"name":"omega-ruby-alpha-sapphire","url":"http://pokeapi.co/api/v2/version-group/16/"}},{"flavor_text":"ねむり状態に\nならない。","language":{"name":"ja-kanji","url":"http://pokeapi.co/api/v2/language/11/"},"version_group":{"name":"x-y","url":"http://pokeapi.co/api/v2/version-group/15/"}},{"flavor_text":"Prevents the Pokémon\nfrom falling asleep.","language":{"name":"en","url":"http://pokeapi.co/api/v2/language/9/"},"version_group":{"name":"x-y","url":"http://pokeapi.co/api/v2/version-group/15/"}},{"flavor_text":"Impedisce al Pokémon\ndi addormentarsi.","language":{"name":"it","url":"http://pokeapi.co/api/v2/language/8/"},"version_group":{"name":"x-y","url":"http://pokeapi.co/api/v2/version-group/15/"}},{"flavor_text":"Evita el quedarse dormido.","language":{"name":"es","url":"http://pokeapi.co/api/v2/language/7/"},"version_group":{"name":"x-y","url":"http://pokeapi.co/api/v2/version-group/15/"}},{"flavor_text":"Verhindert Einschlafen.","language":{"name":"de","url":"http://pokeapi.co/api/v2/language/6/"},"version_group":{"name":"x-y","url":"http://pokeapi.co/api/v2/version-group/15/"}},{"flavor_text":"Empêche le Pokémon de\ns’endormir.","language":{"name":"fr","url":"http://pokeapi.co/api/v2/language/5/"},"version_group":{"name":"x-y","url":"http://pokeapi.co/api/v2/version-group/15/"}},{"flavor_text":"잠듦 상태가\n되지 않는다.","language":{"name":"ko","url":"http://pokeapi.co/api/v2/language/3/"},"version_group":{"name":"x-y","url":"http://pokeapi.co/api/v2/version-group/15/"}},{"flavor_text":"ねむり　じょうたいに\nならない。","language":{"name":"ja","url":"http://pokeapi.co/api/v2/language/1/"},"version_group":{"name":"x-y","url":"http://pokeapi.co/api/v2/version-group/15/"}},{"flavor_text":"Prevents the Pokémon\nfrom falling asleep.","language":{"name":"en","url":"http://pokeapi.co/api/v2/language/9/"},"version_group":{"name":"black-2-white-2","url":"http://pokeapi.co/api/v2/version-group/14/"}},{"flavor_text":"Prevents the Pokémon\nfrom falling asleep.","language":{"name":"en","url":"http://pokeapi.co/api/v2/language/9/"},"version_group":{"name":"black-white","url":"http://pokeapi.co/api/v2/version-group/11/"}},{"flavor_text":"Empêche le Pokémon de\ns’endormir.","language":{"name":"fr","url":"http://pokeapi.co/api/v2/language/5/"},"version_group":{"name":"black-white","url":"http://pokeapi.co/api/v2/version-group/11/"}},{"flavor_text":"Prevents the Pokémon\nfrom falling asleep.","language":{"name":"en","url":"http://pokeapi.co/api/v2/language/9/"},"version_group":{"name":"heartgold-soulsilver","url":"http://pokeapi.co/api/v2/version-group/10/"}},{"flavor_text":"Prevents the Pokémon\nfrom falling asleep.","language":{"name":"en","url":"http://pokeapi.co/api/v2/language/9/"},"version_group":{"name":"platinum","url":"http://pokeapi.co/api/v2/version-group/9/"}},{"flavor_text":"Prevents the Pokémon\nfrom falling asleep.","language":{"name":"en","url":"http://pokeapi.co/api/v2/language/9/"},"version_group":{"name":"diamond-pearl","url":"http://pokeapi.co/api/v2/version-group/8/"}},{"flavor_text":"Prevents sleep.","language":{"name":"en","url":"http://pokeapi.co/api/v2/language/9/"},"version_group":{"name":"firered-leafgreen","url":"http://pokeapi.co/api/v2/version-group/7/"}},{"flavor_text":"Prevents sleep.","language":{"name":"en","url":"http://pokeapi.co/api/v2/language/9/"},"version_group":{"name":"emerald","url":"http://pokeapi.co/api/v2/version-group/6/"}},{"flavor_text":"Prevents sleep.","language":{"name":"en","url":"http://pokeapi.co/api/v2/language/9/"},"version_group":{"name":"ruby-sapphire","url":"http://pokeapi.co/api/v2/version-group/5/"}}],"pokemon":[{"is_hidden":false,"slot":1,"pokemon":{"name":"mankey","url":"http://pokeapi.co/api/v2/pokemon/56/"}},{"is_hidden":false,"slot":1,"pokemon":{"name":"primeape","url":"http://pokeapi.co/api/v2/pokemon/57/"}},{"is_hidden":true,"slot":3,"pokemon":{"name":"electabuzz","url":"http://pokeapi.co/api/v2/pokemon/125/"}},{"is_hidden":true,"slot":3,"pokemon":{"name":"magmar","url":"http://pokeapi.co/api/v2/pokemon/126/"}},{"is_hidden":false,"slot":1,"pokemon":{"name":"delibird","url":"http://pokeapi.co/api/v2/pokemon/225/"}},{"is_hidden":true,"slot":3,"pokemon":{"name":"tyrogue","url":"http://pokeapi.co/api/v2/pokemon/236/"}},{"is_hidden":true,"slot":3,"pokemon":{"name":"elekid","url":"http://pokeapi.co/api/v2/pokemon/239/"}},{"is_hidden":true,"slot":3,"pokemon":{"name":"magby","url":"http://pokeapi.co/api/v2/pokemon/240/"}},{"is_hidden":false,"slot":1,"pokemon":{"name":"vigoroth","url":"http://pokeapi.co/api/v2/pokemon/288/"}},{"is_hidden":true,"slot":3,"pokemon":{"name":"electivire","url":"http://pokeapi.co/api/v2/pokemon/466/"}},{"is_hidden":true,"slot":3,"pokemon":{"name":"magmortar","url":"http://pokeapi.co/api/v2/pokemon/467/"}},{"is_hidden":false,"slot":1,"pokemon":{"name":"lillipup","url":"http://pokeapi.co/api/v2/pokemon/506/"}}]}