{"id":181,"name":"tough-claws","is_main_series":true,"generation":{"name":"generation-vi","url":"http://pokeapi.co/api/v2/generation/6/"},"names":[{"name":"Tough Claws","language":{"name":"en","url":"http://pokeapi.co/api/v2/language/9/"}},{"name":"Unghiedure","language":{"name":"it","url":"http://pokeapi.co/api/v2/language/8/"}},{"name":"Garra Dura","language":{"name":"es","url":"http://pokeapi.co/api/v2/language/7/"}},{"name":"Krallenwucht","language":{"name":"de","url":"http://pokeapi.co/api/v2/language/6/"}},{"name":"Griffe Dure","language":{"name":"fr","url":"http://pokeapi.co/api/v2/language/5/"}},{"name":"단단한발톱","language":{"name":"ko","url":"http://pokeapi.co/api/v2/language/3/"}},{"name":"かたいツメ","language":{"name":"ja","url":"http://pokeapi.co/api/v2/language/1/"}}],"effect_entries":[{"effect":"Strengthens moves that make contact to 1.33× their power.","short_effect":"Strengthens moves that make contact to 1.33× their power.","language":{"name":"en","url":"http://pokeapi.co/api/v2/language/9/"}}],"effect_changes":[],"flavor_text_entries":[{"flavor_text":"接触する　技の\n威力が　あがる。","language":{"name":"ja-kanji","url":"http://pokeapi.co/api/v2/language/11/"},"version_group":{"name":"omega-ruby-alpha-sapphire","url":"http://pokeapi.co/api/v2/version-group/16/"}},{"flavor_text":"Powers up moves that\nmake direct contact.","language":{"name":"en","url":"http://pokeapi.co/api/v2/language/9/"},"version_group":{"name":"omega-ruby-alpha-sapphire","url":"http://pokeapi.co/api/v2/version-group/16/"}},{"flavor_text":"Potenzia le mosse che causano\nun contatto fisico.","language":{"name":"it","url":"http://pokeapi.co/api/v2/language/8/"},"version_group":{"name":"omega-ruby-alpha-sapphire","url":"http://pokeapi.co/api/v2/version-group/16/"}},{"flavor_text":"Aumenta la potencia de los\nmovimientos de contacto directo.","language":{"name":"es","url":"http://pokeapi.co/api/v2/language/7/"},"version_group":{"name":"omega-ruby-alpha-sapphire","url":"http://pokeapi.co/api/v2/version-group/16/"}},{"flavor_text":"Erhöht die Stärke von direkten\nAngriffen.","language":{"name":"de","url":"http://pokeapi.co/api/v2/language/6/"},"version_group":{"name":"omega-ruby-alpha-sapphire","url":"http://pokeapi.co/api/v2/version-group/16/"}},{"flavor_text":"Augmente la puissance des\nattaques directes.","language":{"name":"fr","url":"http://pokeapi.co/api/v2/language/5/"},"version_group":{"name":"omega-ruby-alpha-sapphire","url":"http://pokeapi.co/api/v2/version-group/16/"}},{"flavor_text":"접촉하는 기술의\n위력이 올라간다.","language":{"name":"ko","url":"http://pokeapi.co/api/v2/language/3/"},"version_group":{"name":"omega-ruby-alpha-sapphire","url":"http://pokeapi.co/api/v2/version-group/16/"}},{"flavor_text":"せっしょくする　わざの\nいりょくが　あがる。","language":{"name":"ja","url":"http://pokeapi.co/api/v2/language/1/"},"version_group":{"name":"omega-ruby-alpha-sapphire","url":"http://pokeapi.co/api/v2/version-group/16/"}},{"flavor_text":"接触する　技の\n威力が　あがる。","language":{"name":"ja-kanji","url":"http://pokeapi.co/api/v2/language/11/"},"version_group":{"name":"x-y","url":"http://pokeapi.co/api/v2/version-group/15/"}},{"flavor_text":"Powers up moves that\nmake direct contact.","language":{"name":"en","url":"http://pokeapi.co/api/v2/language/9/"},"version_group":{"name":"x-y","url":"http://pokeapi.co/api/v2/version-group/15/"}},{"flavor_text":"Potenzia le mosse che causano\nun contatto fisico.","language":{"name":"it","url":"http://pokeapi.co/api/v2/language/8/"},"version_group":{"name":"x-y","url":"http://pokeapi.co/api/v2/version-group/15/"}},{"flavor_text":"Aumenta la potencia de los\nmovimientos de contacto directo.","language":{"name":"es","url":"http://pokeapi.co/api/v2/language/7/"},"version_group":{"name":"x-y","url":"http://pokeapi.co/api/v2/version-group/15/"}},{"flavor_text":"Erhöht die Stärke von direkten\nAngriffen.","language":{"name":"de","url":"http://pokeapi.co/api/v2/language/6/"},"version_group":{"name":"x-y","url":"http://pokeapi.co/api/v2/version-group/15/"}},{"flavor_text":"Augmente la puissance des\nattaques directes.","language":{"name":"fr","url":"http://pokeapi.co/api/v2/language/5/"},"version_group":{"name":"x-y","url":"http://pokeapi.co/api/v2/version-group/15/"}},{"flavor_text":"접촉하는 기술의\n위력이 올라간다.","language":{"name":"ko","url":"http://pokeapi.co/api/v2/language/3/"},"version_group":{"name":"x-y","url":"http://pokeapi.co/api/v2/version-group/15/"}},{"flavor_text":"せっしょくする　わざの\nいりょくが　あがる。","language":{"name":"ja","url":"http://pokeapi.co/api/v2/language/1/"},"version_group":{"name":"x-y","url":"http://pokeapi.co/api/v2/version-group/15/"}}],"pokemon":[{"is_hidden":false,"slot":1,"pokemon":{"name":"binacle","url":"http://pokeapi.co/api/v2/pokemon/688/"}},{"is_hidden":false,"slot":1,"pokemon":{"name":"barbaracle","url":"http://pokeapi.co/api/v2/pokemon/689/"}},{"is_hidden":false,"slot":1,"pokemon":{"name":"charizard-mega-x","url":"http://pokeapi.co/api/v2/pokemon/10034/"}},{"is_hidden":false,"slot":1,"pokemon":{"name":"aerodactyl-mega","url":"http://pokeapi.co/api/v2/pokemon/10042/"}},{"is_hidden":false,"slot":1,"pokemon":{"name":"metagross-mega","url":"http://pokeapi.co/api/v2/pokemon/10076/"}}]}