{"id":92,"name":"skill-link","is_main_series":true,"generation":{"name":"generation-iv","url":"http://pokeapi.co/api/v2/generation/4/"},"names":[{"name":"Skill Link","language":{"name":"en","url":"http://pokeapi.co/api/v2/language/9/"}},{"name":"Abillegame","language":{"name":"it","url":"http://pokeapi.co/api/v2/language/8/"}},{"name":"Encadenado","language":{"name":"es","url":"http://pokeapi.co/api/v2/language/7/"}},{"name":"Wertelink","language":{"name":"de","url":"http://pokeapi.co/api/v2/language/6/"}},{"name":"Multi-Coups","language":{"name":"fr","url":"http://pokeapi.co/api/v2/language/5/"}},{"name":"스킬링크","language":{"name":"ko","url":"http://pokeapi.co/api/v2/language/3/"}},{"name":"スキルリンク","language":{"name":"ja","url":"http://pokeapi.co/api/v2/language/1/"}}],"effect_entries":[{"effect":"This Pokémon always hits five times with two-to-five-hit moves, such as icicle spear.  It also bypasses the accuracy checks on triple kick's second and third hits.","short_effect":"Extends two-to-five-hit moves and triple kick to their full length every time.","language":{"name":"en","url":"http://pokeapi.co/api/v2/language/9/"}}],"effect_changes":[{"version_group":{"name":"black-white","url":"http://pokeapi.co/api/v2/version-group/11/"},"effect_entries":[{"effect":"triple kick is unaffected.","language":{"name":"en","url":"http://pokeapi.co/api/v2/language/9/"}}]}],"flavor_text_entries":[{"flavor_text":"連続技を\nたくさん　だせる。","language":{"name":"ja-kanji","url":"http://pokeapi.co/api/v2/language/11/"},"version_group":{"name":"omega-ruby-alpha-sapphire","url":"http://pokeapi.co/api/v2/version-group/16/"}},{"flavor_text":"Increases the number of times\nmulti-strike moves hit.","language":{"name":"en","url":"http://pokeapi.co/api/v2/language/9/"},"version_group":{"name":"omega-ruby-alpha-sapphire","url":"http://pokeapi.co/api/v2/version-group/16/"}},{"flavor_text":"Aumenta la frequenza di mosse\nmulticolpo.","language":{"name":"it","url":"http://pokeapi.co/api/v2/language/8/"},"version_group":{"name":"omega-ruby-alpha-sapphire","url":"http://pokeapi.co/api/v2/version-group/16/"}},{"flavor_text":"Aumenta la frecuencia de\nlos movimientos múltiples.","language":{"name":"es","url":"http://pokeapi.co/api/v2/language/7/"},"version_group":{"name":"omega-ruby-alpha-sapphire","url":"http://pokeapi.co/api/v2/version-group/16/"}},{"flavor_text":"Ermöglicht längere Trefferserien\nmit Serien-Attacken.","language":{"name":"de","url":"http://pokeapi.co/api/v2/language/6/"},"version_group":{"name":"omega-ruby-alpha-sapphire","url":"http://pokeapi.co/api/v2/version-group/16/"}},{"flavor_text":"Augmente la fréquence des\nattaques multiples.","language":{"name":"fr","url":"http://pokeapi.co/api/v2/language/5/"},"version_group":{"name":"omega-ruby-alpha-sapphire","url":"http://pokeapi.co/api/v2/version-group/16/"}},{"flavor_text":"연속 기술을\n많이 쓸 수 있다.","language":{"name":"ko","url":"http://pokeapi.co/api/v2/language/3/"},"version_group":{"name":"omega-ruby-alpha-sapphire","url":"http://pokeapi.co/api/v2/version-group/16/"}},{"flavor_text":"れんぞく　わざを\nたくさん　だせる。","language":{"name":"ja","url":"http://pokeapi.co/api/v2/language/1/"},"version_group":{"name":"omega-ruby-alpha-sapphire","url":"http://pokeapi.co/api/v2/version-group/16/"}},{"flavor_text":"連続技を\nたくさん　だせる。","language":{"name":"ja-kanji","url":"http://pokeapi.co/api/v2/language/11/"},"version_group":{"name":"x-y","url":"http://pokeapi.co/api/v2/version-group/15/"}},{"flavor_text":"Increases the number of times\nmulti-strike moves hit.","language":{"name":"en","url":"http://pokeapi.co/api/v2/language/9/"},"version_group":{"name":"x-y","url":"http://pokeapi.co/api/v2/version-group/15/"}},{"flavor_text":"Aumenta la frequenza di mosse\nmulticolpo.","language":{"name":"it","url":"http://pokeapi.co/api/v2/language/8/"},"version_group":{"name":"x-y","url":"http://pokeapi.co/api/v2/version-group/15/"}},{"flavor_text":"Aumenta la frecuencia de\nlos movimientos múltiples.","language":{"name":"es","url":"http://pokeapi.co/api/v2/language/7/"},"version_group":{"name":"x-y","url":"http://pokeapi.co/api/v2/version-group/15/"}},{"flavor_text":"Ermöglicht längere Trefferserien\nmit Serien-Attacken.","language":{"name":"de","url":"http://pokeapi.co/api/v2/language/6/"},"version_group":{"name":"x-y","url":"http://pokeapi.co/api/v2/version-group/15/"}},{"flavor_text":"Augmente la fréquence des\nattaques multiples.","language":{"name":"fr","url":"http://pokeapi.co/api/v2/language/5/"},"version_group":{"name":"x-y","url":"http://pokeapi.co/api/v2/version-group/15/"}},{"flavor_text":"연속 기술을\n많이 쓸 수 있다.","language":{"name":"ko","url":"http://pokeapi.co/api/v2/language/3/"},"version_group":{"name":"x-y","url":"http://pokeapi.co/api/v2/version-group/15/"}},{"flavor_text":"れんぞく　わざを\nたくさん　だせる。","language":{"name":"ja","url":"http://pokeapi.co/api/v2/language/1/"},"version_group":{"name":"x-y","url":"http://pokeapi.co/api/v2/version-group/15/"}},{"flavor_text":"Increases the frequency\nof multi-strike moves.","language":{"name":"en","url":"http://pokeapi.co/api/v2/language/9/"},"version_group":{"name":"black-2-white-2","url":"http://pokeapi.co/api/v2/version-group/14/"}},{"flavor_text":"Increases the frequency\nof multi-strike moves.","language":{"name":"en","url":"http://pokeapi.co/api/v2/language/9/"},"version_group":{"name":"black-white","url":"http://pokeapi.co/api/v2/version-group/11/"}},{"flavor_text":"Augmente la fréquence des\nattaques multiples.","language":{"name":"fr","url":"http://pokeapi.co/api/v2/language/5/"},"version_group":{"name":"black-white","url":"http://pokeapi.co/api/v2/version-group/11/"}},{"flavor_text":"Increases the frequency\nof multi-strike moves.","language":{"name":"en","url":"http://pokeapi.co/api/v2/language/9/"},"version_group":{"name":"heartgold-soulsilver","url":"http://pokeapi.co/api/v2/version-group/10/"}},{"flavor_text":"Increases the frequency\nof multi-strike moves.","language":{"name":"en","url":"http://pokeapi.co/api/v2/language/9/"},"version_group":{"name":"platinum","url":"http://pokeapi.co/api/v2/version-group/9/"}},{"flavor_text":"Increases the frequency\nof multi-strike moves.","language":{"name":"en","url":"http://pokeapi.co/api/v2/language/9/"},"version_group":{"name":"diamond-pearl","url":"http://pokeapi.co/api/v2/version-group/8/"}}],"pokemon":[{"is_hidden":false,"slot":2,"pokemon":{"name":"shellder","url":"http://pokeapi.co/api/v2/pokemon/90/"}},{"is_hidden":false,"slot":2,"pokemon":{"name":"cloyster","url":"http://pokeapi.co/api/v2/pokemon/91/"}},{"is_hidden":true,"slot":3,"pokemon":{"name":"aipom","url":"http://pokeapi.co/api/v2/pokemon/190/"}},{"is_hidden":true,"slot":3,"pokemon":{"name":"ambipom","url":"http://pokeapi.co/api/v2/pokemon/424/"}},{"is_hidden":true,"slot":3,"pokemon":{"name":"minccino","url":"http://pokeapi.co/api/v2/pokemon/572/"}},{"is_hidden":true,"slot":3,"pokemon":{"name":"cinccino","url":"http://pokeapi.co/api/v2/pokemon/573/"}},{"is_hidden":false,"slot":1,"pokemon":{"name":"heracross-mega","url":"http://pokeapi.co/api/v2/pokemon/10047/"}}]}