{"id":184,"name":"aerilate","is_main_series":true,"generation":{"name":"generation-vi","url":"http://pokeapi.co/api/v2/generation/6/"},"names":[{"name":"Aerilate","language":{"name":"en","url":"http://pokeapi.co/api/v2/language/9/"}},{"name":"Pellecielo","language":{"name":"it","url":"http://pokeapi.co/api/v2/language/8/"}},{"name":"Piel Celeste","language":{"name":"es","url":"http://pokeapi.co/api/v2/language/7/"}},{"name":"Zenithaut","language":{"name":"de","url":"http://pokeapi.co/api/v2/language/6/"}},{"name":"Peau Céleste","language":{"name":"fr","url":"http://pokeapi.co/api/v2/language/5/"}},{"name":"스카이스킨","language":{"name":"ko","url":"http://pokeapi.co/api/v2/language/3/"}},{"name":"スカイスキン","language":{"name":"ja","url":"http://pokeapi.co/api/v2/language/1/"}}],"effect_entries":[{"effect":"Turns the bearer's normal-type moves into flying-type moves.  Moves changed by this ability have 1.3× their power.","short_effect":"Turns the bearer's normal moves into flying moves and strengthens them to 1.3× their power.","language":{"name":"en","url":"http://pokeapi.co/api/v2/language/9/"}}],"effect_changes":[],"flavor_text_entries":[{"flavor_text":"ノーマルタイプの　技が\nひこうタイプになる。","language":{"name":"ja-kanji","url":"http://pokeapi.co/api/v2/language/11/"},"version_group":{"name":"omega-ruby-alpha-sapphire","url":"http://pokeapi.co/api/v2/version-group/16/"}},{"flavor_text":"Normal-type moves become\nFlying-type moves.","language":{"name":"en","url":"http://pokeapi.co/api/v2/language/9/"},"version_group":{"name":"omega-ruby-alpha-sapphire","url":"http://pokeapi.co/api/v2/version-group/16/"}},{"flavor_text":"Le mosse di tipo Normale\ndiventano di tipo Volante.","language":{"name":"it","url":"http://pokeapi.co/api/v2/language/8/"},"version_group":{"name":"omega-ruby-alpha-sapphire","url":"http://pokeapi.co/api/v2/version-group/16/"}},{"flavor_text":"Convierte movimientos de tipo\nNormal en tipo Volador.","language":{"name":"es","url":"http://pokeapi.co/api/v2/language/7/"},"version_group":{"name":"omega-ruby-alpha-sapphire","url":"http://pokeapi.co/api/v2/version-group/16/"}},{"flavor_text":"Attacken vom Typ Normal\nnehmen den Typ Flug an.","language":{"name":"de","url":"http://pokeapi.co/api/v2/language/6/"},"version_group":{"name":"omega-ruby-alpha-sapphire","url":"http://pokeapi.co/api/v2/version-group/16/"}},{"flavor_text":"Les capacités de type Normal\ndeviennent de type Vol.","language":{"name":"fr","url":"http://pokeapi.co/api/v2/language/5/"},"version_group":{"name":"omega-ruby-alpha-sapphire","url":"http://pokeapi.co/api/v2/version-group/16/"}},{"flavor_text":"노말타입의 기술이\n비행타입이 된다.","language":{"name":"ko","url":"http://pokeapi.co/api/v2/language/3/"},"version_group":{"name":"omega-ruby-alpha-sapphire","url":"http://pokeapi.co/api/v2/version-group/16/"}},{"flavor_text":"ノーマルタイプの　わざが\nひこうタイプになる。","language":{"name":"ja","url":"http://pokeapi.co/api/v2/language/1/"},"version_group":{"name":"omega-ruby-alpha-sapphire","url":"http://pokeapi.co/api/v2/version-group/16/"}},{"flavor_text":"ノーマルタイプの　技が\nひこうタイプになる。","language":{"name":"ja-kanji","url":"http://pokeapi.co/api/v2/language/11/"},"version_group":{"name":"x-y","url":"http://pokeapi.co/api/v2/version-group/15/"}},{"flavor_text":"Normal-type moves become\nFlying-type moves.","language":{"name":"en","url":"http://pokeapi.co/api/v2/language/9/"},"version_group":{"name":"x-y","url":"http://pokeapi.co/api/v2/version-group/15/"}},{"flavor_text":"Le mosse di tipo Normale\ndiventano di tipo Volante.","language":{"name":"it","url":"http://pokeapi.co/api/v2/language/8/"},"version_group":{"name":"x-y","url":"http://pokeapi.co/api/v2/version-group/15/"}},{"flavor_text":"Convierte movimientos de tipo\nNormal en tipo Volador.","language":{"name":"es","url":"http://pokeapi.co/api/v2/language/7/"},"version_group":{"name":"x-y","url":"http://pokeapi.co/api/v2/version-group/15/"}},{"flavor_text":"Attacken vom Typ Normal\nnehmen den Typ Flug an.","language":{"name":"de","url":"http://pokeapi.co/api/v2/language/6/"},"version_group":{"name":"x-y","url":"http://pokeapi.co/api/v2/version-group/15/"}},{"flavor_text":"Les capacités de type Normal\ndeviennent de type Vol.","language":{"name":"fr","url":"http://pokeapi.co/api/v2/language/5/"},"version_group":{"name":"x-y","url":"http://pokeapi.co/api/v2/version-group/15/"}},{"flavor_text":"노말타입의 기술이\n비행타입이 된다.","language":{"name":"ko","url":"http://pokeapi.co/api/v2/language/3/"},"version_group":{"name":"x-y","url":"http://pokeapi.co/api/v2/version-group/15/"}},{"flavor_text":"ノーマルタイプの　わざが\nひこうタイプになる。","language":{"name":"ja","url":"http://pokeapi.co/api/v2/language/1/"},"version_group":{"name":"x-y","url":"http://pokeapi.co/api/v2/version-group/15/"}}],"pokemon":[{"is_hidden":false,"slot":1,"pokemon":{"name":"pinsir-mega","url":"http://pokeapi.co/api/v2/pokemon/10040/"}},{"is_hidden":false,"slot":1,"pokemon":{"name":"salamence-mega","url":"http://pokeapi.co/api/v2/pokemon/10089/"}}]}