{"id":189,"name":"primordial-sea","is_main_series":true,"generation":{"name":"generation-vi","url":"http://pokeapi.co/api/v2/generation/6/"},"names":[{"name":"Primordial Sea","language":{"name":"en","url":"http://pokeapi.co/api/v2/language/9/"}},{"name":"Mare Primordiale","language":{"name":"it","url":"http://pokeapi.co/api/v2/language/8/"}},{"name":"Mar del Albor","language":{"name":"es","url":"http://pokeapi.co/api/v2/language/7/"}},{"name":"Urmeer","language":{"name":"de","url":"http://pokeapi.co/api/v2/language/6/"}},{"name":"Mer Primaire","language":{"name":"fr","url":"http://pokeapi.co/api/v2/language/5/"}},{"name":"시작의바다","language":{"name":"ko","url":"http://pokeapi.co/api/v2/language/3/"}},{"name":"はじまりのうみ","language":{"name":"ja","url":"http://pokeapi.co/api/v2/language/1/"}}],"effect_entries":[{"effect":"","short_effect":"","language":{"name":"en","url":"http://pokeapi.co/api/v2/language/9/"}}],"effect_changes":[],"flavor_text_entries":[{"flavor_text":"ほのおタイプの　攻撃を\n受けない　天気にする。","language":{"name":"ja-kanji","url":"http://pokeapi.co/api/v2/language/11/"},"version_group":{"name":"omega-ruby-alpha-sapphire","url":"http://pokeapi.co/api/v2/version-group/16/"}},{"flavor_text":"Affects weather and nullifies any\nFire-type attacks.","language":{"name":"en","url":"http://pokeapi.co/api/v2/language/9/"},"version_group":{"name":"omega-ruby-alpha-sapphire","url":"http://pokeapi.co/api/v2/version-group/16/"}},{"flavor_text":"Crea un clima che rende inefficaci  \ngli attacchi di tipo Fuoco.","language":{"name":"it","url":"http://pokeapi.co/api/v2/language/8/"},"version_group":{"name":"omega-ruby-alpha-sapphire","url":"http://pokeapi.co/api/v2/version-group/16/"}},{"flavor_text":"Altera el clima para anular los\nataques de tipo Fuego.","language":{"name":"es","url":"http://pokeapi.co/api/v2/language/7/"},"version_group":{"name":"omega-ruby-alpha-sapphire","url":"http://pokeapi.co/api/v2/version-group/16/"}},{"flavor_text":"Ändert das Wetter. Unterbindet\ndirekte Feuer-Attacken.","language":{"name":"de","url":"http://pokeapi.co/api/v2/language/6/"},"version_group":{"name":"omega-ruby-alpha-sapphire","url":"http://pokeapi.co/api/v2/version-group/16/"}},{"flavor_text":"Altère les conditions météo et\nrend inefficaces les attaques Feu.","language":{"name":"fr","url":"http://pokeapi.co/api/v2/language/5/"},"version_group":{"name":"omega-ruby-alpha-sapphire","url":"http://pokeapi.co/api/v2/version-group/16/"}},{"flavor_text":"불꽃타입의 공격을\n받지 않는 날씨로 만든다.","language":{"name":"ko","url":"http://pokeapi.co/api/v2/language/3/"},"version_group":{"name":"omega-ruby-alpha-sapphire","url":"http://pokeapi.co/api/v2/version-group/16/"}},{"flavor_text":"ほのおタイプの　こうげきを\nうけない　てんきにする。","language":{"name":"ja","url":"http://pokeapi.co/api/v2/language/1/"},"version_group":{"name":"omega-ruby-alpha-sapphire","url":"http://pokeapi.co/api/v2/version-group/16/"}}],"pokemon":[{"is_hidden":false,"slot":1,"pokemon":{"name":"kyogre-primal","url":"http://pokeapi.co/api/v2/pokemon/10077/"}}]}