{"id":131,"name":"healer","is_main_series":true,"generation":{"name":"generation-v","url":"http://pokeapi.co/api/v2/generation/5/"},"names":[{"name":"Healer","language":{"name":"en","url":"http://pokeapi.co/api/v2/language/9/"}},{"name":"Curacuore","language":{"name":"it","url":"http://pokeapi.co/api/v2/language/8/"}},{"name":"Alma Cura","language":{"name":"es","url":"http://pokeapi.co/api/v2/language/7/"}},{"name":"Heilherz","language":{"name":"de","url":"http://pokeapi.co/api/v2/language/6/"}},{"name":"Cœur Soin","language":{"name":"fr","url":"http://pokeapi.co/api/v2/language/5/"}},{"name":"치유의마음","language":{"name":"ko","url":"http://pokeapi.co/api/v2/language/3/"}},{"name":"いやしのこころ","language":{"name":"ja","url":"http://pokeapi.co/api/v2/language/1/"}}],"effect_entries":[{"effect":"Friendly Pokémon next to this Pokémon in double and triple battles each have a 30% chance of being cured of any major status ailment after each turn.","short_effect":"Has a 30% chance of curing each adjacent ally of any major status ailment after each turn.","language":{"name":"en","url":"http://pokeapi.co/api/v2/language/9/"}}],"effect_changes":[],"flavor_text_entries":[{"flavor_text":"状態異常の\n味方を　たまに　治す。","language":{"name":"ja-kanji","url":"http://pokeapi.co/api/v2/language/11/"},"version_group":{"name":"omega-ruby-alpha-sapphire","url":"http://pokeapi.co/api/v2/version-group/16/"}},{"flavor_text":"Sometimes heals an\nally’s status condition.","language":{"name":"en","url":"http://pokeapi.co/api/v2/language/9/"},"version_group":{"name":"omega-ruby-alpha-sapphire","url":"http://pokeapi.co/api/v2/version-group/16/"}},{"flavor_text":"A volte cura i problemi di stato\ndegli alleati.","language":{"name":"it","url":"http://pokeapi.co/api/v2/language/8/"},"version_group":{"name":"omega-ruby-alpha-sapphire","url":"http://pokeapi.co/api/v2/version-group/16/"}},{"flavor_text":"A veces cura los cambios\nde estado de un aliado.","language":{"name":"es","url":"http://pokeapi.co/api/v2/language/7/"},"version_group":{"name":"omega-ruby-alpha-sapphire","url":"http://pokeapi.co/api/v2/version-group/16/"}},{"flavor_text":"Befreit Mitstreiter gelegentlich\nvon Statusproblemen.","language":{"name":"de","url":"http://pokeapi.co/api/v2/language/6/"},"version_group":{"name":"omega-ruby-alpha-sapphire","url":"http://pokeapi.co/api/v2/version-group/16/"}},{"flavor_text":"Guérit parfois le statut des alliés\nalentour.","language":{"name":"fr","url":"http://pokeapi.co/api/v2/language/5/"},"version_group":{"name":"omega-ruby-alpha-sapphire","url":"http://pokeapi.co/api/v2/version-group/16/"}},{"flavor_text":"같은 편의 상태 이상을\n가끔 회복시킨다.","language":{"name":"ko","url":"http://pokeapi.co/api/v2/language/3/"},"version_group":{"name":"omega-ruby-alpha-sapphire","url":"http://pokeapi.co/api/v2/version-group/16/"}},{"flavor_text":"じょうたい　いじょうの\n かたを　たまに　なおす。","language":{"name":"ja","url":"http://pokeapi.co/api/v2/language/1/"},"version_group":{"name":"omega-ruby-alpha-sapphire","url":"http://pokeapi.co/api/v2/version-group/16/"}},{"flavor_text":"状態異常の\n味方を　たまに　治す。","language":{"name":"ja-kanji","url":"http://pokeapi.co/api/v2/language/11/"},"version_group":{"name":"x-y","url":"http://pokeapi.co/api/v2/version-group/15/"}},{"flavor_text":"Sometimes heals an\nally’s status condition.","language":{"name":"en","url":"http://pokeapi.co/api/v2/language/9/"},"version_group":{"name":"x-y","url":"http://pokeapi.co/api/v2/version-group/15/"}},{"flavor_text":"A volte cura i problemi di stato\ndegli alleati.","language":{"name":"it","url":"http://pokeapi.co/api/v2/language/8/"},"version_group":{"name":"x-y","url":"http://pokeapi.co/api/v2/version-group/15/"}},{"flavor_text":"A veces cura los cambios\nde estado de un aliado.","language":{"name":"es","url":"http://pokeapi.co/api/v2/language/7/"},"version_group":{"name":"x-y","url":"http://pokeapi.co/api/v2/version-group/15/"}},{"flavor_text":"Befreit Mitstreiter gelegentlich\nvon Statusproblemen.","language":{"name":"de","url":"http://pokeapi.co/api/v2/language/6/"},"version_group":{"name":"x-y","url":"http://pokeapi.co/api/v2/version-group/15/"}},{"flavor_text":"Guérit parfois le statut des alliés\nalentour.","language":{"name":"fr","url":"http://pokeapi.co/api/v2/language/5/"},"version_group":{"name":"x-y","url":"http://pokeapi.co/api/v2/version-group/15/"}},{"flavor_text":"같은 편의 상태 이상을\n가끔 회복시킨다.","language":{"name":"ko","url":"http://pokeapi.co/api/v2/language/3/"},"version_group":{"name":"x-y","url":"http://pokeapi.co/api/v2/version-group/15/"}},{"flavor_text":"じょうたい　いじょうの\nみかたを　たまに　なおす。","language":{"name":"ja","url":"http://pokeapi.co/api/v2/language/1/"},"version_group":{"name":"x-y","url":"http://pokeapi.co/api/v2/version-group/15/"}},{"flavor_text":"May heal an ally’s status\nconditions.","language":{"name":"en","url":"http://pokeapi.co/api/v2/language/9/"},"version_group":{"name":"black-2-white-2","url":"http://pokeapi.co/api/v2/version-group/14/"}},{"flavor_text":"May heal an ally’s status\nconditions.","language":{"name":"en","url":"http://pokeapi.co/api/v2/language/9/"},"version_group":{"name":"black-white","url":"http://pokeapi.co/api/v2/version-group/11/"}},{"flavor_text":"Guérit parfois le statut\ndes alliés alentour.","language":{"name":"fr","url":"http://pokeapi.co/api/v2/language/5/"},"version_group":{"name":"black-white","url":"http://pokeapi.co/api/v2/version-group/11/"}}],"pokemon":[{"is_hidden":true,"slot":3,"pokemon":{"name":"chansey","url":"http://pokeapi.co/api/v2/pokemon/113/"}},{"is_hidden":true,"slot":3,"pokemon":{"name":"bellossom","url":"http://pokeapi.co/api/v2/pokemon/182/"}},{"is_hidden":true,"slot":3,"pokemon":{"name":"blissey","url":"http://pokeapi.co/api/v2/pokemon/242/"}},{"is_hidden":false,"slot":1,"pokemon":{"name":"audino","url":"http://pokeapi.co/api/v2/pokemon/531/"}},{"is_hidden":false,"slot":1,"pokemon":{"name":"alomomola","url":"http://pokeapi.co/api/v2/pokemon/594/"}},{"is_hidden":false,"slot":1,"pokemon":{"name":"spritzee","url":"http://pokeapi.co/api/v2/pokemon/682/"}},{"is_hidden":false,"slot":1,"pokemon":{"name":"aromatisse","url":"http://pokeapi.co/api/v2/pokemon/683/"}},{"is_hidden":false,"slot":1,"pokemon":{"name":"audino-mega","url":"http://pokeapi.co/api/v2/pokemon/10069/"}}]}