{"id":108,"name":"forewarn","is_main_series":true,"generation":{"name":"generation-iv","url":"http://pokeapi.co/api/v2/generation/4/"},"names":[{"name":"Forewarn","language":{"name":"en","url":"http://pokeapi.co/api/v2/language/9/"}},{"name":"Premonizione","language":{"name":"it","url":"http://pokeapi.co/api/v2/language/8/"}},{"name":"Alerta","language":{"name":"es","url":"http://pokeapi.co/api/v2/language/7/"}},{"name":"Vorwarnung","language":{"name":"de","url":"http://pokeapi.co/api/v2/language/6/"}},{"name":"Prédiction","language":{"name":"fr","url":"http://pokeapi.co/api/v2/language/5/"}},{"name":"예지몽","language":{"name":"ko","url":"http://pokeapi.co/api/v2/language/3/"}},{"name":"よちむ","language":{"name":"ja","url":"http://pokeapi.co/api/v2/language/1/"}}],"effect_entries":[{"effect":"When this Pokémon enters battle, it reveals the move with the highest base power known by any opposing Pokémon to all participating trainers.\n\nIn the event of a tie, one is chosen at random.\n\nMoves without a listed base power are assigned one as follows:\n\nPower | Moves\n----: | -----\n  160 | One-hit KO moves: fissure, guillotine, horn drill, and sheer cold\n  120 | Counter moves: counter, metal burst, and mirror coat\n   80 | Variable power or set damage: crush grip, dragon rage, electro ball, endeavor, final gambit, flail, frustration, grass knot, gyro ball, heat crash, heavy slam, hidden power, low kick, natural gift, night shade, psywave, return, reversal, seismic toss, sonic boom, trump card, and wring out\n    0 | Any such move not listed\n","short_effect":"Reveals the opponents' strongest move upon entering battle.","language":{"name":"en","url":"http://pokeapi.co/api/v2/language/9/"}}],"effect_changes":[],"flavor_text_entries":[{"flavor_text":"相手の　持つ　技を\n読 取ることが　できる。","language":{"name":"ja-kanji","url":"http://pokeapi.co/api/v2/language/11/"},"version_group":{"name":"omega-ruby-alpha-sapphire","url":"http://pokeapi.co/api/v2/version-group/16/"}},{"flavor_text":"Determines what moves\nan opposing Pokémon has.","language":{"name":"en","url":"http://pokeapi.co/api/v2/language/9/"},"version_group":{"name":"omega-ruby-alpha-sapphire","url":"http://pokeapi.co/api/v2/version-group/16/"}},{"flavor_text":"Scopre la mossa più potente\ndel nemico.","language":{"name":"it","url":"http://pokeapi.co/api/v2/language/8/"},"version_group":{"name":"omega-ruby-alpha-sapphire","url":"http://pokeapi.co/api/v2/version-group/16/"}},{"flavor_text":"Determina el movimiento más\npotente del rival.","language":{"name":"es","url":"http://pokeapi.co/api/v2/language/7/"},"version_group":{"name":"omega-ruby-alpha-sapphire","url":"http://pokeapi.co/api/v2/version-group/16/"}},{"flavor_text":"Gibt Auskunft über das Attacken-\nRepertoire des Gegners.","language":{"name":"de","url":"http://pokeapi.co/api/v2/language/6/"},"version_group":{"name":"omega-ruby-alpha-sapphire","url":"http://pokeapi.co/api/v2/version-group/16/"}},{"flavor_text":"Découvre la capacité ennemie la\nplus puissante.","language":{"name":"fr","url":"http://pokeapi.co/api/v2/language/5/"},"version_group":{"name":"omega-ruby-alpha-sapphire","url":"http://pokeapi.co/api/v2/version-group/16/"}},{"flavor_text":"상대가 지닌 기술을\n꿰뚫어볼 수 있다.","language":{"name":"ko","url":"http://pokeapi.co/api/v2/language/3/"},"version_group":{"name":"omega-ruby-alpha-sapphire","url":"http://pokeapi.co/api/v2/version-group/16/"}},{"flavor_text":"あいての　もつ　わざを\nよ とることが　できる。","language":{"name":"ja","url":"http://pokeapi.co/api/v2/language/1/"},"version_group":{"name":"omega-ruby-alpha-sapphire","url":"http://pokeapi.co/api/v2/version-group/16/"}},{"flavor_text":"相手の　持つ　技を\n読み取ることが　できる。","language":{"name":"ja-kanji","url":"http://pokeapi.co/api/v2/language/11/"},"version_group":{"name":"x-y","url":"http://pokeapi.co/api/v2/version-group/15/"}},{"flavor_text":"Determines what moves\nan opposing Pokémon has.","language":{"name":"en","url":"http://pokeapi.co/api/v2/language/9/"},"version_group":{"name":"x-y","url":"http://pokeapi.co/api/v2/version-group/15/"}},{"flavor_text":"Scopre la mossa più potente\ndel nemico.","language":{"name":"it","url":"http://pokeapi.co/api/v2/language/8/"},"version_group":{"name":"x-y","url":"http://pokeapi.co/api/v2/version-group/15/"}},{"flavor_text":"Determina el movimiento más\npotente del rival.","language":{"name":"es","url":"http://pokeapi.co/api/v2/language/7/"},"version_group":{"name":"x-y","url":"http://pokeapi.co/api/v2/version-group/15/"}},{"flavor_text":"Gibt Auskunft über das Attacken-\nRepertoire des Gegners.","language":{"name":"de","url":"http://pokeapi.co/api/v2/language/6/"},"version_group":{"name":"x-y","url":"http://pokeapi.co/api/v2/version-group/15/"}},{"flavor_text":"Découvre la capacité ennemie la\nplus puissante.","language":{"name":"fr","url":"http://pokeapi.co/api/v2/language/5/"},"version_group":{"name":"x-y","url":"http://pokeapi.co/api/v2/version-group/15/"}},{"flavor_text":"상대가 지닌 기술을\n꿰뚫어볼 수 있다.","language":{"name":"ko","url":"http://pokeapi.co/api/v2/language/3/"},"version_group":{"name":"x-y","url":"http://pokeapi.co/api/v2/version-group/15/"}},{"flavor_text":"あいての　もつ　わざを\nよみとることが　できる。","language":{"name":"ja","url":"http://pokeapi.co/api/v2/language/1/"},"version_group":{"name":"x-y","url":"http://pokeapi.co/api/v2/version-group/15/"}},{"flavor_text":"Determines what moves\na foe has.","language":{"name":"en","url":"http://pokeapi.co/api/v2/language/9/"},"version_group":{"name":"black-2-white-2","url":"http://pokeapi.co/api/v2/version-group/14/"}},{"flavor_text":"Determines what moves\na foe has.","language":{"name":"en","url":"http://pokeapi.co/api/v2/language/9/"},"version_group":{"name":"black-white","url":"http://pokeapi.co/api/v2/version-group/11/"}},{"flavor_text":"Découvre la capacité\nennemie la plus puissante.","language":{"name":"fr","url":"http://pokeapi.co/api/v2/language/5/"},"version_group":{"name":"black-white","url":"http://pokeapi.co/api/v2/version-group/11/"}},{"flavor_text":"Determines what moves\nthe foe has.","language":{"name":"en","url":"http://pokeapi.co/api/v2/language/9/"},"version_group":{"name":"heartgold-soulsilver","url":"http://pokeapi.co/api/v2/version-group/10/"}},{"flavor_text":"Determines what moves\nthe foe has.","language":{"name":"en","url":"http://pokeapi.co/api/v2/language/9/"},"version_group":{"name":"platinum","url":"http://pokeapi.co/api/v2/version-group/9/"}},{"flavor_text":"Determines what moves\nthe foe has.","language":{"name":"en","url":"http://pokeapi.co/api/v2/language/9/"},"version_group":{"name":"diamond-pearl","url":"http://pokeapi.co/api/v2/version-group/8/"}}],"pokemon":[{"is_hidden":false,"slot":2,"pokemon":{"name":"drowzee","url":"http://pokeapi.co/api/v2/pokemon/96/"}},{"is_hidden":false,"slot":2,"pokemon":{"name":"hypno","url":"http://pokeapi.co/api/v2/pokemon/97/"}},{"is_hidden":false,"slot":2,"pokemon":{"name":"jynx","url":"http://pokeapi.co/api/v2/pokemon/124/"}},{"is_hidden":false,"slot":2,"pokemon":{"name":"smoochum","url":"http://pokeapi.co/api/v2/pokemon/238/"}},{"is_hidden":false,"slot":1,"pokemon":{"name":"munna","url":"http://pokeapi.co/api/v2/pokemon/517/"}},{"is_hidden":false,"slot":1,"pokemon":{"name":"musharna","url":"http://pokeapi.co/api/v2/pokemon/518/"}}]}