{"id":114,"name":"storm-drain","is_main_series":true,"generation":{"name":"generation-iv","url":"http://pokeapi.co/api/v2/generation/4/"},"names":[{"name":"Storm Drain","language":{"name":"en","url":"http://pokeapi.co/api/v2/language/9/"}},{"name":"Acquascolo","language":{"name":"it","url":"http://pokeapi.co/api/v2/language/8/"}},{"name":"Colector","language":{"name":"es","url":"http://pokeapi.co/api/v2/language/7/"}},{"name":"Sturmsog","language":{"name":"de","url":"http://pokeapi.co/api/v2/language/6/"}},{"name":"Lavabo","language":{"name":"fr","url":"http://pokeapi.co/api/v2/language/5/"}},{"name":"마중물","language":{"name":"ko","url":"http://pokeapi.co/api/v2/language/3/"}},{"name":"よびみず","language":{"name":"ja","url":"http://pokeapi.co/api/v2/language/1/"}}],"effect_entries":[{"effect":"All other Pokémon's single-target water-type moves are redirected to this Pokémon, if it is an eligible target.  Other Pokémon's Water moves raise this Pokémon's Special Attack one stage, negating any other effect on it, and cannot miss it.\n\nIf the move's intended target also has this ability, the move is not redirected.  When multiple Pokémon with this ability are possible targets for redirection, the move is redirected to the one with the highest Speed stat, or, in the case of a tie, to a random tied Pokémon.  follow me takes precedence over this ability.","short_effect":"Redirects single-target water moves to this Pokémon where possible.  Absorbs Water moves, raising Special Attack one stage.","language":{"name":"en","url":"http://pokeapi.co/api/v2/language/9/"}}],"effect_changes":[{"version_group":{"name":"black-white","url":"http://pokeapi.co/api/v2/version-group/11/"},"effect_entries":[{"effect":"Redirects water moves without negating them or granting any Special Attack boost.  Does not redirect hidden power.","language":{"name":"en","url":"http://pokeapi.co/api/v2/language/9/"}}]}],"flavor_text_entries":[{"flavor_text":" ずを　呼び込んで\n特攻を　あげる。","language":{"name":"ja-kanji","url":"http://pokeapi.co/api/v2/language/11/"},"version_group":{"name":"omega-ruby-alpha-sapphire","url":"http://pokeapi.co/api/v2/version-group/16/"}},{"flavor_text":"Draws in all Water-type moves\nto boost its Sp. Atk stat.","language":{"name":"en","url":"http://pokeapi.co/api/v2/language/9/"},"version_group":{"name":"omega-ruby-alpha-sapphire","url":"http://pokeapi.co/api/v2/version-group/16/"}},{"flavor_text":"Neutralizza mosse di tipo Acqua\nper aumentare l’Attacco Speciale. ","language":{"name":"it","url":"http://pokeapi.co/api/v2/language/8/"},"version_group":{"name":"omega-ruby-alpha-sapphire","url":"http://pokeapi.co/api/v2/version-group/16/"}},{"flavor_text":"Atrae y neutraliza los movimientos\nde tipo Agua y sube el At. Esp.","language":{"name":"es","url":"http://pokeapi.co/api/v2/language/7/"},"version_group":{"name":"omega-ruby-alpha-sapphire","url":"http://pokeapi.co/api/v2/version-group/16/"}},{"flavor_text":"Absorbiert Wasser-Attacken\nund steigert den Spezial-Angriff.","language":{"name":"de","url":"http://pokeapi.co/api/v2/language/6/"},"version_group":{"name":"omega-ruby-alpha-sapphire","url":"http://pokeapi.co/api/v2/version-group/16/"}},{"flavor_text":"Attire et neutralise les attaques\nEau, et monte l’Attaque Spéciale.","language":{"name":"fr","url":"http://pokeapi.co/api/v2/language/5/"},"version_group":{"name":"omega-ruby-alpha-sapphire","url":"http://pokeapi.co/api/v2/version-group/16/"}},{"flavor_text":"물을 끌어모아\n특수공격을 올린다.","language":{"name":"ko","url":"http://pokeapi.co/api/v2/language/3/"},"version_group":{"name":"omega-ruby-alpha-sapphire","url":"http://pokeapi.co/api/v2/version-group/16/"}},{"flavor_text":" ずを　よびこんで\nとくこうを　あげる。","language":{"name":"ja","url":"http://pokeapi.co/api/v2/language/1/"},"version_group":{"name":"omega-ruby-alpha-sapphire","url":"http://pokeapi.co/api/v2/version-group/16/"}},{"flavor_text":"みずを　呼び込んで\n特攻を　あげる。","language":{"name":"ja-kanji","url":"http://pokeapi.co/api/v2/language/11/"},"version_group":{"name":"x-y","url":"http://pokeapi.co/api/v2/version-group/15/"}},{"flavor_text":"Draws in all Water-type moves\nto boost its Sp. Atk stat.","language":{"name":"en","url":"http://pokeapi.co/api/v2/language/9/"},"version_group":{"name":"x-y","url":"http://pokeapi.co/api/v2/version-group/15/"}},{"flavor_text":"Neutralizza mosse di tipo Acqua\nper aumentare l’Attacco Speciale.","language":{"name":"it","url":"http://pokeapi.co/api/v2/language/8/"},"version_group":{"name":"x-y","url":"http://pokeapi.co/api/v2/version-group/15/"}},{"flavor_text":"Atrae y neutraliza los movimientos\nde tipo Agua y sube el At. Esp.","language":{"name":"es","url":"http://pokeapi.co/api/v2/language/7/"},"version_group":{"name":"x-y","url":"http://pokeapi.co/api/v2/version-group/15/"}},{"flavor_text":"Absorbiert Wasser-Attacken\nund steigert den Spezial-Angriff.","language":{"name":"de","url":"http://pokeapi.co/api/v2/language/6/"},"version_group":{"name":"x-y","url":"http://pokeapi.co/api/v2/version-group/15/"}},{"flavor_text":"Attire et neutralise les attaques\nEau, et monte l’Attaque Spéciale.","language":{"name":"fr","url":"http://pokeapi.co/api/v2/language/5/"},"version_group":{"name":"x-y","url":"http://pokeapi.co/api/v2/version-group/15/"}},{"flavor_text":"물을 끌어모아\n특수공격을 올린다.","language":{"name":"ko","url":"http://pokeapi.co/api/v2/language/3/"},"version_group":{"name":"x-y","url":"http://pokeapi.co/api/v2/version-group/15/"}},{"flavor_text":"みずを　よびこんで\nとくこうを　あげる。","language":{"name":"ja","url":"http://pokeapi.co/api/v2/language/1/"},"version_group":{"name":"x-y","url":"http://pokeapi.co/api/v2/version-group/15/"}},{"flavor_text":"Draws in all Water-type\nmoves to up Sp. Attack.","language":{"name":"en","url":"http://pokeapi.co/api/v2/language/9/"},"version_group":{"name":"black-2-white-2","url":"http://pokeapi.co/api/v2/version-group/14/"}},{"flavor_text":"Draws in all Water-type\nmoves to up Sp. Attack.","language":{"name":"en","url":"http://pokeapi.co/api/v2/language/9/"},"version_group":{"name":"black-white","url":"http://pokeapi.co/api/v2/version-group/11/"}},{"flavor_text":"Attire l’eau et augmente\nl’Atq. Spé.","language":{"name":"fr","url":"http://pokeapi.co/api/v2/language/5/"},"version_group":{"name":"black-white","url":"http://pokeapi.co/api/v2/version-group/11/"}},{"flavor_text":"The Pokémon draws in all\nWater-type moves.","language":{"name":"en","url":"http://pokeapi.co/api/v2/language/9/"},"version_group":{"name":"heartgold-soulsilver","url":"http://pokeapi.co/api/v2/version-group/10/"}},{"flavor_text":"The Pokémon draws in all\nWater-type moves.","language":{"name":"en","url":"http://pokeapi.co/api/v2/language/9/"},"version_group":{"name":"platinum","url":"http://pokeapi.co/api/v2/version-group/9/"}},{"flavor_text":"The Pokémon draws in all\nWater-type moves.","language":{"name":"en","url":"http://pokeapi.co/api/v2/language/9/"},"version_group":{"name":"diamond-pearl","url":"http://pokeapi.co/api/v2/version-group/8/"}}],"pokemon":[{"is_hidden":true,"slot":3,"pokemon":{"name":"lileep","url":"http://pokeapi.co/api/v2/pokemon/345/"}},{"is_hidden":true,"slot":3,"pokemon":{"name":"cradily","url":"http://pokeapi.co/api/v2/pokemon/346/"}},{"is_hidden":false,"slot":2,"pokemon":{"name":"shellos","url":"http://pokeapi.co/api/v2/pokemon/422/"}},{"is_hidden":false,"slot":2,"pokemon":{"name":"gastrodon","url":"http://pokeapi.co/api/v2/pokemon/423/"}},{"is_hidden":false,"slot":2,"pokemon":{"name":"finneon","url":"http://pokeapi.co/api/v2/pokemon/456/"}},{"is_hidden":false,"slot":2,"pokemon":{"name":"lumineon","url":"http://pokeapi.co/api/v2/pokemon/457/"}},{"is_hidden":true,"slot":3,"pokemon":{"name":"maractus","url":"http://pokeapi.co/api/v2/pokemon/556/"}}]}