{"id":57,"name":"plus","is_main_series":true,"generation":{"name":"generation-iii","url":"http://pokeapi.co/api/v2/generation/3/"},"names":[{"name":"Plus","language":{"name":"en","url":"http://pokeapi.co/api/v2/language/9/"}},{"name":"Più","language":{"name":"it","url":"http://pokeapi.co/api/v2/language/8/"}},{"name":"Más","language":{"name":"es","url":"http://pokeapi.co/api/v2/language/7/"}},{"name":"Plus","language":{"name":"de","url":"http://pokeapi.co/api/v2/language/6/"}},{"name":"Plus","language":{"name":"fr","url":"http://pokeapi.co/api/v2/language/5/"}},{"name":"플러스","language":{"name":"ko","url":"http://pokeapi.co/api/v2/language/3/"}},{"name":"プラス","language":{"name":"ja","url":"http://pokeapi.co/api/v2/language/1/"}}],"effect_entries":[{"effect":"This Pokémon has 1.5× its Special Attack if any friendly Pokémon has plus or minus.\n\nThis bonus does not count as a stat modifier.  If either ability is disabled by gastro acid, both lose their effect.","short_effect":"Increases Special Attack to 1.5× when a friendly Pokémon has plus or minus.","language":{"name":"en","url":"http://pokeapi.co/api/v2/language/9/"}}],"effect_changes":[{"version_group":{"name":"black-white","url":"http://pokeapi.co/api/v2/version-group/11/"},"effect_entries":[{"effect":"Powers up only when paired with minus.","language":{"name":"en","url":"http://pokeapi.co/api/v2/language/9/"}}]}],"flavor_text_entries":[{"flavor_text":"プラスかマイナスがいると\n特攻が　あがる。","language":{"name":"ja-kanji","url":"http://pokeapi.co/api/v2/language/11/"},"version_group":{"name":"omega-ruby-alpha-sapphire","url":"http://pokeapi.co/api/v2/version-group/16/"}},{"flavor_text":"Boosts the Sp. Atk stat if another\nPokémon has Plus or Minus.","language":{"name":"en","url":"http://pokeapi.co/api/v2/language/9/"},"version_group":{"name":"omega-ruby-alpha-sapphire","url":"http://pokeapi.co/api/v2/version-group/16/"}},{"flavor_text":"Aumenta l’Attacco Speciale se ci\nsono Pokémon con Meno o Più.","language":{"name":"it","url":"http://pokeapi.co/api/v2/language/8/"},"version_group":{"name":"omega-ruby-alpha-sapphire","url":"http://pokeapi.co/api/v2/version-group/16/"}},{"flavor_text":"Potencia el At. Esp. si algún otro\nPokémon tiene Más o Menos.","language":{"name":"es","url":"http://pokeapi.co/api/v2/language/7/"},"version_group":{"name":"omega-ruby-alpha-sapphire","url":"http://pokeapi.co/api/v2/version-group/16/"}},{"flavor_text":"Erhöht den Spezial-Angriff, wenn\nPlus oder Minus vertreten ist.","language":{"name":"de","url":"http://pokeapi.co/api/v2/language/6/"},"version_group":{"name":"omega-ruby-alpha-sapphire","url":"http://pokeapi.co/api/v2/version-group/16/"}},{"flavor_text":"Augmente l’Atq. Spé. si un autre\nPokémon a Minus ou Plus.","language":{"name":"fr","url":"http://pokeapi.co/api/v2/language/5/"},"version_group":{"name":"omega-ruby-alpha-sapphire","url":"http://pokeapi.co/api/v2/version-group/16/"}},{"flavor_text":"플러스나 마이너스가 있으면\n특수공격이 올라간다.","language":{"name":"ko","url":"http://pokeapi.co/api/v2/language/3/"},"version_group":{"name":"omega-ruby-alpha-sapphire","url":"http://pokeapi.co/api/v2/version-group/16/"}},{"flavor_text":"プラスかマイナスがいると\nとくこうが　あがる。","language":{"name":"ja","url":"http://pokeapi.co/api/v2/language/1/"},"version_group":{"name":"omega-ruby-alpha-sapphire","url":"http://pokeapi.co/api/v2/version-group/16/"}},{"flavor_text":"プラスかマイナスがいると\n特攻が　あがる。","language":{"name":"ja-kanji","url":"http://pokeapi.co/api/v2/language/11/"},"version_group":{"name":"x-y","url":"http://pokeapi.co/api/v2/version-group/15/"}},{"flavor_text":"Boosts the Sp. Atk stat if another\nPokémon has Plus or Minus.","language":{"name":"en","url":"http://pokeapi.co/api/v2/language/9/"},"version_group":{"name":"x-y","url":"http://pokeapi.co/api/v2/version-group/15/"}},{"flavor_text":"Aumenta l’Attacco Speciale se ci\nsono Pokémon con Meno o Più.","language":{"name":"it","url":"http://pokeapi.co/api/v2/language/8/"},"version_group":{"name":"x-y","url":"http://pokeapi.co/api/v2/version-group/15/"}},{"flavor_text":"Potencia el At. Esp. si algún otro\nPokémon tiene Más o Menos.","language":{"name":"es","url":"http://pokeapi.co/api/v2/language/7/"},"version_group":{"name":"x-y","url":"http://pokeapi.co/api/v2/version-group/15/"}},{"flavor_text":"Erhöht den Spezial-Angriff, wenn\nPlus oder Minus vertreten sind.","language":{"name":"de","url":"http://pokeapi.co/api/v2/language/6/"},"version_group":{"name":"x-y","url":"http://pokeapi.co/api/v2/version-group/15/"}},{"flavor_text":"Augmente l’Attaque Spéciale si\nun Pokémon a Minus ou Plus.","language":{"name":"fr","url":"http://pokeapi.co/api/v2/language/5/"},"version_group":{"name":"x-y","url":"http://pokeapi.co/api/v2/version-group/15/"}},{"flavor_text":"플러스나 마이너스가 있으면\n특수공격이 올라간다.","language":{"name":"ko","url":"http://pokeapi.co/api/v2/language/3/"},"version_group":{"name":"x-y","url":"http://pokeapi.co/api/v2/version-group/15/"}},{"flavor_text":"プラスかマイナスがいると\nとくこうが　あがる。","language":{"name":"ja","url":"http://pokeapi.co/api/v2/language/1/"},"version_group":{"name":"x-y","url":"http://pokeapi.co/api/v2/version-group/15/"}},{"flavor_text":"Ups Sp. Atk if another\nPokémon has Plus or Minus.","language":{"name":"en","url":"http://pokeapi.co/api/v2/language/9/"},"version_group":{"name":"black-2-white-2","url":"http://pokeapi.co/api/v2/version-group/14/"}},{"flavor_text":"Ups Sp. Atk if another\nPokémon has Plus or Minus.","language":{"name":"en","url":"http://pokeapi.co/api/v2/language/9/"},"version_group":{"name":"black-white","url":"http://pokeapi.co/api/v2/version-group/11/"}},{"flavor_text":"Augmente l’Atq. Spé. si un\nPokémon a Minus ou Plus.","language":{"name":"fr","url":"http://pokeapi.co/api/v2/language/5/"},"version_group":{"name":"black-white","url":"http://pokeapi.co/api/v2/version-group/11/"}},{"flavor_text":"Ups Sp. Atk if another\nPokémon has Minus.","language":{"name":"en","url":"http://pokeapi.co/api/v2/language/9/"},"version_group":{"name":"heartgold-soulsilver","url":"http://pokeapi.co/api/v2/version-group/10/"}},{"flavor_text":"Boosts Sp. Atk if another\nPokémon has Minus.","language":{"name":"en","url":"http://pokeapi.co/api/v2/language/9/"},"version_group":{"name":"platinum","url":"http://pokeapi.co/api/v2/version-group/9/"}},{"flavor_text":"Boosts Sp. Atk if another\nPokémon has Minus.","language":{"name":"en","url":"http://pokeapi.co/api/v2/language/9/"},"version_group":{"name":"diamond-pearl","url":"http://pokeapi.co/api/v2/version-group/8/"}},{"flavor_text":"Powers up with MINUS.","language":{"name":"en","url":"http://pokeapi.co/api/v2/language/9/"},"version_group":{"name":"firered-leafgreen","url":"http://pokeapi.co/api/v2/version-group/7/"}},{"flavor_text":"Powers up with MINUS.","language":{"name":"en","url":"http://pokeapi.co/api/v2/language/9/"},"version_group":{"name":"emerald","url":"http://pokeapi.co/api/v2/version-group/6/"}},{"flavor_text":"Powers up with MINUS.","language":{"name":"en","url":"http://pokeapi.co/api/v2/language/9/"},"version_group":{"name":"ruby-sapphire","url":"http://pokeapi.co/api/v2/version-group/5/"}}],"pokemon":[{"is_hidden":true,"slot":3,"pokemon":{"name":"mareep","url":"http://pokeapi.co/api/v2/pokemon/179/"}},{"is_hidden":true,"slot":3,"pokemon":{"name":"flaaffy","url":"http://pokeapi.co/api/v2/pokemon/180/"}},{"is_hidden":true,"slot":3,"pokemon":{"name":"ampharos","url":"http://pokeapi.co/api/v2/pokemon/181/"}},{"is_hidden":false,"slot":1,"pokemon":{"name":"plusle","url":"http://pokeapi.co/api/v2/pokemon/311/"}},{"is_hidden":false,"slot":1,"pokemon":{"name":"klink","url":"http://pokeapi.co/api/v2/pokemon/599/"}},{"is_hidden":false,"slot":1,"pokemon":{"name":"klang","url":"http://pokeapi.co/api/v2/pokemon/600/"}},{"is_hidden":false,"slot":1,"pokemon":{"name":"klinklang","url":"http://pokeapi.co/api/v2/pokemon/601/"}},{"is_hidden":true,"slot":3,"pokemon":{"name":"dedenne","url":"http://pokeapi.co/api/v2/pokemon/702/"}}]}