{"id":44,"name":"rain-dish","is_main_series":true,"generation":{"name":"generation-iii","url":"http://pokeapi.co/api/v2/generation/3/"},"names":[{"name":"Rain Dish","language":{"name":"en","url":"http://pokeapi.co/api/v2/language/9/"}},{"name":"Copripioggia","language":{"name":"it","url":"http://pokeapi.co/api/v2/language/8/"}},{"name":"Cura Lluvia","language":{"name":"es","url":"http://pokeapi.co/api/v2/language/7/"}},{"name":"Regengenuss","language":{"name":"de","url":"http://pokeapi.co/api/v2/language/6/"}},{"name":"Cuvette","language":{"name":"fr","url":"http://pokeapi.co/api/v2/language/5/"}},{"name":"젖은접시","language":{"name":"ko","url":"http://pokeapi.co/api/v2/language/3/"}},{"name":"あめうけざら","language":{"name":"ja","url":"http://pokeapi.co/api/v2/language/1/"}}],"effect_entries":[{"effect":"This Pokémon heals for 1/16 of its maximum HP after each turn during rain.","short_effect":"Heals for 1/16 max HP after each turn during rain.","language":{"name":"en","url":"http://pokeapi.co/api/v2/language/9/"}}],"effect_changes":[],"flavor_text_entries":[{"flavor_text":"雨のとき　少しずつ\nＨＰを　回復する。","language":{"name":"ja-kanji","url":"http://pokeapi.co/api/v2/language/11/"},"version_group":{"name":"omega-ruby-alpha-sapphire","url":"http://pokeapi.co/api/v2/version-group/16/"}},{"flavor_text":"The Pokémon gradually\nregains HP in rain.","language":{"name":"en","url":"http://pokeapi.co/api/v2/language/9/"},"version_group":{"name":"omega-ruby-alpha-sapphire","url":"http://pokeapi.co/api/v2/version-group/16/"}},{"flavor_text":"Il Pokémon recupera PS\nquando piove.","language":{"name":"it","url":"http://pokeapi.co/api/v2/language/8/"},"version_group":{"name":"omega-ruby-alpha-sapphire","url":"http://pokeapi.co/api/v2/version-group/16/"}},{"flavor_text":"Recupera PS de forma gradual\ncuando llueve.","language":{"name":"es","url":"http://pokeapi.co/api/v2/language/7/"},"version_group":{"name":"omega-ruby-alpha-sapphire","url":"http://pokeapi.co/api/v2/version-group/16/"}},{"flavor_text":"Stellt bei Regen langsam\nund stetig KP wieder her.","language":{"name":"de","url":"http://pokeapi.co/api/v2/language/6/"},"version_group":{"name":"omega-ruby-alpha-sapphire","url":"http://pokeapi.co/api/v2/version-group/16/"}},{"flavor_text":"Récupère progressivement des\nPV par temps de pluie.","language":{"name":"fr","url":"http://pokeapi.co/api/v2/language/5/"},"version_group":{"name":"omega-ruby-alpha-sapphire","url":"http://pokeapi.co/api/v2/version-group/16/"}},{"flavor_text":"비가 올 때 조금씩\nHP를 회복한다.","language":{"name":"ko","url":"http://pokeapi.co/api/v2/language/3/"},"version_group":{"name":"omega-ruby-alpha-sapphire","url":"http://pokeapi.co/api/v2/version-group/16/"}},{"flavor_text":"あめのとき　すこしずつ\nＨＰを　かいふくする。","language":{"name":"ja","url":"http://pokeapi.co/api/v2/language/1/"},"version_group":{"name":"omega-ruby-alpha-sapphire","url":"http://pokeapi.co/api/v2/version-group/16/"}},{"flavor_text":"雨のとき　少しずつ\nＨＰを　回復する。","language":{"name":"ja-kanji","url":"http://pokeapi.co/api/v2/language/11/"},"version_group":{"name":"x-y","url":"http://pokeapi.co/api/v2/version-group/15/"}},{"flavor_text":"The Pokémon gradually\nregains HP in rain.","language":{"name":"en","url":"http://pokeapi.co/api/v2/language/9/"},"version_group":{"name":"x-y","url":"http://pokeapi.co/api/v2/version-group/15/"}},{"flavor_text":"Il Pokémon recupera PS\nquando piove.","language":{"name":"it","url":"http://pokeapi.co/api/v2/language/8/"},"version_group":{"name":"x-y","url":"http://pokeapi.co/api/v2/version-group/15/"}},{"flavor_text":"Recupera PS de forma gradual\ncuando llueve.","language":{"name":"es","url":"http://pokeapi.co/api/v2/language/7/"},"version_group":{"name":"x-y","url":"http://pokeapi.co/api/v2/version-group/15/"}},{"flavor_text":"Stellt bei Regen langsam\nund stetig KP wieder her.","language":{"name":"de","url":"http://pokeapi.co/api/v2/language/6/"},"version_group":{"name":"x-y","url":"http://pokeapi.co/api/v2/version-group/15/"}},{"flavor_text":"Récupère progressivement des\nPV par temps de pluie.","language":{"name":"fr","url":"http://pokeapi.co/api/v2/language/5/"},"version_group":{"name":"x-y","url":"http://pokeapi.co/api/v2/version-group/15/"}},{"flavor_text":"비가 올 때 조금씩\nHP를 회복한다.","language":{"name":"ko","url":"http://pokeapi.co/api/v2/language/3/"},"version_group":{"name":"x-y","url":"http://pokeapi.co/api/v2/version-group/15/"}},{"flavor_text":"あめのとき　すこしずつ\nＨＰを　かいふくする。","language":{"name":"ja","url":"http://pokeapi.co/api/v2/language/1/"},"version_group":{"name":"x-y","url":"http://pokeapi.co/api/v2/version-group/15/"}},{"flavor_text":"The Pokémon gradually\nregains HP in rain.","language":{"name":"en","url":"http://pokeapi.co/api/v2/language/9/"},"version_group":{"name":"black-2-white-2","url":"http://pokeapi.co/api/v2/version-group/14/"}},{"flavor_text":"The Pokémon gradually\nregains HP in rain.","language":{"name":"en","url":"http://pokeapi.co/api/v2/language/9/"},"version_group":{"name":"black-white","url":"http://pokeapi.co/api/v2/version-group/11/"}},{"flavor_text":"Récupère progressivement\ndes PV par temps de pluie.","language":{"name":"fr","url":"http://pokeapi.co/api/v2/language/5/"},"version_group":{"name":"black-white","url":"http://pokeapi.co/api/v2/version-group/11/"}},{"flavor_text":"The Pokémon gradually\nrecovers HP in rain.","language":{"name":"en","url":"http://pokeapi.co/api/v2/language/9/"},"version_group":{"name":"heartgold-soulsilver","url":"http://pokeapi.co/api/v2/version-group/10/"}},{"flavor_text":"The Pokémon gradually\nrecovers HP in rain.","language":{"name":"en","url":"http://pokeapi.co/api/v2/language/9/"},"version_group":{"name":"platinum","url":"http://pokeapi.co/api/v2/version-group/9/"}},{"flavor_text":"The Pokémon gradually\nrecovers HP in rain.","language":{"name":"en","url":"http://pokeapi.co/api/v2/language/9/"},"version_group":{"name":"diamond-pearl","url":"http://pokeapi.co/api/v2/version-group/8/"}},{"flavor_text":"Slight HP recovery in rain.","language":{"name":"en","url":"http://pokeapi.co/api/v2/language/9/"},"version_group":{"name":"firered-leafgreen","url":"http://pokeapi.co/api/v2/version-group/7/"}},{"flavor_text":"Slight HP recovery in rain.","language":{"name":"en","url":"http://pokeapi.co/api/v2/language/9/"},"version_group":{"name":"emerald","url":"http://pokeapi.co/api/v2/version-group/6/"}},{"flavor_text":"Slight HP recovery in rain.","language":{"name":"en","url":"http://pokeapi.co/api/v2/language/9/"},"version_group":{"name":"ruby-sapphire","url":"http://pokeapi.co/api/v2/version-group/5/"}}],"pokemon":[{"is_hidden":true,"slot":3,"pokemon":{"name":"squirtle","url":"http://pokeapi.co/api/v2/pokemon/7/"}},{"is_hidden":true,"slot":3,"pokemon":{"name":"wartortle","url":"http://pokeapi.co/api/v2/pokemon/8/"}},{"is_hidden":true,"slot":3,"pokemon":{"name":"blastoise","url":"http://pokeapi.co/api/v2/pokemon/9/"}},{"is_hidden":true,"slot":3,"pokemon":{"name":"tentacool","url":"http://pokeapi.co/api/v2/pokemon/72/"}},{"is_hidden":true,"slot":3,"pokemon":{"name":"tentacruel","url":"http://pokeapi.co/api/v2/pokemon/73/"}},{"is_hidden":false,"slot":2,"pokemon":{"name":"lotad","url":"http://pokeapi.co/api/v2/pokemon/270/"}},{"is_hidden":false,"slot":2,"pokemon":{"name":"lombre","url":"http://pokeapi.co/api/v2/pokemon/271/"}},{"is_hidden":false,"slot":2,"pokemon":{"name":"ludicolo","url":"http://pokeapi.co/api/v2/pokemon/272/"}},{"is_hidden":true,"slot":3,"pokemon":{"name":"wingull","url":"http://pokeapi.co/api/v2/pokemon/278/"}},{"is_hidden":true,"slot":3,"pokemon":{"name":"pelipper","url":"http://pokeapi.co/api/v2/pokemon/279/"}},{"is_hidden":true,"slot":3,"pokemon":{"name":"surskit","url":"http://pokeapi.co/api/v2/pokemon/283/"}}]}