{"id":34,"name":"chlorophyll","is_main_series":true,"generation":{"name":"generation-iii","url":"http://pokeapi.co/api/v2/generation/3/"},"names":[{"name":"Chlorophyll","language":{"name":"en","url":"http://pokeapi.co/api/v2/language/9/"}},{"name":"Clorofilla","language":{"name":"it","url":"http://pokeapi.co/api/v2/language/8/"}},{"name":"Clorofila","language":{"name":"es","url":"http://pokeapi.co/api/v2/language/7/"}},{"name":"Chlorophyll","language":{"name":"de","url":"http://pokeapi.co/api/v2/language/6/"}},{"name":"Chlorophylle","language":{"name":"fr","url":"http://pokeapi.co/api/v2/language/5/"}},{"name":"엽록소","language":{"name":"ko","url":"http://pokeapi.co/api/v2/language/3/"}},{"name":"ようりょくそ","language":{"name":"ja","url":"http://pokeapi.co/api/v2/language/1/"}}],"effect_entries":[{"effect":"This Pokémon's Speed is doubled during strong sunlight.\n\nThis bonus does not count as a stat modifier.","short_effect":"Doubles Speed during strong sunlight.","language":{"name":"en","url":"http://pokeapi.co/api/v2/language/9/"}}],"effect_changes":[],"flavor_text_entries":[{"flavor_text":"晴れのとき　素早さが\nあがる。","language":{"name":"ja-kanji","url":"http://pokeapi.co/api/v2/language/11/"},"version_group":{"name":"omega-ruby-alpha-sapphire","url":"http://pokeapi.co/api/v2/version-group/16/"}},{"flavor_text":"Boosts the Pokémon’s\nSpeed stat in sunshine.","language":{"name":"en","url":"http://pokeapi.co/api/v2/language/9/"},"version_group":{"name":"omega-ruby-alpha-sapphire","url":"http://pokeapi.co/api/v2/version-group/16/"}},{"flavor_text":"Se c’è il sole, la statistica\nVelocità aumenta.","language":{"name":"it","url":"http://pokeapi.co/api/v2/language/8/"},"version_group":{"name":"omega-ruby-alpha-sapphire","url":"http://pokeapi.co/api/v2/version-group/16/"}},{"flavor_text":"Sube la Velocidad cuando hay\nsol.","language":{"name":"es","url":"http://pokeapi.co/api/v2/language/7/"},"version_group":{"name":"omega-ruby-alpha-sapphire","url":"http://pokeapi.co/api/v2/version-group/16/"}},{"flavor_text":"Steigert bei Sonnenschein\ndie Initiative.","language":{"name":"de","url":"http://pokeapi.co/api/v2/language/6/"},"version_group":{"name":"omega-ruby-alpha-sapphire","url":"http://pokeapi.co/api/v2/version-group/16/"}},{"flavor_text":"Augmente la Vitesse du\nPokémon s’il y a du soleil.","language":{"name":"fr","url":"http://pokeapi.co/api/v2/language/5/"},"version_group":{"name":"omega-ruby-alpha-sapphire","url":"http://pokeapi.co/api/v2/version-group/16/"}},{"flavor_text":"맑을 때 스피드가\n올라간다.","language":{"name":"ko","url":"http://pokeapi.co/api/v2/language/3/"},"version_group":{"name":"omega-ruby-alpha-sapphire","url":"http://pokeapi.co/api/v2/version-group/16/"}},{"flavor_text":"はれのとき　すばやさが\nあがる。","language":{"name":"ja","url":"http://pokeapi.co/api/v2/language/1/"},"version_group":{"name":"omega-ruby-alpha-sapphire","url":"http://pokeapi.co/api/v2/version-group/16/"}},{"flavor_text":"晴れのとき　素早さが\nあがる。","language":{"name":"ja-kanji","url":"http://pokeapi.co/api/v2/language/11/"},"version_group":{"name":"x-y","url":"http://pokeapi.co/api/v2/version-group/15/"}},{"flavor_text":"Boosts the Pokémon’s\nSpeed stat in sunshine.","language":{"name":"en","url":"http://pokeapi.co/api/v2/language/9/"},"version_group":{"name":"x-y","url":"http://pokeapi.co/api/v2/version-group/15/"}},{"flavor_text":"Se c’è il sole, la statistica\nVelocità aumenta.","language":{"name":"it","url":"http://pokeapi.co/api/v2/language/8/"},"version_group":{"name":"x-y","url":"http://pokeapi.co/api/v2/version-group/15/"}},{"flavor_text":"Sube la Velocidad cuando hay\nsol.","language":{"name":"es","url":"http://pokeapi.co/api/v2/language/7/"},"version_group":{"name":"x-y","url":"http://pokeapi.co/api/v2/version-group/15/"}},{"flavor_text":"Steigert bei Sonnenschein\ndie Initiative.","language":{"name":"de","url":"http://pokeapi.co/api/v2/language/6/"},"version_group":{"name":"x-y","url":"http://pokeapi.co/api/v2/version-group/15/"}},{"flavor_text":"Augmente la Vitesse du\nPokémon s’il y a du soleil.","language":{"name":"fr","url":"http://pokeapi.co/api/v2/language/5/"},"version_group":{"name":"x-y","url":"http://pokeapi.co/api/v2/version-group/15/"}},{"flavor_text":"맑을 때 스피드가\n올라간다.","language":{"name":"ko","url":"http://pokeapi.co/api/v2/language/3/"},"version_group":{"name":"x-y","url":"http://pokeapi.co/api/v2/version-group/15/"}},{"flavor_text":"はれのとき　すばやさが\nあがる。","language":{"name":"ja","url":"http://pokeapi.co/api/v2/language/1/"},"version_group":{"name":"x-y","url":"http://pokeapi.co/api/v2/version-group/15/"}},{"flavor_text":"Boosts the Pokémon’s\nSpeed in sunshine.","language":{"name":"en","url":"http://pokeapi.co/api/v2/language/9/"},"version_group":{"name":"black-2-white-2","url":"http://pokeapi.co/api/v2/version-group/14/"}},{"flavor_text":"Boosts the Pokémon’s\nSpeed in sunshine.","language":{"name":"en","url":"http://pokeapi.co/api/v2/language/9/"},"version_group":{"name":"black-white","url":"http://pokeapi.co/api/v2/version-group/11/"}},{"flavor_text":"Augmente la Vitesse du\nPokémon s’il y a du soleil.","language":{"name":"fr","url":"http://pokeapi.co/api/v2/language/5/"},"version_group":{"name":"black-white","url":"http://pokeapi.co/api/v2/version-group/11/"}},{"flavor_text":"Boosts the Pokémon’s\nSpeed in sunshine.","language":{"name":"en","url":"http://pokeapi.co/api/v2/language/9/"},"version_group":{"name":"heartgold-soulsilver","url":"http://pokeapi.co/api/v2/version-group/10/"}},{"flavor_text":"Boosts the Pokémon’s\nSpeed in sunshine.","language":{"name":"en","url":"http://pokeapi.co/api/v2/language/9/"},"version_group":{"name":"platinum","url":"http://pokeapi.co/api/v2/version-group/9/"}},{"flavor_text":"Boosts the Pokémon’s\nSpeed in sunshine.","language":{"name":"en","url":"http://pokeapi.co/api/v2/language/9/"},"version_group":{"name":"diamond-pearl","url":"http://pokeapi.co/api/v2/version-group/8/"}},{"flavor_text":"Raises SPEED in sunshine.","language":{"name":"en","url":"http://pokeapi.co/api/v2/language/9/"},"version_group":{"name":"firered-leafgreen","url":"http://pokeapi.co/api/v2/version-group/7/"}},{"flavor_text":"Raises SPEED in sunshine.","language":{"name":"en","url":"http://pokeapi.co/api/v2/language/9/"},"version_group":{"name":"emerald","url":"http://pokeapi.co/api/v2/version-group/6/"}},{"flavor_text":"Raises SPEED in sunshine.","language":{"name":"en","url":"http://pokeapi.co/api/v2/language/9/"},"version_group":{"name":"ruby-sapphire","url":"http://pokeapi.co/api/v2/version-group/5/"}}],"pokemon":[{"is_hidden":true,"slot":3,"pokemon":{"name":"bulbasaur","url":"http://pokeapi.co/api/v2/pokemon/1/"}},{"is_hidden":true,"slot":3,"pokemon":{"name":"ivysaur","url":"http://pokeapi.co/api/v2/pokemon/2/"}},{"is_hidden":true,"slot":3,"pokemon":{"name":"venusaur","url":"http://pokeapi.co/api/v2/pokemon/3/"}},{"is_hidden":false,"slot":1,"pokemon":{"name":"oddish","url":"http://pokeapi.co/api/v2/pokemon/43/"}},{"is_hidden":false,"slot":1,"pokemon":{"name":"gloom","url":"http://pokeapi.co/api/v2/pokemon/44/"}},{"is_hidden":false,"slot":1,"pokemon":{"name":"vileplume","url":"http://pokeapi.co/api/v2/pokemon/45/"}},{"is_hidden":false,"slot":1,"pokemon":{"name":"bellsprout","url":"http://pokeapi.co/api/v2/pokemon/69/"}},{"is_hidden":false,"slot":1,"pokemon":{"name":"weepinbell","url":"http://pokeapi.co/api/v2/pokemon/70/"}},{"is_hidden":false,"slot":1,"pokemon":{"name":"victreebel","url":"http://pokeapi.co/api/v2/pokemon/71/"}},{"is_hidden":false,"slot":1,"pokemon":{"name":"exeggcute","url":"http://pokeapi.co/api/v2/pokemon/102/"}},{"is_hidden":false,"slot":1,"pokemon":{"name":"exeggutor","url":"http://pokeapi.co/api/v2/pokemon/103/"}},{"is_hidden":false,"slot":1,"pokemon":{"name":"tangela","url":"http://pokeapi.co/api/v2/pokemon/114/"}},{"is_hidden":false,"slot":1,"pokemon":{"name":"bellossom","url":"http://pokeapi.co/api/v2/pokemon/182/"}},{"is_hidden":false,"slot":1,"pokemon":{"name":"hoppip","url":"http://pokeapi.co/api/v2/pokemon/187/"}},{"is_hidden":false,"slot":1,"pokemon":{"name":"skiploom","url":"http://pokeapi.co/api/v2/pokemon/188/"}},{"is_hidden":false,"slot":1,"pokemon":{"name":"jumpluff","url":"http://pokeapi.co/api/v2/pokemon/189/"}},{"is_hidden":false,"slot":1,"pokemon":{"name":"sunkern","url":"http://pokeapi.co/api/v2/pokemon/191/"}},{"is_hidden":false,"slot":1,"pokemon":{"name":"sunflora","url":"http://pokeapi.co/api/v2/pokemon/192/"}},{"is_hidden":false,"slot":1,"pokemon":{"name":"seedot","url":"http://pokeapi.co/api/v2/pokemon/273/"}},{"is_hidden":false,"slot":1,"pokemon":{"name":"nuzleaf","url":"http://pokeapi.co/api/v2/pokemon/274/"}},{"is_hidden":false,"slot":1,"pokemon":{"name":"shiftry","url":"http://pokeapi.co/api/v2/pokemon/275/"}},{"is_hidden":false,"slot":1,"pokemon":{"name":"tropius","url":"http://pokeapi.co/api/v2/pokemon/357/"}},{"is_hidden":false,"slot":1,"pokemon":{"name":"cherubi","url":"http://pokeapi.co/api/v2/pokemon/420/"}},{"is_hidden":false,"slot":1,"pokemon":{"name":"tangrowth","url":"http://pokeapi.co/api/v2/pokemon/465/"}},{"is_hidden":true,"slot":3,"pokemon":{"name":"leafeon","url":"http://pokeapi.co/api/v2/pokemon/470/"}},{"is_hidden":false,"slot":2,"pokemon":{"name":"sewaddle","url":"http://pokeapi.co/api/v2/pokemon/540/"}},{"is_hidden":false,"slot":2,"pokemon":{"name":"swadloon","url":"http://pokeapi.co/api/v2/pokemon/541/"}},{"is_hidden":false,"slot":2,"pokemon":{"name":"leavanny","url":"http://pokeapi.co/api/v2/pokemon/542/"}},{"is_hidden":true,"slot":3,"pokemon":{"name":"cottonee","url":"http://pokeapi.co/api/v2/pokemon/546/"}},{"is_hidden":true,"slot":3,"pokemon":{"name":"whimsicott","url":"http://pokeapi.co/api/v2/pokemon/547/"}},{"is_hidden":false,"slot":1,"pokemon":{"name":"petilil","url":"http://pokeapi.co/api/v2/pokemon/548/"}},{"is_hidden":false,"slot":1,"pokemon":{"name":"lilligant","url":"http://pokeapi.co/api/v2/pokemon/549/"}},{"is_hidden":false,"slot":2,"pokemon":{"name":"maractus","url":"http://pokeapi.co/api/v2/pokemon/556/"}},{"is_hidden":false,"slot":1,"pokemon":{"name":"deerling","url":"http://pokeapi.co/api/v2/pokemon/585/"}},{"is_hidden":false,"slot":1,"pokemon":{"name":"sawsbuck","url":"http://pokeapi.co/api/v2/pokemon/586/"}}]}