{"id":10,"name":"volt-absorb","is_main_series":true,"generation":{"name":"generation-iii","url":"http://pokeapi.co/api/v2/generation/3/"},"names":[{"name":"Volt Absorb","language":{"name":"en","url":"http://pokeapi.co/api/v2/language/9/"}},{"name":"Assorbivolt","language":{"name":"it","url":"http://pokeapi.co/api/v2/language/8/"}},{"name":"Absorbe Elec","language":{"name":"es","url":"http://pokeapi.co/api/v2/language/7/"}},{"name":"Voltabsorber","language":{"name":"de","url":"http://pokeapi.co/api/v2/language/6/"}},{"name":"Absorb Volt","language":{"name":"fr","url":"http://pokeapi.co/api/v2/language/5/"}},{"name":"축전","language":{"name":"ko","url":"http://pokeapi.co/api/v2/language/3/"}},{"name":"ちくでん","language":{"name":"ja","url":"http://pokeapi.co/api/v2/language/1/"}}],"effect_entries":[{"effect":"Whenever an electric-type move hits this Pokémon, it heals for 1/4 of its maximum HP, negating any other effect on it.\n\nThis ability will not take effect if this Pokémon is ground-type and thus immune to Electric moves.  Electric moves will ignore this Pokémon's substitute.\n\nThis effect includes non-damaging moves, i.e. thunder wave.","short_effect":"Absorbs electric moves, healing for 1/4 max HP.","language":{"name":"en","url":"http://pokeapi.co/api/v2/language/9/"}}],"effect_changes":[{"version_group":{"name":"diamond-pearl","url":"http://pokeapi.co/api/v2/version-group/8/"},"effect_entries":[{"effect":"Does not absorb non-damaging electric moves, i.e. thunder wave.","language":{"name":"en","url":"http://pokeapi.co/api/v2/language/9/"}}]}],"flavor_text_entries":[{"flavor_text":"でんきを　受けると\n回復する。","language":{"name":"ja-kanji","url":"http://pokeapi.co/api/v2/language/11/"},"version_group":{"name":"omega-ruby-alpha-sapphire","url":"http://pokeapi.co/api/v2/version-group/16/"}},{"flavor_text":"Restores HP if hit by an\nElectric-type move.","language":{"name":"en","url":"http://pokeapi.co/api/v2/language/9/"},"version_group":{"name":"omega-ruby-alpha-sapphire","url":"http://pokeapi.co/api/v2/version-group/16/"}},{"flavor_text":"Ridà PS se il Pokémon subisce\nuna mossa di tipo Elettro.","language":{"name":"it","url":"http://pokeapi.co/api/v2/language/8/"},"version_group":{"name":"omega-ruby-alpha-sapphire","url":"http://pokeapi.co/api/v2/version-group/16/"}},{"flavor_text":"Recupera PS al recibir ataques de\ntipo Eléctrico.","language":{"name":"es","url":"http://pokeapi.co/api/v2/language/7/"},"version_group":{"name":"omega-ruby-alpha-sapphire","url":"http://pokeapi.co/api/v2/version-group/16/"}},{"flavor_text":"Treffer durch Elektro-Attacken\nregenerieren KP.","language":{"name":"de","url":"http://pokeapi.co/api/v2/language/6/"},"version_group":{"name":"omega-ruby-alpha-sapphire","url":"http://pokeapi.co/api/v2/version-group/16/"}},{"flavor_text":"Récupère des PV si touché par\nune capacité Électrik.","language":{"name":"fr","url":"http://pokeapi.co/api/v2/language/5/"},"version_group":{"name":"omega-ruby-alpha-sapphire","url":"http://pokeapi.co/api/v2/version-group/16/"}},{"flavor_text":"전기를 받으면\n회복한다.","language":{"name":"ko","url":"http://pokeapi.co/api/v2/language/3/"},"version_group":{"name":"omega-ruby-alpha-sapphire","url":"http://pokeapi.co/api/v2/version-group/16/"}},{"flavor_text":"でんきを　うけると\nかいふくする。","language":{"name":"ja","url":"http://pokeapi.co/api/v2/language/1/"},"version_group":{"name":"omega-ruby-alpha-sapphire","url":"http://pokeapi.co/api/v2/version-group/16/"}},{"flavor_text":"でんきを　受けると\n回復する。","language":{"name":"ja-kanji","url":"http://pokeapi.co/api/v2/language/11/"},"version_group":{"name":"x-y","url":"http://pokeapi.co/api/v2/version-group/15/"}},{"flavor_text":"Restores HP if hit by an\nElectric-type move.","language":{"name":"en","url":"http://pokeapi.co/api/v2/language/9/"},"version_group":{"name":"x-y","url":"http://pokeapi.co/api/v2/version-group/15/"}},{"flavor_text":"Ridà PS se il Pokémon subisce\nuna mossa di tipo Elettro.","language":{"name":"it","url":"http://pokeapi.co/api/v2/language/8/"},"version_group":{"name":"x-y","url":"http://pokeapi.co/api/v2/version-group/15/"}},{"flavor_text":"Recupera PS al recibir ataques de\ntipo Eléctrico.","language":{"name":"es","url":"http://pokeapi.co/api/v2/language/7/"},"version_group":{"name":"x-y","url":"http://pokeapi.co/api/v2/version-group/15/"}},{"flavor_text":"Treffer durch Elektro-Attacken\nregenerieren KP.","language":{"name":"de","url":"http://pokeapi.co/api/v2/language/6/"},"version_group":{"name":"x-y","url":"http://pokeapi.co/api/v2/version-group/15/"}},{"flavor_text":"Récupère des PV si touché par\nune capacité Électrik.","language":{"name":"fr","url":"http://pokeapi.co/api/v2/language/5/"},"version_group":{"name":"x-y","url":"http://pokeapi.co/api/v2/version-group/15/"}},{"flavor_text":"전기를 받으면\n회복한다.","language":{"name":"ko","url":"http://pokeapi.co/api/v2/language/3/"},"version_group":{"name":"x-y","url":"http://pokeapi.co/api/v2/version-group/15/"}},{"flavor_text":"でんきを　うけると\nかいふくする。","language":{"name":"ja","url":"http://pokeapi.co/api/v2/language/1/"},"version_group":{"name":"x-y","url":"http://pokeapi.co/api/v2/version-group/15/"}},{"flavor_text":"Restores HP if hit by an\nElectric-type move.","language":{"name":"en","url":"http://pokeapi.co/api/v2/language/9/"},"version_group":{"name":"black-2-white-2","url":"http://pokeapi.co/api/v2/version-group/14/"}},{"flavor_text":"Restores HP if hit by an\nElectric-type move.","language":{"name":"en","url":"http://pokeapi.co/api/v2/language/9/"},"version_group":{"name":"black-white","url":"http://pokeapi.co/api/v2/version-group/11/"}},{"flavor_text":"Récupère des PV si touché\npar une capacité Électrik.","language":{"name":"fr","url":"http://pokeapi.co/api/v2/language/5/"},"version_group":{"name":"black-white","url":"http://pokeapi.co/api/v2/version-group/11/"}},{"flavor_text":"Restores HP if hit by an\nElectric-type move.","language":{"name":"en","url":"http://pokeapi.co/api/v2/language/9/"},"version_group":{"name":"heartgold-soulsilver","url":"http://pokeapi.co/api/v2/version-group/10/"}},{"flavor_text":"Restores HP if hit by an\nElectric-type move.","language":{"name":"en","url":"http://pokeapi.co/api/v2/language/9/"},"version_group":{"name":"platinum","url":"http://pokeapi.co/api/v2/version-group/9/"}},{"flavor_text":"Restores HP if hit by an\nElectric-type move.","language":{"name":"en","url":"http://pokeapi.co/api/v2/language/9/"},"version_group":{"name":"diamond-pearl","url":"http://pokeapi.co/api/v2/version-group/8/"}},{"flavor_text":"Turns electricity into HP.","language":{"name":"en","url":"http://pokeapi.co/api/v2/language/9/"},"version_group":{"name":"firered-leafgreen","url":"http://pokeapi.co/api/v2/version-group/7/"}},{"flavor_text":"Turns electricity into HP.","language":{"name":"en","url":"http://pokeapi.co/api/v2/language/9/"},"version_group":{"name":"emerald","url":"http://pokeapi.co/api/v2/version-group/6/"}},{"flavor_text":"Turns electricity into HP.","language":{"name":"en","url":"http://pokeapi.co/api/v2/language/9/"},"version_group":{"name":"ruby-sapphire","url":"http://pokeapi.co/api/v2/version-group/5/"}}],"pokemon":[{"is_hidden":false,"slot":1,"pokemon":{"name":"jolteon","url":"http://pokeapi.co/api/v2/pokemon/135/"}},{"is_hidden":false,"slot":1,"pokemon":{"name":"chinchou","url":"http://pokeapi.co/api/v2/pokemon/170/"}},{"is_hidden":false,"slot":1,"pokemon":{"name":"lanturn","url":"http://pokeapi.co/api/v2/pokemon/171/"}},{"is_hidden":true,"slot":3,"pokemon":{"name":"raikou","url":"http://pokeapi.co/api/v2/pokemon/243/"}},{"is_hidden":true,"slot":3,"pokemon":{"name":"minun","url":"http://pokeapi.co/api/v2/pokemon/312/"}},{"is_hidden":true,"slot":3,"pokemon":{"name":"pachirisu","url":"http://pokeapi.co/api/v2/pokemon/417/"}},{"is_hidden":false,"slot":1,"pokemon":{"name":"thundurus-therian","url":"http://pokeapi.co/api/v2/pokemon/10020/"}}]}