{"id":124,"name":"pickpocket","is_main_series":true,"generation":{"name":"generation-v","url":"http://pokeapi.co/api/v2/generation/5/"},"names":[{"name":"Pickpocket","language":{"name":"en","url":"http://pokeapi.co/api/v2/language/9/"}},{"name":"Arraffalesto","language":{"name":"it","url":"http://pokeapi.co/api/v2/language/8/"}},{"name":"Hurto","language":{"name":"es","url":"http://pokeapi.co/api/v2/language/7/"}},{"name":"Langfinger","language":{"name":"de","url":"http://pokeapi.co/api/v2/language/6/"}},{"name":"Pickpocket","language":{"name":"fr","url":"http://pokeapi.co/api/v2/language/5/"}},{"name":"나쁜손버릇","language":{"name":"ko","url":"http://pokeapi.co/api/v2/language/3/"}},{"name":"わるいてぐせ","language":{"name":"ja","url":"http://pokeapi.co/api/v2/language/1/"}}],"effect_entries":[{"effect":"Whenever a move makes contact with this Pokémon, if it does not have a held item, it steals the attacker's held item.\n\nThis Pokémon cannot steal upon being knocked out.  It can steal if the attacker has a substitute, but cannot steal when its own Substitute is hit.  If a move hits multiple times, only the last hit triggers this ability.  If this Pokémon is wild, it cannot steal from a trained Pokémon.","short_effect":"Steals attacking Pokémon's held items on contact.","language":{"name":"en","url":"http://pokeapi.co/api/v2/language/9/"}}],"effect_changes":[],"flavor_text_entries":[{"flavor_text":"触られた　相手から\n道具を　盗む。","language":{"name":"ja-kanji","url":"http://pokeapi.co/api/v2/language/11/"},"version_group":{"name":"omega-ruby-alpha-sapphire","url":"http://pokeapi.co/api/v2/version-group/16/"}},{"flavor_text":"Steals an item from an attacker\nthat made direct contact.","language":{"name":"en","url":"http://pokeapi.co/api/v2/language/9/"},"version_group":{"name":"omega-ruby-alpha-sapphire","url":"http://pokeapi.co/api/v2/version-group/16/"}},{"flavor_text":"Al contatto subito, ruba lo\nstrumento di chi lo ha attaccato.","language":{"name":"it","url":"http://pokeapi.co/api/v2/language/8/"},"version_group":{"name":"omega-ruby-alpha-sapphire","url":"http://pokeapi.co/api/v2/version-group/16/"}},{"flavor_text":"Al ser golpeado, roba\nel objeto del objetivo.","language":{"name":"es","url":"http://pokeapi.co/api/v2/language/7/"},"version_group":{"name":"omega-ruby-alpha-sapphire","url":"http://pokeapi.co/api/v2/version-group/16/"}},{"flavor_text":"Stiehlt Angreifern Items,\nwenn es von ihnen berührt wird.","language":{"name":"de","url":"http://pokeapi.co/api/v2/language/6/"},"version_group":{"name":"omega-ruby-alpha-sapphire","url":"http://pokeapi.co/api/v2/version-group/16/"}},{"flavor_text":"Vole l’objet de l’attaquant si son\nattaque touche.","language":{"name":"fr","url":"http://pokeapi.co/api/v2/language/5/"},"version_group":{"name":"omega-ruby-alpha-sapphire","url":"http://pokeapi.co/api/v2/version-group/16/"}},{"flavor_text":"닿은 상대로부터\n도구를 훔친다.","language":{"name":"ko","url":"http://pokeapi.co/api/v2/language/3/"},"version_group":{"name":"omega-ruby-alpha-sapphire","url":"http://pokeapi.co/api/v2/version-group/16/"}},{"flavor_text":"さわられた　あいてから\nどうぐを　ぬすむ。","language":{"name":"ja","url":"http://pokeapi.co/api/v2/language/1/"},"version_group":{"name":"omega-ruby-alpha-sapphire","url":"http://pokeapi.co/api/v2/version-group/16/"}},{"flavor_text":"触られた　相手から\n道具を　盗む。","language":{"name":"ja-kanji","url":"http://pokeapi.co/api/v2/language/11/"},"version_group":{"name":"x-y","url":"http://pokeapi.co/api/v2/version-group/15/"}},{"flavor_text":"Steals an item from an attacker\nthat made direct contact.","language":{"name":"en","url":"http://pokeapi.co/api/v2/language/9/"},"version_group":{"name":"x-y","url":"http://pokeapi.co/api/v2/version-group/15/"}},{"flavor_text":"Al contatto subito, ruba lo\nstrumento di chi lo ha attaccato.","language":{"name":"it","url":"http://pokeapi.co/api/v2/language/8/"},"version_group":{"name":"x-y","url":"http://pokeapi.co/api/v2/version-group/15/"}},{"flavor_text":"Al ser golpeado, roba\nel objeto del objetivo.","language":{"name":"es","url":"http://pokeapi.co/api/v2/language/7/"},"version_group":{"name":"x-y","url":"http://pokeapi.co/api/v2/version-group/15/"}},{"flavor_text":"Stiehlt Angreifern Items,\nwenn es von ihnen berührt wird.","language":{"name":"de","url":"http://pokeapi.co/api/v2/language/6/"},"version_group":{"name":"x-y","url":"http://pokeapi.co/api/v2/version-group/15/"}},{"flavor_text":"Vole l’objet de l’attaquant si son\nattaque touche.","language":{"name":"fr","url":"http://pokeapi.co/api/v2/language/5/"},"version_group":{"name":"x-y","url":"http://pokeapi.co/api/v2/version-group/15/"}},{"flavor_text":"닿은 상대로부터\n도구를 훔친다.","language":{"name":"ko","url":"http://pokeapi.co/api/v2/language/3/"},"version_group":{"name":"x-y","url":"http://pokeapi.co/api/v2/version-group/15/"}},{"flavor_text":"さわられた　あいてから\nどうぐを　ぬすむ。","language":{"name":"ja","url":"http://pokeapi.co/api/v2/language/1/"},"version_group":{"name":"x-y","url":"http://pokeapi.co/api/v2/version-group/15/"}},{"flavor_text":"Steals an item when hit\nby another Pokémon.","language":{"name":"en","url":"http://pokeapi.co/api/v2/language/9/"},"version_group":{"name":"black-2-white-2","url":"http://pokeapi.co/api/v2/version-group/14/"}},{"flavor_text":"Steals an item when hit\nby another Pokémon.","language":{"name":"en","url":"http://pokeapi.co/api/v2/language/9/"},"version_group":{"name":"black-white","url":"http://pokeapi.co/api/v2/version-group/11/"}},{"flavor_text":"Vole l’objet de l’ennemi\nsi son attaque touche.","language":{"name":"fr","url":"http://pokeapi.co/api/v2/language/5/"},"version_group":{"name":"black-white","url":"http://pokeapi.co/api/v2/version-group/11/"}}],"pokemon":[{"is_hidden":true,"slot":3,"pokemon":{"name":"sneasel","url":"http://pokeapi.co/api/v2/pokemon/215/"}},{"is_hidden":true,"slot":3,"pokemon":{"name":"seedot","url":"http://pokeapi.co/api/v2/pokemon/273/"}},{"is_hidden":true,"slot":3,"pokemon":{"name":"nuzleaf","url":"http://pokeapi.co/api/v2/pokemon/274/"}},{"is_hidden":true,"slot":3,"pokemon":{"name":"shiftry","url":"http://pokeapi.co/api/v2/pokemon/275/"}},{"is_hidden":true,"slot":3,"pokemon":{"name":"weavile","url":"http://pokeapi.co/api/v2/pokemon/461/"}},{"is_hidden":true,"slot":3,"pokemon":{"name":"binacle","url":"http://pokeapi.co/api/v2/pokemon/688/"}},{"is_hidden":true,"slot":3,"pokemon":{"name":"barbaracle","url":"http://pokeapi.co/api/v2/pokemon/689/"}}]}