{"id":64,"name":"liquid-ooze","is_main_series":true,"generation":{"name":"generation-iii","url":"http://pokeapi.co/api/v2/generation/3/"},"names":[{"name":"Liquid Ooze","language":{"name":"en","url":"http://pokeapi.co/api/v2/language/9/"}},{"name":"Melma","language":{"name":"it","url":"http://pokeapi.co/api/v2/language/8/"}},{"name":"Lodo Líquido","language":{"name":"es","url":"http://pokeapi.co/api/v2/language/7/"}},{"name":"Kloakensoße","language":{"name":"de","url":"http://pokeapi.co/api/v2/language/6/"}},{"name":"Suintement","language":{"name":"fr","url":"http://pokeapi.co/api/v2/language/5/"}},{"name":"해감액","language":{"name":"ko","url":"http://pokeapi.co/api/v2/language/3/"}},{"name":"ヘドロえき","language":{"name":"ja","url":"http://pokeapi.co/api/v2/language/1/"}}],"effect_entries":[{"effect":"Whenever a Pokémon would heal after hitting this Pokémon with a leeching move like absorb, it instead loses as many HP as it would usually gain.\n\ndream eater is unaffected.","short_effect":"Damages opponents using leeching moves for as much as they would heal.","language":{"name":"en","url":"http://pokeapi.co/api/v2/language/9/"}}],"effect_changes":[],"flavor_text_entries":[{"flavor_text":"吸いとった　相手の\nＨＰを　減らす。","language":{"name":"ja-kanji","url":"http://pokeapi.co/api/v2/language/11/"},"version_group":{"name":"omega-ruby-alpha-sapphire","url":"http://pokeapi.co/api/v2/version-group/16/"}},{"flavor_text":"Damages attackers\nusing any draining move.","language":{"name":"en","url":"http://pokeapi.co/api/v2/language/9/"},"version_group":{"name":"omega-ruby-alpha-sapphire","url":"http://pokeapi.co/api/v2/version-group/16/"}},{"flavor_text":"Danneggia i Pokémon che usano\nmosse ruba-PS.","language":{"name":"it","url":"http://pokeapi.co/api/v2/language/8/"},"version_group":{"name":"omega-ruby-alpha-sapphire","url":"http://pokeapi.co/api/v2/version-group/16/"}},{"flavor_text":"Hiere a los Pokémon que drenan\nPS.","language":{"name":"es","url":"http://pokeapi.co/api/v2/language/7/"},"version_group":{"name":"omega-ruby-alpha-sapphire","url":"http://pokeapi.co/api/v2/version-group/16/"}},{"flavor_text":"Schadet Angreifern,\ndie Saug-Attacken einsetzen.","language":{"name":"de","url":"http://pokeapi.co/api/v2/language/6/"},"version_group":{"name":"omega-ruby-alpha-sapphire","url":"http://pokeapi.co/api/v2/version-group/16/"}},{"flavor_text":"Blesse l’attaquant qui draine\nl’énergie du Pokémon.","language":{"name":"fr","url":"http://pokeapi.co/api/v2/language/5/"},"version_group":{"name":"omega-ruby-alpha-sapphire","url":"http://pokeapi.co/api/v2/version-group/16/"}},{"flavor_text":"흡수한 상대의\nHP를 줄인다.","language":{"name":"ko","url":"http://pokeapi.co/api/v2/language/3/"},"version_group":{"name":"omega-ruby-alpha-sapphire","url":"http://pokeapi.co/api/v2/version-group/16/"}},{"flavor_text":"すいとった　あいての\nＨＰを　へらす。","language":{"name":"ja","url":"http://pokeapi.co/api/v2/language/1/"},"version_group":{"name":"omega-ruby-alpha-sapphire","url":"http://pokeapi.co/api/v2/version-group/16/"}},{"flavor_text":"吸いとった　相手の\nＨＰを　減らす。","language":{"name":"ja-kanji","url":"http://pokeapi.co/api/v2/language/11/"},"version_group":{"name":"x-y","url":"http://pokeapi.co/api/v2/version-group/15/"}},{"flavor_text":"Damages attackers\nusing any draining move.","language":{"name":"en","url":"http://pokeapi.co/api/v2/language/9/"},"version_group":{"name":"x-y","url":"http://pokeapi.co/api/v2/version-group/15/"}},{"flavor_text":"Danneggia i Pokémon che usano\nmosse ruba-PS.","language":{"name":"it","url":"http://pokeapi.co/api/v2/language/8/"},"version_group":{"name":"x-y","url":"http://pokeapi.co/api/v2/version-group/15/"}},{"flavor_text":"Hiere a los Pokémon que drenan\nPS.","language":{"name":"es","url":"http://pokeapi.co/api/v2/language/7/"},"version_group":{"name":"x-y","url":"http://pokeapi.co/api/v2/version-group/15/"}},{"flavor_text":"Schadet Angreifern,\ndie Saug-Attacken einsetzen.","language":{"name":"de","url":"http://pokeapi.co/api/v2/language/6/"},"version_group":{"name":"x-y","url":"http://pokeapi.co/api/v2/version-group/15/"}},{"flavor_text":"Blesse l’attaquant qui draine\nl’énergie du Pokémon.","language":{"name":"fr","url":"http://pokeapi.co/api/v2/language/5/"},"version_group":{"name":"x-y","url":"http://pokeapi.co/api/v2/version-group/15/"}},{"flavor_text":"흡수한 상대의\nHP를 줄인다.","language":{"name":"ko","url":"http://pokeapi.co/api/v2/language/3/"},"version_group":{"name":"x-y","url":"http://pokeapi.co/api/v2/version-group/15/"}},{"flavor_text":"すいとった　あいての\nＨＰを　へらす。","language":{"name":"ja","url":"http://pokeapi.co/api/v2/language/1/"},"version_group":{"name":"x-y","url":"http://pokeapi.co/api/v2/version-group/15/"}},{"flavor_text":"Damages attackers\nusing any draining move.","language":{"name":"en","url":"http://pokeapi.co/api/v2/language/9/"},"version_group":{"name":"black-2-white-2","url":"http://pokeapi.co/api/v2/version-group/14/"}},{"flavor_text":"Damages attackers\nusing any draining move.","language":{"name":"en","url":"http://pokeapi.co/api/v2/language/9/"},"version_group":{"name":"black-white","url":"http://pokeapi.co/api/v2/version-group/11/"}},{"flavor_text":"Blesse l’ennemi qui draine\nl’énergie du Pokémon.","language":{"name":"fr","url":"http://pokeapi.co/api/v2/language/5/"},"version_group":{"name":"black-white","url":"http://pokeapi.co/api/v2/version-group/11/"}},{"flavor_text":"Inflicts damage on foes\nusing any draining move.","language":{"name":"en","url":"http://pokeapi.co/api/v2/language/9/"},"version_group":{"name":"heartgold-soulsilver","url":"http://pokeapi.co/api/v2/version-group/10/"}},{"flavor_text":"Inflicts damage on foes\nusing any draining move.","language":{"name":"en","url":"http://pokeapi.co/api/v2/language/9/"},"version_group":{"name":"platinum","url":"http://pokeapi.co/api/v2/version-group/9/"}},{"flavor_text":"Inflicts damage on foes\nusing any draining move.","language":{"name":"en","url":"http://pokeapi.co/api/v2/language/9/"},"version_group":{"name":"diamond-pearl","url":"http://pokeapi.co/api/v2/version-group/8/"}},{"flavor_text":"Draining causes injury.","language":{"name":"en","url":"http://pokeapi.co/api/v2/language/9/"},"version_group":{"name":"firered-leafgreen","url":"http://pokeapi.co/api/v2/version-group/7/"}},{"flavor_text":"Draining causes injury.","language":{"name":"en","url":"http://pokeapi.co/api/v2/language/9/"},"version_group":{"name":"emerald","url":"http://pokeapi.co/api/v2/version-group/6/"}},{"flavor_text":"Draining causes injury.","language":{"name":"en","url":"http://pokeapi.co/api/v2/language/9/"},"version_group":{"name":"ruby-sapphire","url":"http://pokeapi.co/api/v2/version-group/5/"}}],"pokemon":[{"is_hidden":false,"slot":2,"pokemon":{"name":"tentacool","url":"http://pokeapi.co/api/v2/pokemon/72/"}},{"is_hidden":false,"slot":2,"pokemon":{"name":"tentacruel","url":"http://pokeapi.co/api/v2/pokemon/73/"}},{"is_hidden":false,"slot":1,"pokemon":{"name":"gulpin","url":"http://pokeapi.co/api/v2/pokemon/316/"}},{"is_hidden":false,"slot":1,"pokemon":{"name":"swalot","url":"http://pokeapi.co/api/v2/pokemon/317/"}}]}