{"id":30,"name":"natural-cure","is_main_series":true,"generation":{"name":"generation-iii","url":"http://pokeapi.co/api/v2/generation/3/"},"names":[{"name":"Natural Cure","language":{"name":"en","url":"http://pokeapi.co/api/v2/language/9/"}},{"name":"Alternacura","language":{"name":"it","url":"http://pokeapi.co/api/v2/language/8/"}},{"name":"Cura Natural","language":{"name":"es","url":"http://pokeapi.co/api/v2/language/7/"}},{"name":"Innere Kraft","language":{"name":"de","url":"http://pokeapi.co/api/v2/language/6/"}},{"name":"Médic Nature","language":{"name":"fr","url":"http://pokeapi.co/api/v2/language/5/"}},{"name":"자연회복","language":{"name":"ko","url":"http://pokeapi.co/api/v2/language/3/"}},{"name":"しぜんかいふく","language":{"name":"ja","url":"http://pokeapi.co/api/v2/language/1/"}}],"effect_entries":[{"effect":"This Pokémon is cured of any major status ailment when it is switched out for another Pokémon.\n\nIf this ability is acquired during battle, the Pokémon is cured upon leaving battle before losing the temporary ability.","short_effect":"Cures any major status ailment upon switching out.","language":{"name":"en","url":"http://pokeapi.co/api/v2/language/9/"}}],"effect_changes":[],"flavor_text_entries":[{"flavor_text":"状態異常が\nひっこむと　治る。","language":{"name":"ja-kanji","url":"http://pokeapi.co/api/v2/language/11/"},"version_group":{"name":"omega-ruby-alpha-sapphire","url":"http://pokeapi.co/api/v2/version-group/16/"}},{"flavor_text":"All status conditions heal when\nthe Pokémon switches out.","language":{"name":"en","url":"http://pokeapi.co/api/v2/language/9/"},"version_group":{"name":"omega-ruby-alpha-sapphire","url":"http://pokeapi.co/api/v2/version-group/16/"}},{"flavor_text":"Cura i problemi di stato quando\nil Pokémon viene sostituito.","language":{"name":"it","url":"http://pokeapi.co/api/v2/language/8/"},"version_group":{"name":"omega-ruby-alpha-sapphire","url":"http://pokeapi.co/api/v2/version-group/16/"}},{"flavor_text":"Cura problemas de estado al\ncambiar de Pokémon.","language":{"name":"es","url":"http://pokeapi.co/api/v2/language/7/"},"version_group":{"name":"omega-ruby-alpha-sapphire","url":"http://pokeapi.co/api/v2/version-group/16/"}},{"flavor_text":"Heilt bei Austausch\nStatusprobleme.","language":{"name":"de","url":"http://pokeapi.co/api/v2/language/6/"},"version_group":{"name":"omega-ruby-alpha-sapphire","url":"http://pokeapi.co/api/v2/version-group/16/"}},{"flavor_text":"Quitter le combat soigne les\nproblèmes de statut.","language":{"name":"fr","url":"http://pokeapi.co/api/v2/language/5/"},"version_group":{"name":"omega-ruby-alpha-sapphire","url":"http://pokeapi.co/api/v2/version-group/16/"}},{"flavor_text":"배틀에서 일단 물러나면\n상태 이상이 회복된다.","language":{"name":"ko","url":"http://pokeapi.co/api/v2/language/3/"},"version_group":{"name":"omega-ruby-alpha-sapphire","url":"http://pokeapi.co/api/v2/version-group/16/"}},{"flavor_text":"じょうたい　いじょうが\nひっこむと　なおる。","language":{"name":"ja","url":"http://pokeapi.co/api/v2/language/1/"},"version_group":{"name":"omega-ruby-alpha-sapphire","url":"http://pokeapi.co/api/v2/version-group/16/"}},{"flavor_text":"状態異常が\nひっこむと　治る。","language":{"name":"ja-kanji","url":"http://pokeapi.co/api/v2/language/11/"},"version_group":{"name":"x-y","url":"http://pokeapi.co/api/v2/version-group/15/"}},{"flavor_text":"All status conditions heal when\nthe Pokémon switches out.","language":{"name":"en","url":"http://pokeapi.co/api/v2/language/9/"},"version_group":{"name":"x-y","url":"http://pokeapi.co/api/v2/version-group/15/"}},{"flavor_text":"Cura i problemi di stato quando\nil Pokémon viene sostituito.","language":{"name":"it","url":"http://pokeapi.co/api/v2/language/8/"},"version_group":{"name":"x-y","url":"http://pokeapi.co/api/v2/version-group/15/"}},{"flavor_text":"Cura problemas de estado al\ncambiar de Pokémon.","language":{"name":"es","url":"http://pokeapi.co/api/v2/language/7/"},"version_group":{"name":"x-y","url":"http://pokeapi.co/api/v2/version-group/15/"}},{"flavor_text":"Heilt bei Austausch\nStatusprobleme.","language":{"name":"de","url":"http://pokeapi.co/api/v2/language/6/"},"version_group":{"name":"x-y","url":"http://pokeapi.co/api/v2/version-group/15/"}},{"flavor_text":"Quitter le combat soigne les\nproblèmes de statut.","language":{"name":"fr","url":"http://pokeapi.co/api/v2/language/5/"},"version_group":{"name":"x-y","url":"http://pokeapi.co/api/v2/version-group/15/"}},{"flavor_text":"배틀에서 일단 물러나면\n상태 이상이 회복된다.","language":{"name":"ko","url":"http://pokeapi.co/api/v2/language/3/"},"version_group":{"name":"x-y","url":"http://pokeapi.co/api/v2/version-group/15/"}},{"flavor_text":"じょうたい　いじょうが\nひっこむと　なおる。","language":{"name":"ja","url":"http://pokeapi.co/api/v2/language/1/"},"version_group":{"name":"x-y","url":"http://pokeapi.co/api/v2/version-group/15/"}},{"flavor_text":"All status problems heal\nwhen it switches out.","language":{"name":"en","url":"http://pokeapi.co/api/v2/language/9/"},"version_group":{"name":"black-2-white-2","url":"http://pokeapi.co/api/v2/version-group/14/"}},{"flavor_text":"All status problems heal\nwhen it switches out.","language":{"name":"en","url":"http://pokeapi.co/api/v2/language/9/"},"version_group":{"name":"black-white","url":"http://pokeapi.co/api/v2/version-group/11/"}},{"flavor_text":"Quitter le combat soigne\nles problèmes de statut.","language":{"name":"fr","url":"http://pokeapi.co/api/v2/language/5/"},"version_group":{"name":"black-white","url":"http://pokeapi.co/api/v2/version-group/11/"}},{"flavor_text":"All status problems heal\nwhen it switches out.","language":{"name":"en","url":"http://pokeapi.co/api/v2/language/9/"},"version_group":{"name":"heartgold-soulsilver","url":"http://pokeapi.co/api/v2/version-group/10/"}},{"flavor_text":"All status problems are\nhealed upon switching out.","language":{"name":"en","url":"http://pokeapi.co/api/v2/language/9/"},"version_group":{"name":"platinum","url":"http://pokeapi.co/api/v2/version-group/9/"}},{"flavor_text":"All status problems are\nhealed upon switching out.","language":{"name":"en","url":"http://pokeapi.co/api/v2/language/9/"},"version_group":{"name":"diamond-pearl","url":"http://pokeapi.co/api/v2/version-group/8/"}},{"flavor_text":"Heals upon switching out.","language":{"name":"en","url":"http://pokeapi.co/api/v2/language/9/"},"version_group":{"name":"firered-leafgreen","url":"http://pokeapi.co/api/v2/version-group/7/"}},{"flavor_text":"Heals upon switching out.","language":{"name":"en","url":"http://pokeapi.co/api/v2/language/9/"},"version_group":{"name":"emerald","url":"http://pokeapi.co/api/v2/version-group/6/"}},{"flavor_text":"Heals upon switching out.","language":{"name":"en","url":"http://pokeapi.co/api/v2/language/9/"},"version_group":{"name":"ruby-sapphire","url":"http://pokeapi.co/api/v2/version-group/5/"}}],"pokemon":[{"is_hidden":false,"slot":1,"pokemon":{"name":"chansey","url":"http://pokeapi.co/api/v2/pokemon/113/"}},{"is_hidden":false,"slot":2,"pokemon":{"name":"staryu","url":"http://pokeapi.co/api/v2/pokemon/120/"}},{"is_hidden":false,"slot":2,"pokemon":{"name":"starmie","url":"http://pokeapi.co/api/v2/pokemon/121/"}},{"is_hidden":false,"slot":2,"pokemon":{"name":"corsola","url":"http://pokeapi.co/api/v2/pokemon/222/"}},{"is_hidden":false,"slot":1,"pokemon":{"name":"blissey","url":"http://pokeapi.co/api/v2/pokemon/242/"}},{"is_hidden":false,"slot":1,"pokemon":{"name":"celebi","url":"http://pokeapi.co/api/v2/pokemon/251/"}},{"is_hidden":false,"slot":1,"pokemon":{"name":"roselia","url":"http://pokeapi.co/api/v2/pokemon/315/"}},{"is_hidden":false,"slot":1,"pokemon":{"name":"swablu","url":"http://pokeapi.co/api/v2/pokemon/333/"}},{"is_hidden":false,"slot":1,"pokemon":{"name":"altaria","url":"http://pokeapi.co/api/v2/pokemon/334/"}},{"is_hidden":false,"slot":1,"pokemon":{"name":"budew","url":"http://pokeapi.co/api/v2/pokemon/406/"}},{"is_hidden":false,"slot":1,"pokemon":{"name":"roserade","url":"http://pokeapi.co/api/v2/pokemon/407/"}},{"is_hidden":false,"slot":1,"pokemon":{"name":"happiny","url":"http://pokeapi.co/api/v2/pokemon/440/"}},{"is_hidden":false,"slot":1,"pokemon":{"name":"shaymin-land","url":"http://pokeapi.co/api/v2/pokemon/492/"}},{"is_hidden":false,"slot":1,"pokemon":{"name":"phantump","url":"http://pokeapi.co/api/v2/pokemon/708/"}},{"is_hidden":false,"slot":1,"pokemon":{"name":"trevenant","url":"http://pokeapi.co/api/v2/pokemon/709/"}}]}