{"id":69,"name":"rock-head","is_main_series":true,"generation":{"name":"generation-iii","url":"http://pokeapi.co/api/v2/generation/3/"},"names":[{"name":"Rock Head","language":{"name":"en","url":"http://pokeapi.co/api/v2/language/9/"}},{"name":"Testadura","language":{"name":"it","url":"http://pokeapi.co/api/v2/language/8/"}},{"name":"Cabeza Roca","language":{"name":"es","url":"http://pokeapi.co/api/v2/language/7/"}},{"name":"Steinhaupt","language":{"name":"de","url":"http://pokeapi.co/api/v2/language/6/"}},{"name":"Tête de Roc","language":{"name":"fr","url":"http://pokeapi.co/api/v2/language/5/"}},{"name":"돌머리","language":{"name":"ko","url":"http://pokeapi.co/api/v2/language/3/"}},{"name":"いしあたま","language":{"name":"ja","url":"http://pokeapi.co/api/v2/language/1/"}}],"effect_entries":[{"effect":"This Pokémon does not receive recoil damage from its recoil moves.\n\nstruggle's recoil is unaffected.  This ability does not prevent crash damage from missing with jump kick or high jump kick.","short_effect":"Protects against recoil damage.","language":{"name":"en","url":"http://pokeapi.co/api/v2/language/9/"}}],"effect_changes":[],"flavor_text_entries":[{"flavor_text":"ぶつかっても\n反動を　受けない。","language":{"name":"ja-kanji","url":"http://pokeapi.co/api/v2/language/11/"},"version_group":{"name":"omega-ruby-alpha-sapphire","url":"http://pokeapi.co/api/v2/version-group/16/"}},{"flavor_text":"Protects the Pokémon\nfrom recoil damage.","language":{"name":"en","url":"http://pokeapi.co/api/v2/language/9/"},"version_group":{"name":"omega-ruby-alpha-sapphire","url":"http://pokeapi.co/api/v2/version-group/16/"}},{"flavor_text":"Protegge il Pokémon dai\ncontraccolpi.","language":{"name":"it","url":"http://pokeapi.co/api/v2/language/8/"},"version_group":{"name":"omega-ruby-alpha-sapphire","url":"http://pokeapi.co/api/v2/version-group/16/"}},{"flavor_text":"Impide que el Pokémon se dañe\ncon sus movimientos.","language":{"name":"es","url":"http://pokeapi.co/api/v2/language/7/"},"version_group":{"name":"omega-ruby-alpha-sapphire","url":"http://pokeapi.co/api/v2/version-group/16/"}},{"flavor_text":"Verhindert Schaden, der durch\nRückstoß entstehen würde.","language":{"name":"de","url":"http://pokeapi.co/api/v2/language/6/"},"version_group":{"name":"omega-ruby-alpha-sapphire","url":"http://pokeapi.co/api/v2/version-group/16/"}},{"flavor_text":"Protège le Pokémon des dégâts\nde contrecoups.","language":{"name":"fr","url":"http://pokeapi.co/api/v2/language/5/"},"version_group":{"name":"omega-ruby-alpha-sapphire","url":"http://pokeapi.co/api/v2/version-group/16/"}},{"flavor_text":"부딪쳐도\n반동을 받지 않는다.","language":{"name":"ko","url":"http://pokeapi.co/api/v2/language/3/"},"version_group":{"name":"omega-ruby-alpha-sapphire","url":"http://pokeapi.co/api/v2/version-group/16/"}},{"flavor_text":"ぶつかっても\nはんどうを　うけない。","language":{"name":"ja","url":"http://pokeapi.co/api/v2/language/1/"},"version_group":{"name":"omega-ruby-alpha-sapphire","url":"http://pokeapi.co/api/v2/version-group/16/"}},{"flavor_text":"ぶつかっても\n反動を　受けない。","language":{"name":"ja-kanji","url":"http://pokeapi.co/api/v2/language/11/"},"version_group":{"name":"x-y","url":"http://pokeapi.co/api/v2/version-group/15/"}},{"flavor_text":"Protects the Pokémon\nfrom recoil damage.","language":{"name":"en","url":"http://pokeapi.co/api/v2/language/9/"},"version_group":{"name":"x-y","url":"http://pokeapi.co/api/v2/version-group/15/"}},{"flavor_text":"Protegge il Pokémon dai\ncontraccolpi.","language":{"name":"it","url":"http://pokeapi.co/api/v2/language/8/"},"version_group":{"name":"x-y","url":"http://pokeapi.co/api/v2/version-group/15/"}},{"flavor_text":"Impide que el Pokémon se dañe\ncon sus movimientos.","language":{"name":"es","url":"http://pokeapi.co/api/v2/language/7/"},"version_group":{"name":"x-y","url":"http://pokeapi.co/api/v2/version-group/15/"}},{"flavor_text":"Verhindert Schaden, der durch\nRückstoß entsteht.","language":{"name":"de","url":"http://pokeapi.co/api/v2/language/6/"},"version_group":{"name":"x-y","url":"http://pokeapi.co/api/v2/version-group/15/"}},{"flavor_text":"Protège le Pokémon des dégâts\nde contrecoups.","language":{"name":"fr","url":"http://pokeapi.co/api/v2/language/5/"},"version_group":{"name":"x-y","url":"http://pokeapi.co/api/v2/version-group/15/"}},{"flavor_text":"부딪쳐도\n반동을 받지 않는다.","language":{"name":"ko","url":"http://pokeapi.co/api/v2/language/3/"},"version_group":{"name":"x-y","url":"http://pokeapi.co/api/v2/version-group/15/"}},{"flavor_text":"ぶつかっても\nはんどうを　うけない。","language":{"name":"ja","url":"http://pokeapi.co/api/v2/language/1/"},"version_group":{"name":"x-y","url":"http://pokeapi.co/api/v2/version-group/15/"}},{"flavor_text":"Protects the Pokémon\nfrom recoil damage.","language":{"name":"en","url":"http://pokeapi.co/api/v2/language/9/"},"version_group":{"name":"black-2-white-2","url":"http://pokeapi.co/api/v2/version-group/14/"}},{"flavor_text":"Protects the Pokémon\nfrom recoil damage.","language":{"name":"en","url":"http://pokeapi.co/api/v2/language/9/"},"version_group":{"name":"black-white","url":"http://pokeapi.co/api/v2/version-group/11/"}},{"flavor_text":"Protège le Pokémon des\ndégâts de contrecoups.","language":{"name":"fr","url":"http://pokeapi.co/api/v2/language/5/"},"version_group":{"name":"black-white","url":"http://pokeapi.co/api/v2/version-group/11/"}},{"flavor_text":"Protects the Pokémon\nfrom recoil damage.","language":{"name":"en","url":"http://pokeapi.co/api/v2/language/9/"},"version_group":{"name":"heartgold-soulsilver","url":"http://pokeapi.co/api/v2/version-group/10/"}},{"flavor_text":"Protects the Pokémon\nfrom recoil damage.","language":{"name":"en","url":"http://pokeapi.co/api/v2/language/9/"},"version_group":{"name":"platinum","url":"http://pokeapi.co/api/v2/version-group/9/"}},{"flavor_text":"Protects the Pokémon\nfrom recoil damage.","language":{"name":"en","url":"http://pokeapi.co/api/v2/language/9/"},"version_group":{"name":"diamond-pearl","url":"http://pokeapi.co/api/v2/version-group/8/"}},{"flavor_text":"Prevents recoil damage.","language":{"name":"en","url":"http://pokeapi.co/api/v2/language/9/"},"version_group":{"name":"firered-leafgreen","url":"http://pokeapi.co/api/v2/version-group/7/"}},{"flavor_text":"Prevents recoil damage.","language":{"name":"en","url":"http://pokeapi.co/api/v2/language/9/"},"version_group":{"name":"emerald","url":"http://pokeapi.co/api/v2/version-group/6/"}},{"flavor_text":"Prevents recoil damage.","language":{"name":"en","url":"http://pokeapi.co/api/v2/language/9/"},"version_group":{"name":"ruby-sapphire","url":"http://pokeapi.co/api/v2/version-group/5/"}}],"pokemon":[{"is_hidden":false,"slot":1,"pokemon":{"name":"geodude","url":"http://pokeapi.co/api/v2/pokemon/74/"}},{"is_hidden":false,"slot":1,"pokemon":{"name":"graveler","url":"http://pokeapi.co/api/v2/pokemon/75/"}},{"is_hidden":false,"slot":1,"pokemon":{"name":"golem","url":"http://pokeapi.co/api/v2/pokemon/76/"}},{"is_hidden":false,"slot":1,"pokemon":{"name":"onix","url":"http://pokeapi.co/api/v2/pokemon/95/"}},{"is_hidden":false,"slot":1,"pokemon":{"name":"cubone","url":"http://pokeapi.co/api/v2/pokemon/104/"}},{"is_hidden":false,"slot":1,"pokemon":{"name":"marowak","url":"http://pokeapi.co/api/v2/pokemon/105/"}},{"is_hidden":false,"slot":2,"pokemon":{"name":"rhyhorn","url":"http://pokeapi.co/api/v2/pokemon/111/"}},{"is_hidden":false,"slot":2,"pokemon":{"name":"rhydon","url":"http://pokeapi.co/api/v2/pokemon/112/"}},{"is_hidden":false,"slot":1,"pokemon":{"name":"aerodactyl","url":"http://pokeapi.co/api/v2/pokemon/142/"}},{"is_hidden":false,"slot":2,"pokemon":{"name":"sudowoodo","url":"http://pokeapi.co/api/v2/pokemon/185/"}},{"is_hidden":false,"slot":1,"pokemon":{"name":"steelix","url":"http://pokeapi.co/api/v2/pokemon/208/"}},{"is_hidden":false,"slot":2,"pokemon":{"name":"aron","url":"http://pokeapi.co/api/v2/pokemon/304/"}},{"is_hidden":false,"slot":2,"pokemon":{"name":"lairon","url":"http://pokeapi.co/api/v2/pokemon/305/"}},{"is_hidden":false,"slot":2,"pokemon":{"name":"aggron","url":"http://pokeapi.co/api/v2/pokemon/306/"}},{"is_hidden":false,"slot":2,"pokemon":{"name":"relicanth","url":"http://pokeapi.co/api/v2/pokemon/369/"}},{"is_hidden":false,"slot":1,"pokemon":{"name":"bagon","url":"http://pokeapi.co/api/v2/pokemon/371/"}},{"is_hidden":false,"slot":1,"pokemon":{"name":"shelgon","url":"http://pokeapi.co/api/v2/pokemon/372/"}},{"is_hidden":false,"slot":2,"pokemon":{"name":"bonsly","url":"http://pokeapi.co/api/v2/pokemon/438/"}},{"is_hidden":true,"slot":3,"pokemon":{"name":"tyrantrum","url":"http://pokeapi.co/api/v2/pokemon/697/"}},{"is_hidden":false,"slot":1,"pokemon":{"name":"basculin-blue-striped","url":"http://pokeapi.co/api/v2/pokemon/10016/"}}]}