{"id":18,"name":"flash-fire","is_main_series":true,"generation":{"name":"generation-iii","url":"http://pokeapi.co/api/v2/generation/3/"},"names":[{"name":"Flash Fire","language":{"name":"en","url":"http://pokeapi.co/api/v2/language/9/"}},{"name":"Fuocardore","language":{"name":"it","url":"http://pokeapi.co/api/v2/language/8/"}},{"name":"Absorbe Fuego","language":{"name":"es","url":"http://pokeapi.co/api/v2/language/7/"}},{"name":"Feuerfänger","language":{"name":"de","url":"http://pokeapi.co/api/v2/language/6/"}},{"name":"Torche","language":{"name":"fr","url":"http://pokeapi.co/api/v2/language/5/"}},{"name":"타오르는불꽃","language":{"name":"ko","url":"http://pokeapi.co/api/v2/language/3/"}},{"name":"もらいび","language":{"name":"ja","url":"http://pokeapi.co/api/v2/language/1/"}}],"effect_entries":[{"effect":"This Pokémon is immune to fire-type moves.  Once this Pokémon has been hit by a Fire move, its own Fire moves will inflict 1.5× as much damage until it leaves battle.\n\nThis ability has no effect while the Pokémon is frozen.  The Fire damage bonus is retained even if the Pokémon is frozen and thawed or the ability is lost or disabled.  Fire moves will ignore this Pokémon's substitute.  This ability takes effect even on non-damaging moves, i.e. will o wisp.","short_effect":"Protects against fire moves.  Once one has been blocked, the Pokémon's own Fire moves inflict 1.5× damage until it leaves battle.","language":{"name":"en","url":"http://pokeapi.co/api/v2/language/9/"}}],"effect_changes":[{"version_group":{"name":"diamond-pearl","url":"http://pokeapi.co/api/v2/version-group/8/"},"effect_entries":[{"effect":"will o wisp does not trigger this ability for Pokémon immune to burns.","language":{"name":"en","url":"http://pokeapi.co/api/v2/language/9/"}}]}],"flavor_text_entries":[{"flavor_text":"ほのおを　受けると\nほのお技が　強くなる。","language":{"name":"ja-kanji","url":"http://pokeapi.co/api/v2/language/11/"},"version_group":{"name":"omega-ruby-alpha-sapphire","url":"http://pokeapi.co/api/v2/version-group/16/"}},{"flavor_text":"Powers up the Pokémon’s\nFire-type moves if it’s hit by one.","language":{"name":"en","url":"http://pokeapi.co/api/v2/language/9/"},"version_group":{"name":"omega-ruby-alpha-sapphire","url":"http://pokeapi.co/api/v2/version-group/16/"}},{"flavor_text":"Potenzia le proprie mosse Fuoco\nse se ne subisce una.","language":{"name":"it","url":"http://pokeapi.co/api/v2/language/8/"},"version_group":{"name":"omega-ruby-alpha-sapphire","url":"http://pokeapi.co/api/v2/version-group/16/"}},{"flavor_text":"Potencia movimientos de tipo\nFuego si ha sufrido antes alguno.","language":{"name":"es","url":"http://pokeapi.co/api/v2/language/7/"},"version_group":{"name":"omega-ruby-alpha-sapphire","url":"http://pokeapi.co/api/v2/version-group/16/"}},{"flavor_text":"Verstärkt Feuer-Attacken, wenn\nvon Feuer-Attacken getroffen.","language":{"name":"de","url":"http://pokeapi.co/api/v2/language/6/"},"version_group":{"name":"omega-ruby-alpha-sapphire","url":"http://pokeapi.co/api/v2/version-group/16/"}},{"flavor_text":"Booste les capacités Feu si\ntouché par attaque Feu.","language":{"name":"fr","url":"http://pokeapi.co/api/v2/language/5/"},"version_group":{"name":"omega-ruby-alpha-sapphire","url":"http://pokeapi.co/api/v2/version-group/16/"}},{"flavor_text":"불꽃을 받으면\n불꽃 기술이 강해진다.","language":{"name":"ko","url":"http://pokeapi.co/api/v2/language/3/"},"version_group":{"name":"omega-ruby-alpha-sapphire","url":"http://pokeapi.co/api/v2/version-group/16/"}},{"flavor_text":"ほのおを　うけると\nほのおわざが　つよくなる。","language":{"name":"ja","url":"http://pokeapi.co/api/v2/language/1/"},"version_group":{"name":"omega-ruby-alpha-sapphire","url":"http://pokeapi.co/api/v2/version-group/16/"}},{"flavor_text":"ほのおを　受けると\nほのお技が　強くなる。","language":{"name":"ja-kanji","url":"http://pokeapi.co/api/v2/language/11/"},"version_group":{"name":"x-y","url":"http://pokeapi.co/api/v2/version-group/15/"}},{"flavor_text":"Powers up the Pokémon’s Fire-\ntype moves if it’s hit by one.","language":{"name":"en","url":"http://pokeapi.co/api/v2/language/9/"},"version_group":{"name":"x-y","url":"http://pokeapi.co/api/v2/version-group/15/"}},{"flavor_text":"Potenzia le proprie mosse Fuoco\nse se ne subisce una.","language":{"name":"it","url":"http://pokeapi.co/api/v2/language/8/"},"version_group":{"name":"x-y","url":"http://pokeapi.co/api/v2/version-group/15/"}},{"flavor_text":"Potencia movimientos de tipo\nFuego si ha sufrido antes alguno.","language":{"name":"es","url":"http://pokeapi.co/api/v2/language/7/"},"version_group":{"name":"x-y","url":"http://pokeapi.co/api/v2/version-group/15/"}},{"flavor_text":"Verstärkt Feuer-Attacken, wenn\nvon Feuer-Attacken getroffen.","language":{"name":"de","url":"http://pokeapi.co/api/v2/language/6/"},"version_group":{"name":"x-y","url":"http://pokeapi.co/api/v2/version-group/15/"}},{"flavor_text":"Booste les capacités Feu si\ntouché par attaque Feu.","language":{"name":"fr","url":"http://pokeapi.co/api/v2/language/5/"},"version_group":{"name":"x-y","url":"http://pokeapi.co/api/v2/version-group/15/"}},{"flavor_text":"불꽃을 받으면\n불꽃 기술이 강해진다.","language":{"name":"ko","url":"http://pokeapi.co/api/v2/language/3/"},"version_group":{"name":"x-y","url":"http://pokeapi.co/api/v2/version-group/15/"}},{"flavor_text":"ほのおを　うけると\nほのおわざが　つよくなる。","language":{"name":"ja","url":"http://pokeapi.co/api/v2/language/1/"},"version_group":{"name":"x-y","url":"http://pokeapi.co/api/v2/version-group/15/"}},{"flavor_text":"It powers up Fire-type\nmoves if it’s hit by one.","language":{"name":"en","url":"http://pokeapi.co/api/v2/language/9/"},"version_group":{"name":"black-2-white-2","url":"http://pokeapi.co/api/v2/version-group/14/"}},{"flavor_text":"It powers up Fire-type\nmoves if it’s hit by one.","language":{"name":"en","url":"http://pokeapi.co/api/v2/language/9/"},"version_group":{"name":"black-white","url":"http://pokeapi.co/api/v2/version-group/11/"}},{"flavor_text":"Booste capacités Feu si\ntouché par attaques Feu.","language":{"name":"fr","url":"http://pokeapi.co/api/v2/language/5/"},"version_group":{"name":"black-white","url":"http://pokeapi.co/api/v2/version-group/11/"}},{"flavor_text":"It powers up Fire-type\nmoves if it’s hit by one.","language":{"name":"en","url":"http://pokeapi.co/api/v2/language/9/"},"version_group":{"name":"heartgold-soulsilver","url":"http://pokeapi.co/api/v2/version-group/10/"}},{"flavor_text":"Powers up Fire-type moves\nif hit by a fire move.","language":{"name":"en","url":"http://pokeapi.co/api/v2/language/9/"},"version_group":{"name":"platinum","url":"http://pokeapi.co/api/v2/version-group/9/"}},{"flavor_text":"Powers up Fire-type moves\nif hit by a fire move.","language":{"name":"en","url":"http://pokeapi.co/api/v2/language/9/"},"version_group":{"name":"diamond-pearl","url":"http://pokeapi.co/api/v2/version-group/8/"}},{"flavor_text":"Powers up if hit by fire.","language":{"name":"en","url":"http://pokeapi.co/api/v2/language/9/"},"version_group":{"name":"firered-leafgreen","url":"http://pokeapi.co/api/v2/version-group/7/"}},{"flavor_text":"Powers up if hit by fire.","language":{"name":"en","url":"http://pokeapi.co/api/v2/language/9/"},"version_group":{"name":"emerald","url":"http://pokeapi.co/api/v2/version-group/6/"}},{"flavor_text":"Powers up if hit by fire.","language":{"name":"en","url":"http://pokeapi.co/api/v2/language/9/"},"version_group":{"name":"ruby-sapphire","url":"http://pokeapi.co/api/v2/version-group/5/"}}],"pokemon":[{"is_hidden":false,"slot":1,"pokemon":{"name":"vulpix","url":"http://pokeapi.co/api/v2/pokemon/37/"}},{"is_hidden":false,"slot":1,"pokemon":{"name":"ninetales","url":"http://pokeapi.co/api/v2/pokemon/38/"}},{"is_hidden":false,"slot":2,"pokemon":{"name":"growlithe","url":"http://pokeapi.co/api/v2/pokemon/58/"}},{"is_hidden":false,"slot":2,"pokemon":{"name":"arcanine","url":"http://pokeapi.co/api/v2/pokemon/59/"}},{"is_hidden":false,"slot":2,"pokemon":{"name":"ponyta","url":"http://pokeapi.co/api/v2/pokemon/77/"}},{"is_hidden":false,"slot":2,"pokemon":{"name":"rapidash","url":"http://pokeapi.co/api/v2/pokemon/78/"}},{"is_hidden":false,"slot":1,"pokemon":{"name":"flareon","url":"http://pokeapi.co/api/v2/pokemon/136/"}},{"is_hidden":true,"slot":3,"pokemon":{"name":"cyndaquil","url":"http://pokeapi.co/api/v2/pokemon/155/"}},{"is_hidden":true,"slot":3,"pokemon":{"name":"quilava","url":"http://pokeapi.co/api/v2/pokemon/156/"}},{"is_hidden":true,"slot":3,"pokemon":{"name":"typhlosion","url":"http://pokeapi.co/api/v2/pokemon/157/"}},{"is_hidden":false,"slot":2,"pokemon":{"name":"houndour","url":"http://pokeapi.co/api/v2/pokemon/228/"}},{"is_hidden":false,"slot":2,"pokemon":{"name":"houndoom","url":"http://pokeapi.co/api/v2/pokemon/229/"}},{"is_hidden":true,"slot":3,"pokemon":{"name":"entei","url":"http://pokeapi.co/api/v2/pokemon/244/"}},{"is_hidden":false,"slot":1,"pokemon":{"name":"heatran","url":"http://pokeapi.co/api/v2/pokemon/485/"}},{"is_hidden":false,"slot":1,"pokemon":{"name":"litwick","url":"http://pokeapi.co/api/v2/pokemon/607/"}},{"is_hidden":false,"slot":1,"pokemon":{"name":"lampent","url":"http://pokeapi.co/api/v2/pokemon/608/"}},{"is_hidden":false,"slot":1,"pokemon":{"name":"chandelure","url":"http://pokeapi.co/api/v2/pokemon/609/"}},{"is_hidden":false,"slot":2,"pokemon":{"name":"heatmor","url":"http://pokeapi.co/api/v2/pokemon/631/"}}]}