{"id":176,"name":"stance-change","is_main_series":true,"generation":{"name":"generation-vi","url":"http://pokeapi.co/api/v2/generation/6/"},"names":[{"name":"Stance Change","language":{"name":"en","url":"http://pokeapi.co/api/v2/language/9/"}},{"name":"Accendilotta","language":{"name":"it","url":"http://pokeapi.co/api/v2/language/8/"}},{"name":"Cambio Táctico","language":{"name":"es","url":"http://pokeapi.co/api/v2/language/7/"}},{"name":"Taktikwechsel","language":{"name":"de","url":"http://pokeapi.co/api/v2/language/6/"}},{"name":"Déclic Tactique","language":{"name":"fr","url":"http://pokeapi.co/api/v2/language/5/"}},{"name":"배틀스위치","language":{"name":"ko","url":"http://pokeapi.co/api/v2/language/3/"}},{"name":"バトルスイッチ","language":{"name":"ja","url":"http://pokeapi.co/api/v2/language/1/"}}],"effect_entries":[{"effect":"Changes aegislash to Blade Forme before using a damaging move, or Shield Forme before using kings shield.","short_effect":"Changes aegislash to Blade Forme before using a damaging move, or Shield Forme before using kings shield.","language":{"name":"en","url":"http://pokeapi.co/api/v2/language/9/"}}],"effect_changes":[],"flavor_text_entries":[{"flavor_text":"戦闘モードで\n姿が　変わる。","language":{"name":"ja-kanji","url":"http://pokeapi.co/api/v2/language/11/"},"version_group":{"name":"omega-ruby-alpha-sapphire","url":"http://pokeapi.co/api/v2/version-group/16/"}},{"flavor_text":"The Pokémon changes form\ndepending on how it battles.","language":{"name":"en","url":"http://pokeapi.co/api/v2/language/9/"},"version_group":{"name":"omega-ruby-alpha-sapphire","url":"http://pokeapi.co/api/v2/version-group/16/"}},{"flavor_text":"L’aspetto del Pokémon cambia\nin base alla modalità di lotta.","language":{"name":"it","url":"http://pokeapi.co/api/v2/language/8/"},"version_group":{"name":"omega-ruby-alpha-sapphire","url":"http://pokeapi.co/api/v2/version-group/16/"}},{"flavor_text":"Cambia de forma según su estilo\nde combate.","language":{"name":"es","url":"http://pokeapi.co/api/v2/language/7/"},"version_group":{"name":"omega-ruby-alpha-sapphire","url":"http://pokeapi.co/api/v2/version-group/16/"}},{"flavor_text":"Das Pokémon nimmt je nach\nKampftaktik eine andere Form an.","language":{"name":"de","url":"http://pokeapi.co/api/v2/language/6/"},"version_group":{"name":"omega-ruby-alpha-sapphire","url":"http://pokeapi.co/api/v2/version-group/16/"}},{"flavor_text":"Change de forme selon la façon\ndont le Pokémon se bat.","language":{"name":"fr","url":"http://pokeapi.co/api/v2/language/5/"},"version_group":{"name":"omega-ruby-alpha-sapphire","url":"http://pokeapi.co/api/v2/version-group/16/"}},{"flavor_text":"배틀모드에서\n모습이 바뀐다.","language":{"name":"ko","url":"http://pokeapi.co/api/v2/language/3/"},"version_group":{"name":"omega-ruby-alpha-sapphire","url":"http://pokeapi.co/api/v2/version-group/16/"}},{"flavor_text":"せんとうモードで\nすがたが　かわる。","language":{"name":"ja","url":"http://pokeapi.co/api/v2/language/1/"},"version_group":{"name":"omega-ruby-alpha-sapphire","url":"http://pokeapi.co/api/v2/version-group/16/"}},{"flavor_text":"戦闘モードで\n姿が　変わる。","language":{"name":"ja-kanji","url":"http://pokeapi.co/api/v2/language/11/"},"version_group":{"name":"x-y","url":"http://pokeapi.co/api/v2/version-group/15/"}},{"flavor_text":"The Pokémon changes form\ndepending on how it battles.","language":{"name":"en","url":"http://pokeapi.co/api/v2/language/9/"},"version_group":{"name":"x-y","url":"http://pokeapi.co/api/v2/version-group/15/"}},{"flavor_text":"L’aspetto del Pokémon cambia\nin base alla modalità di lotta.","language":{"name":"it","url":"http://pokeapi.co/api/v2/language/8/"},"version_group":{"name":"x-y","url":"http://pokeapi.co/api/v2/version-group/15/"}},{"flavor_text":"Cambia de forma según su estilo\nde combate.","language":{"name":"es","url":"http://pokeapi.co/api/v2/language/7/"},"version_group":{"name":"x-y","url":"http://pokeapi.co/api/v2/version-group/15/"}},{"flavor_text":"Das Pokémon nimmt je nach\nKampftaktik eine andere Form an.","language":{"name":"de","url":"http://pokeapi.co/api/v2/language/6/"},"version_group":{"name":"x-y","url":"http://pokeapi.co/api/v2/version-group/15/"}},{"flavor_text":"Change de forme selon la façon\ndont le Pokémon se bat.","language":{"name":"fr","url":"http://pokeapi.co/api/v2/language/5/"},"version_group":{"name":"x-y","url":"http://pokeapi.co/api/v2/version-group/15/"}},{"flavor_text":"배틀모드에서\n모습이 바뀐다.","language":{"name":"ko","url":"http://pokeapi.co/api/v2/language/3/"},"version_group":{"name":"x-y","url":"http://pokeapi.co/api/v2/version-group/15/"}},{"flavor_text":"せんとうモードで\nすがたが　かわる。","language":{"name":"ja","url":"http://pokeapi.co/api/v2/language/1/"},"version_group":{"name":"x-y","url":"http://pokeapi.co/api/v2/version-group/15/"}}],"pokemon":[{"is_hidden":false,"slot":1,"pokemon":{"name":"aegislash-shield","url":"http://pokeapi.co/api/v2/pokemon/681/"}},{"is_hidden":false,"slot":1,"pokemon":{"name":"aegislash-blade","url":"http://pokeapi.co/api/v2/pokemon/10026/"}}]}