{"id":22,"name":"intimidate","is_main_series":true,"generation":{"name":"generation-iii","url":"http://pokeapi.co/api/v2/generation/3/"},"names":[{"name":"Intimidate","language":{"name":"en","url":"http://pokeapi.co/api/v2/language/9/"}},{"name":"Prepotenza","language":{"name":"it","url":"http://pokeapi.co/api/v2/language/8/"}},{"name":"Intimidación","language":{"name":"es","url":"http://pokeapi.co/api/v2/language/7/"}},{"name":"Bedroher","language":{"name":"de","url":"http://pokeapi.co/api/v2/language/6/"}},{"name":"Intimidation","language":{"name":"fr","url":"http://pokeapi.co/api/v2/language/5/"}},{"name":"위협","language":{"name":"ko","url":"http://pokeapi.co/api/v2/language/3/"}},{"name":"いかく","language":{"name":"ja","url":"http://pokeapi.co/api/v2/language/1/"}}],"effect_entries":[{"effect":"When this Pokémon enters battle, the opponent's Attack is lowered by one stage.  In a double battle, both opponents are affected.\n\nThis ability also takes effect when acquired during a battle, but will not take effect again if lost and reobtained without leaving battle.\n\nThis ability has no effect on an opponent that has a substitute.\n\nOverworld: If the first Pokémon in the party has this ability, any random encounter with a Pokémon five or more levels lower than it has a 50% chance of being skipped.","short_effect":"Lowers opponents' Attack one stage upon entering battle.","language":{"name":"en","url":"http://pokeapi.co/api/v2/language/9/"}}],"effect_changes":[{"version_group":{"name":"emerald","url":"http://pokeapi.co/api/v2/version-group/6/"},"effect_entries":[{"effect":"Has no overworld effect.","language":{"name":"en","url":"http://pokeapi.co/api/v2/language/9/"}}]},{"version_group":{"name":"diamond-pearl","url":"http://pokeapi.co/api/v2/version-group/8/"},"effect_entries":[{"effect":"Does not take effect if acquired after entering battle.","language":{"name":"en","url":"http://pokeapi.co/api/v2/language/9/"}}]}],"flavor_text_entries":[{"flavor_text":"相手の　攻撃を\nさげる。","language":{"name":"ja-kanji","url":"http://pokeapi.co/api/v2/language/11/"},"version_group":{"name":"omega-ruby-alpha-sapphire","url":"http://pokeapi.co/api/v2/version-group/16/"}},{"flavor_text":"Lowers the opposing Pokémon’s\nAttack stat.","language":{"name":"en","url":"http://pokeapi.co/api/v2/language/9/"},"version_group":{"name":"omega-ruby-alpha-sapphire","url":"http://pokeapi.co/api/v2/version-group/16/"}},{"flavor_text":"Riduce la statistica Attacco\ndel nemico.","language":{"name":"it","url":"http://pokeapi.co/api/v2/language/8/"},"version_group":{"name":"omega-ruby-alpha-sapphire","url":"http://pokeapi.co/api/v2/version-group/16/"}},{"flavor_text":"Baja el Ataque del rival.","language":{"name":"es","url":"http://pokeapi.co/api/v2/language/7/"},"version_group":{"name":"omega-ruby-alpha-sapphire","url":"http://pokeapi.co/api/v2/version-group/16/"}},{"flavor_text":"Senkt Angriff des Gegners.","language":{"name":"de","url":"http://pokeapi.co/api/v2/language/6/"},"version_group":{"name":"omega-ruby-alpha-sapphire","url":"http://pokeapi.co/api/v2/version-group/16/"}},{"flavor_text":"Baisse l’Attaque ennemie.","language":{"name":"fr","url":"http://pokeapi.co/api/v2/language/5/"},"version_group":{"name":"omega-ruby-alpha-sapphire","url":"http://pokeapi.co/api/v2/version-group/16/"}},{"flavor_text":"상대의 공격을\n떨어뜨린다.","language":{"name":"ko","url":"http://pokeapi.co/api/v2/language/3/"},"version_group":{"name":"omega-ruby-alpha-sapphire","url":"http://pokeapi.co/api/v2/version-group/16/"}},{"flavor_text":"あいての　こうげきを\nさげる。","language":{"name":"ja","url":"http://pokeapi.co/api/v2/language/1/"},"version_group":{"name":"omega-ruby-alpha-sapphire","url":"http://pokeapi.co/api/v2/version-group/16/"}},{"flavor_text":"相手の　攻撃を\nさげる。","language":{"name":"ja-kanji","url":"http://pokeapi.co/api/v2/language/11/"},"version_group":{"name":"x-y","url":"http://pokeapi.co/api/v2/version-group/15/"}},{"flavor_text":"Lowers the opposing Pokémon’s\nAttack stat.","language":{"name":"en","url":"http://pokeapi.co/api/v2/language/9/"},"version_group":{"name":"x-y","url":"http://pokeapi.co/api/v2/version-group/15/"}},{"flavor_text":"Riduce la statistica Attacco\ndel nemico.","language":{"name":"it","url":"http://pokeapi.co/api/v2/language/8/"},"version_group":{"name":"x-y","url":"http://pokeapi.co/api/v2/version-group/15/"}},{"flavor_text":"Baja el Ataque del rival.","language":{"name":"es","url":"http://pokeapi.co/api/v2/language/7/"},"version_group":{"name":"x-y","url":"http://pokeapi.co/api/v2/version-group/15/"}},{"flavor_text":"Senkt Angriff des Gegners.","language":{"name":"de","url":"http://pokeapi.co/api/v2/language/6/"},"version_group":{"name":"x-y","url":"http://pokeapi.co/api/v2/version-group/15/"}},{"flavor_text":"Baisse l’Attaque ennemie.","language":{"name":"fr","url":"http://pokeapi.co/api/v2/language/5/"},"version_group":{"name":"x-y","url":"http://pokeapi.co/api/v2/version-group/15/"}},{"flavor_text":"상대의 공격을\n떨어뜨린다.","language":{"name":"ko","url":"http://pokeapi.co/api/v2/language/3/"},"version_group":{"name":"x-y","url":"http://pokeapi.co/api/v2/version-group/15/"}},{"flavor_text":"あいての　こうげきを\nさげる。","language":{"name":"ja","url":"http://pokeapi.co/api/v2/language/1/"},"version_group":{"name":"x-y","url":"http://pokeapi.co/api/v2/version-group/15/"}},{"flavor_text":"Lowers the foe’s\nAttack stat.","language":{"name":"en","url":"http://pokeapi.co/api/v2/language/9/"},"version_group":{"name":"black-2-white-2","url":"http://pokeapi.co/api/v2/version-group/14/"}},{"flavor_text":"Lowers the foe’s\nAttack stat.","language":{"name":"en","url":"http://pokeapi.co/api/v2/language/9/"},"version_group":{"name":"black-white","url":"http://pokeapi.co/api/v2/version-group/11/"}},{"flavor_text":"Baisse l’Attaque ennemie.","language":{"name":"fr","url":"http://pokeapi.co/api/v2/language/5/"},"version_group":{"name":"black-white","url":"http://pokeapi.co/api/v2/version-group/11/"}},{"flavor_text":"Lowers the foe’s\nAttack stat.","language":{"name":"en","url":"http://pokeapi.co/api/v2/language/9/"},"version_group":{"name":"heartgold-soulsilver","url":"http://pokeapi.co/api/v2/version-group/10/"}},{"flavor_text":"Lowers the foe’s Attack\nstat.","language":{"name":"en","url":"http://pokeapi.co/api/v2/language/9/"},"version_group":{"name":"platinum","url":"http://pokeapi.co/api/v2/version-group/9/"}},{"flavor_text":"Lowers the foe’s Attack\nstat.","language":{"name":"en","url":"http://pokeapi.co/api/v2/language/9/"},"version_group":{"name":"diamond-pearl","url":"http://pokeapi.co/api/v2/version-group/8/"}},{"flavor_text":"Lowers the foe’s ATTACK.","language":{"name":"en","url":"http://pokeapi.co/api/v2/language/9/"},"version_group":{"name":"firered-leafgreen","url":"http://pokeapi.co/api/v2/version-group/7/"}},{"flavor_text":"Lowers the foe’s ATTACK.","language":{"name":"en","url":"http://pokeapi.co/api/v2/language/9/"},"version_group":{"name":"emerald","url":"http://pokeapi.co/api/v2/version-group/6/"}},{"flavor_text":"Lowers the foe’s ATTACK.","language":{"name":"en","url":"http://pokeapi.co/api/v2/language/9/"},"version_group":{"name":"ruby-sapphire","url":"http://pokeapi.co/api/v2/version-group/5/"}}],"pokemon":[{"is_hidden":false,"slot":1,"pokemon":{"name":"ekans","url":"http://pokeapi.co/api/v2/pokemon/23/"}},{"is_hidden":false,"slot":1,"pokemon":{"name":"arbok","url":"http://pokeapi.co/api/v2/pokemon/24/"}},{"is_hidden":false,"slot":1,"pokemon":{"name":"growlithe","url":"http://pokeapi.co/api/v2/pokemon/58/"}},{"is_hidden":false,"slot":1,"pokemon":{"name":"arcanine","url":"http://pokeapi.co/api/v2/pokemon/59/"}},{"is_hidden":false,"slot":1,"pokemon":{"name":"tauros","url":"http://pokeapi.co/api/v2/pokemon/128/"}},{"is_hidden":false,"slot":1,"pokemon":{"name":"gyarados","url":"http://pokeapi.co/api/v2/pokemon/130/"}},{"is_hidden":false,"slot":1,"pokemon":{"name":"snubbull","url":"http://pokeapi.co/api/v2/pokemon/209/"}},{"is_hidden":false,"slot":1,"pokemon":{"name":"granbull","url":"http://pokeapi.co/api/v2/pokemon/210/"}},{"is_hidden":true,"slot":3,"pokemon":{"name":"qwilfish","url":"http://pokeapi.co/api/v2/pokemon/211/"}},{"is_hidden":false,"slot":1,"pokemon":{"name":"stantler","url":"http://pokeapi.co/api/v2/pokemon/234/"}},{"is_hidden":false,"slot":1,"pokemon":{"name":"hitmontop","url":"http://pokeapi.co/api/v2/pokemon/237/"}},{"is_hidden":false,"slot":1,"pokemon":{"name":"mightyena","url":"http://pokeapi.co/api/v2/pokemon/262/"}},{"is_hidden":false,"slot":1,"pokemon":{"name":"masquerain","url":"http://pokeapi.co/api/v2/pokemon/284/"}},{"is_hidden":false,"slot":2,"pokemon":{"name":"mawile","url":"http://pokeapi.co/api/v2/pokemon/303/"}},{"is_hidden":false,"slot":1,"pokemon":{"name":"salamence","url":"http://pokeapi.co/api/v2/pokemon/373/"}},{"is_hidden":false,"slot":1,"pokemon":{"name":"staravia","url":"http://pokeapi.co/api/v2/pokemon/397/"}},{"is_hidden":false,"slot":1,"pokemon":{"name":"staraptor","url":"http://pokeapi.co/api/v2/pokemon/398/"}},{"is_hidden":false,"slot":2,"pokemon":{"name":"shinx","url":"http://pokeapi.co/api/v2/pokemon/403/"}},{"is_hidden":false,"slot":2,"pokemon":{"name":"luxio","url":"http://pokeapi.co/api/v2/pokemon/404/"}},{"is_hidden":false,"slot":2,"pokemon":{"name":"luxray","url":"http://pokeapi.co/api/v2/pokemon/405/"}},{"is_hidden":false,"slot":1,"pokemon":{"name":"herdier","url":"http://pokeapi.co/api/v2/pokemon/507/"}},{"is_hidden":false,"slot":1,"pokemon":{"name":"stoutland","url":"http://pokeapi.co/api/v2/pokemon/508/"}},{"is_hidden":false,"slot":1,"pokemon":{"name":"sandile","url":"http://pokeapi.co/api/v2/pokemon/551/"}},{"is_hidden":false,"slot":1,"pokemon":{"name":"krokorok","url":"http://pokeapi.co/api/v2/pokemon/552/"}},{"is_hidden":false,"slot":1,"pokemon":{"name":"krookodile","url":"http://pokeapi.co/api/v2/pokemon/553/"}},{"is_hidden":true,"slot":3,"pokemon":{"name":"scraggy","url":"http://pokeapi.co/api/v2/pokemon/559/"}},{"is_hidden":true,"slot":3,"pokemon":{"name":"scrafty","url":"http://pokeapi.co/api/v2/pokemon/560/"}},{"is_hidden":false,"slot":1,"pokemon":{"name":"landorus-therian","url":"http://pokeapi.co/api/v2/pokemon/10021/"}},{"is_hidden":false,"slot":1,"pokemon":{"name":"manectric-mega","url":"http://pokeapi.co/api/v2/pokemon/10055/"}}]}