{"id":167,"name":"cheek-pouch","is_main_series":true,"generation":{"name":"generation-vi","url":"http://pokeapi.co/api/v2/generation/6/"},"names":[{"name":"Cheek Pouch","language":{"name":"en","url":"http://pokeapi.co/api/v2/language/9/"}},{"name":"Guancegonfie","language":{"name":"it","url":"http://pokeapi.co/api/v2/language/8/"}},{"name":"Carrillo","language":{"name":"es","url":"http://pokeapi.co/api/v2/language/7/"}},{"name":"Backentaschen","language":{"name":"de","url":"http://pokeapi.co/api/v2/language/6/"}},{"name":"Bajoues","language":{"name":"fr","url":"http://pokeapi.co/api/v2/language/5/"}},{"name":"볼주머니","language":{"name":"ko","url":"http://pokeapi.co/api/v2/language/3/"}},{"name":"ほおぶくろ","language":{"name":"ja","url":"http://pokeapi.co/api/v2/language/1/"}}],"effect_entries":[{"effect":"Restores HP upon eating a Berry, in addition to the Berry's effect.","short_effect":"Restores HP upon eating a Berry, in addition to the Berry's effect.","language":{"name":"en","url":"http://pokeapi.co/api/v2/language/9/"}}],"effect_changes":[],"flavor_text_entries":[{"flavor_text":"きの を　食べると\nＨＰも　回復する。","language":{"name":"ja-kanji","url":"http://pokeapi.co/api/v2/language/11/"},"version_group":{"name":"omega-ruby-alpha-sapphire","url":"http://pokeapi.co/api/v2/version-group/16/"}},{"flavor_text":"Restores HP as well when\nthe Pokémon eats a Berry.","language":{"name":"en","url":"http://pokeapi.co/api/v2/language/9/"},"version_group":{"name":"omega-ruby-alpha-sapphire","url":"http://pokeapi.co/api/v2/version-group/16/"}},{"flavor_text":"Fa recuperare PS quando\nil Pokémon mangia una bacca.","language":{"name":"it","url":"http://pokeapi.co/api/v2/language/8/"},"version_group":{"name":"omega-ruby-alpha-sapphire","url":"http://pokeapi.co/api/v2/version-group/16/"}},{"flavor_text":"Recupera PS al comer bayas.","language":{"name":"es","url":"http://pokeapi.co/api/v2/language/7/"},"version_group":{"name":"omega-ruby-alpha-sapphire","url":"http://pokeapi.co/api/v2/version-group/16/"}},{"flavor_text":"Heilt beim Konsum\nvon Beeren KP.","language":{"name":"de","url":"http://pokeapi.co/api/v2/language/6/"},"version_group":{"name":"omega-ruby-alpha-sapphire","url":"http://pokeapi.co/api/v2/version-group/16/"}},{"flavor_text":"Rend des PV lorsque le Pokémon\nconsomme une Baie.","language":{"name":"fr","url":"http://pokeapi.co/api/v2/language/5/"},"version_group":{"name":"omega-ruby-alpha-sapphire","url":"http://pokeapi.co/api/v2/version-group/16/"}},{"flavor_text":"나무열매를 먹으면\nHP도 회복한다.","language":{"name":"ko","url":"http://pokeapi.co/api/v2/language/3/"},"version_group":{"name":"omega-ruby-alpha-sapphire","url":"http://pokeapi.co/api/v2/version-group/16/"}},{"flavor_text":"きの を　たべると\nＨＰも　かいふくする。","language":{"name":"ja","url":"http://pokeapi.co/api/v2/language/1/"},"version_group":{"name":"omega-ruby-alpha-sapphire","url":"http://pokeapi.co/api/v2/version-group/16/"}},{"flavor_text":"きのみを　食べると\nＨＰも　回復する。","language":{"name":"ja-kanji","url":"http://pokeapi.co/api/v2/language/11/"},"version_group":{"name":"x-y","url":"http://pokeapi.co/api/v2/version-group/15/"}},{"flavor_text":"Restores HP as well when\nthe Pokémon eats a Berry.","language":{"name":"en","url":"http://pokeapi.co/api/v2/language/9/"},"version_group":{"name":"x-y","url":"http://pokeapi.co/api/v2/version-group/15/"}},{"flavor_text":"Fa recuperare PS quando\nil Pokémon mangia una bacca.","language":{"name":"it","url":"http://pokeapi.co/api/v2/language/8/"},"version_group":{"name":"x-y","url":"http://pokeapi.co/api/v2/version-group/15/"}},{"flavor_text":"Recupera PS al comer bayas.","language":{"name":"es","url":"http://pokeapi.co/api/v2/language/7/"},"version_group":{"name":"x-y","url":"http://pokeapi.co/api/v2/version-group/15/"}},{"flavor_text":"Heilt beim Konsum\nvon Beeren KP.","language":{"name":"de","url":"http://pokeapi.co/api/v2/language/6/"},"version_group":{"name":"x-y","url":"http://pokeapi.co/api/v2/version-group/15/"}},{"flavor_text":"Rend des PV lorsque le Pokémon\nconsomme une Baie.","language":{"name":"fr","url":"http://pokeapi.co/api/v2/language/5/"},"version_group":{"name":"x-y","url":"http://pokeapi.co/api/v2/version-group/15/"}},{"flavor_text":"나무열매를 먹으면\nHP도 회복한다.","language":{"name":"ko","url":"http://pokeapi.co/api/v2/language/3/"},"version_group":{"name":"x-y","url":"http://pokeapi.co/api/v2/version-group/15/"}},{"flavor_text":"きのみを　たべると\nＨＰも　かいふくする。","language":{"name":"ja","url":"http://pokeapi.co/api/v2/language/1/"},"version_group":{"name":"x-y","url":"http://pokeapi.co/api/v2/version-group/15/"}}],"pokemon":[{"is_hidden":false,"slot":2,"pokemon":{"name":"bunnelby","url":"http://pokeapi.co/api/v2/pokemon/659/"}},{"is_hidden":false,"slot":2,"pokemon":{"name":"diggersby","url":"http://pokeapi.co/api/v2/pokemon/660/"}},{"is_hidden":false,"slot":1,"pokemon":{"name":"dedenne","url":"http://pokeapi.co/api/v2/pokemon/702/"}}]}