{"id":98,"name":"magic-guard","is_main_series":true,"generation":{"name":"generation-iv","url":"http://pokeapi.co/api/v2/generation/4/"},"names":[{"name":"Magic Guard","language":{"name":"en","url":"http://pokeapi.co/api/v2/language/9/"}},{"name":"Magicscudo","language":{"name":"it","url":"http://pokeapi.co/api/v2/language/8/"}},{"name":"Muro Mágico","language":{"name":"es","url":"http://pokeapi.co/api/v2/language/7/"}},{"name":"Magieschild","language":{"name":"de","url":"http://pokeapi.co/api/v2/language/6/"}},{"name":"Garde Magik","language":{"name":"fr","url":"http://pokeapi.co/api/v2/language/5/"}},{"name":"매직가드","language":{"name":"ko","url":"http://pokeapi.co/api/v2/language/3/"}},{"name":"マジックガード","language":{"name":"ja","url":"http://pokeapi.co/api/v2/language/1/"}}],"effect_entries":[{"effect":"This Pokémon is immune to damage not directly caused by a move.\n\nFor example, this Pokémon takes no damage from from weather, recoil, status ailments, or spikes, but it still suffers from the Attack cut when burned, and a life orb will still power up this Pokémon's moves without damaging it.  Anything that directly depends on such damage will also not happen; for example, leech seed will neither hurt this Pokémon nor heal the opponent, and Pokémon with a jaboca berry or rowap berry will not consume the berry when hit by this Pokémon.\n\nThe following are unaffected: struggle, pain split (whether used by or against this Pokémon), belly drum, substitute, curse, moves that knock the user out, and damage from confusion.\n\nThis Pokémon will neither lose nor regain HP if it drains HP from a Pokémon with liquid ooze.\n\nIf this Pokémon is badly poisoned, the poison counter is still increased each turn; if the Pokémon loses this ability, it will begin taking as much damage as it would be if it had been taking increasing damage each turn.","short_effect":"Protects against damage not directly caused by a move.","language":{"name":"en","url":"http://pokeapi.co/api/v2/language/9/"}}],"effect_changes":[{"version_group":{"name":"black-white","url":"http://pokeapi.co/api/v2/version-group/11/"},"effect_entries":[{"effect":"Paralysis cannot prevent the Pokémon from moving, though the Speed cut is unaffected.  Poison still damages the Pokémon outside of battle.","language":{"name":"en","url":"http://pokeapi.co/api/v2/language/9/"}}]}],"flavor_text_entries":[{"flavor_text":"攻撃　以外では\nダメージを　受けない。","language":{"name":"ja-kanji","url":"http://pokeapi.co/api/v2/language/11/"},"version_group":{"name":"omega-ruby-alpha-sapphire","url":"http://pokeapi.co/api/v2/version-group/16/"}},{"flavor_text":"The Pokémon only takes\ndamage from attacks.","language":{"name":"en","url":"http://pokeapi.co/api/v2/language/9/"},"version_group":{"name":"omega-ruby-alpha-sapphire","url":"http://pokeapi.co/api/v2/version-group/16/"}},{"flavor_text":"Il Pokémon subisce danni solo\nda attacchi diretti.","language":{"name":"it","url":"http://pokeapi.co/api/v2/language/8/"},"version_group":{"name":"omega-ruby-alpha-sapphire","url":"http://pokeapi.co/api/v2/version-group/16/"}},{"flavor_text":"Solo dañan al Pokémon los\nataques directos.","language":{"name":"es","url":"http://pokeapi.co/api/v2/language/7/"},"version_group":{"name":"omega-ruby-alpha-sapphire","url":"http://pokeapi.co/api/v2/version-group/16/"}},{"flavor_text":"Das Pokémon nimmt nur durch\nOffensiv-Attacken Schaden.","language":{"name":"de","url":"http://pokeapi.co/api/v2/language/6/"},"version_group":{"name":"omega-ruby-alpha-sapphire","url":"http://pokeapi.co/api/v2/version-group/16/"}},{"flavor_text":"Seule une attaque directe peut\nblesser le Pokémon.","language":{"name":"fr","url":"http://pokeapi.co/api/v2/language/5/"},"version_group":{"name":"omega-ruby-alpha-sapphire","url":"http://pokeapi.co/api/v2/version-group/16/"}},{"flavor_text":"공격 이외에는\n데미지를 입지 않는다.","language":{"name":"ko","url":"http://pokeapi.co/api/v2/language/3/"},"version_group":{"name":"omega-ruby-alpha-sapphire","url":"http://pokeapi.co/api/v2/version-group/16/"}},{"flavor_text":"こうげき　いがいでは\nダメージを　うけない。","language":{"name":"ja","url":"http://pokeapi.co/api/v2/language/1/"},"version_group":{"name":"omega-ruby-alpha-sapphire","url":"http://pokeapi.co/api/v2/version-group/16/"}},{"flavor_text":"攻撃　以外では\nダメージを　受けない。","language":{"name":"ja-kanji","url":"http://pokeapi.co/api/v2/language/11/"},"version_group":{"name":"x-y","url":"http://pokeapi.co/api/v2/version-group/15/"}},{"flavor_text":"The Pokémon only takes\ndamage from attacks.","language":{"name":"en","url":"http://pokeapi.co/api/v2/language/9/"},"version_group":{"name":"x-y","url":"http://pokeapi.co/api/v2/version-group/15/"}},{"flavor_text":"Il Pokémon subisce danni solo\nda attacchi diretti.","language":{"name":"it","url":"http://pokeapi.co/api/v2/language/8/"},"version_group":{"name":"x-y","url":"http://pokeapi.co/api/v2/version-group/15/"}},{"flavor_text":"Solo dañan al Pokémon los\nataques directos.","language":{"name":"es","url":"http://pokeapi.co/api/v2/language/7/"},"version_group":{"name":"x-y","url":"http://pokeapi.co/api/v2/version-group/15/"}},{"flavor_text":"Das Pokémon nimmt nur durch\nOffensiv-Attacken Schaden.","language":{"name":"de","url":"http://pokeapi.co/api/v2/language/6/"},"version_group":{"name":"x-y","url":"http://pokeapi.co/api/v2/version-group/15/"}},{"flavor_text":"Seule une attaque directe peut\nblesser le Pokémon.","language":{"name":"fr","url":"http://pokeapi.co/api/v2/language/5/"},"version_group":{"name":"x-y","url":"http://pokeapi.co/api/v2/version-group/15/"}},{"flavor_text":"공격 이외에는\n데미지를 입지 않는다.","language":{"name":"ko","url":"http://pokeapi.co/api/v2/language/3/"},"version_group":{"name":"x-y","url":"http://pokeapi.co/api/v2/version-group/15/"}},{"flavor_text":"こうげき　いがいでは\nダメージを　うけない。","language":{"name":"ja","url":"http://pokeapi.co/api/v2/language/1/"},"version_group":{"name":"x-y","url":"http://pokeapi.co/api/v2/version-group/15/"}},{"flavor_text":"The Pokémon only takes\ndamage from attacks.","language":{"name":"en","url":"http://pokeapi.co/api/v2/language/9/"},"version_group":{"name":"black-2-white-2","url":"http://pokeapi.co/api/v2/version-group/14/"}},{"flavor_text":"The Pokémon only takes\ndamage from attacks.","language":{"name":"en","url":"http://pokeapi.co/api/v2/language/9/"},"version_group":{"name":"black-white","url":"http://pokeapi.co/api/v2/version-group/11/"}},{"flavor_text":"Seule une attaque directe\npeut blesser le Pokémon.","language":{"name":"fr","url":"http://pokeapi.co/api/v2/language/5/"},"version_group":{"name":"black-white","url":"http://pokeapi.co/api/v2/version-group/11/"}},{"flavor_text":"The Pokémon only takes\ndamage from attacks.","language":{"name":"en","url":"http://pokeapi.co/api/v2/language/9/"},"version_group":{"name":"heartgold-soulsilver","url":"http://pokeapi.co/api/v2/version-group/10/"}},{"flavor_text":"The Pokémon only takes\ndamage from attacks.","language":{"name":"en","url":"http://pokeapi.co/api/v2/language/9/"},"version_group":{"name":"platinum","url":"http://pokeapi.co/api/v2/version-group/9/"}},{"flavor_text":"The Pokémon only takes\ndamage from attacks.","language":{"name":"en","url":"http://pokeapi.co/api/v2/language/9/"},"version_group":{"name":"diamond-pearl","url":"http://pokeapi.co/api/v2/version-group/8/"}}],"pokemon":[{"is_hidden":false,"slot":2,"pokemon":{"name":"clefairy","url":"http://pokeapi.co/api/v2/pokemon/35/"}},{"is_hidden":false,"slot":2,"pokemon":{"name":"clefable","url":"http://pokeapi.co/api/v2/pokemon/36/"}},{"is_hidden":true,"slot":3,"pokemon":{"name":"abra","url":"http://pokeapi.co/api/v2/pokemon/63/"}},{"is_hidden":true,"slot":3,"pokemon":{"name":"kadabra","url":"http://pokeapi.co/api/v2/pokemon/64/"}},{"is_hidden":true,"slot":3,"pokemon":{"name":"alakazam","url":"http://pokeapi.co/api/v2/pokemon/65/"}},{"is_hidden":false,"slot":2,"pokemon":{"name":"cleffa","url":"http://pokeapi.co/api/v2/pokemon/173/"}},{"is_hidden":false,"slot":2,"pokemon":{"name":"sigilyph","url":"http://pokeapi.co/api/v2/pokemon/561/"}},{"is_hidden":false,"slot":2,"pokemon":{"name":"solosis","url":"http://pokeapi.co/api/v2/pokemon/577/"}},{"is_hidden":false,"slot":2,"pokemon":{"name":"duosion","url":"http://pokeapi.co/api/v2/pokemon/578/"}},{"is_hidden":false,"slot":2,"pokemon":{"name":"reuniclus","url":"http://pokeapi.co/api/v2/pokemon/579/"}}]}