{"id":128,"name":"defiant","is_main_series":true,"generation":{"name":"generation-v","url":"http://pokeapi.co/api/v2/generation/5/"},"names":[{"name":"Defiant","language":{"name":"en","url":"http://pokeapi.co/api/v2/language/9/"}},{"name":"Agonismo","language":{"name":"it","url":"http://pokeapi.co/api/v2/language/8/"}},{"name":"Competitivo","language":{"name":"es","url":"http://pokeapi.co/api/v2/language/7/"}},{"name":"Siegeswille","language":{"name":"de","url":"http://pokeapi.co/api/v2/language/6/"}},{"name":"Acharné","language":{"name":"fr","url":"http://pokeapi.co/api/v2/language/5/"}},{"name":"오기","language":{"name":"ko","url":"http://pokeapi.co/api/v2/language/3/"}},{"name":"まけんき","language":{"name":"ja","url":"http://pokeapi.co/api/v2/language/1/"}}],"effect_entries":[{"effect":"When any of this Pokémon's stats are lowered, its Attack rises by two stages.\n\nIf multiple stats are lowered at once, this ability takes effect with each stat lowered.","short_effect":"Raises Attack two stages upon having any stat lowered.","language":{"name":"en","url":"http://pokeapi.co/api/v2/language/9/"}}],"effect_changes":[],"flavor_text_entries":[{"flavor_text":"能力が　さがると\n攻撃が　あがる。","language":{"name":"ja-kanji","url":"http://pokeapi.co/api/v2/language/11/"},"version_group":{"name":"omega-ruby-alpha-sapphire","url":"http://pokeapi.co/api/v2/version-group/16/"}},{"flavor_text":"Boosts the Pokémon’s Attack stat\nwhen its stats are lowered.","language":{"name":"en","url":"http://pokeapi.co/api/v2/language/9/"},"version_group":{"name":"omega-ruby-alpha-sapphire","url":"http://pokeapi.co/api/v2/version-group/16/"}},{"flavor_text":"L’Attacco aumenta quando un\nnemico fa calare le statistiche.","language":{"name":"it","url":"http://pokeapi.co/api/v2/language/8/"},"version_group":{"name":"omega-ruby-alpha-sapphire","url":"http://pokeapi.co/api/v2/version-group/16/"}},{"flavor_text":"Sube el Ataque cuando el rival le\nbaja las características.","language":{"name":"es","url":"http://pokeapi.co/api/v2/language/7/"},"version_group":{"name":"omega-ruby-alpha-sapphire","url":"http://pokeapi.co/api/v2/version-group/16/"}},{"flavor_text":"Senkt der Gegner die Status-\nwerte, steigt der Angriffs-Wert.","language":{"name":"de","url":"http://pokeapi.co/api/v2/language/6/"},"version_group":{"name":"omega-ruby-alpha-sapphire","url":"http://pokeapi.co/api/v2/version-group/16/"}},{"flavor_text":"Monte l’Attaque quand\nles stats baissent.","language":{"name":"fr","url":"http://pokeapi.co/api/v2/language/5/"},"version_group":{"name":"omega-ruby-alpha-sapphire","url":"http://pokeapi.co/api/v2/version-group/16/"}},{"flavor_text":"능력이 떨어지면\n공격이 올라간다.","language":{"name":"ko","url":"http://pokeapi.co/api/v2/language/3/"},"version_group":{"name":"omega-ruby-alpha-sapphire","url":"http://pokeapi.co/api/v2/version-group/16/"}},{"flavor_text":"のうりょくが　さがると\nこうげきが　あがる。","language":{"name":"ja","url":"http://pokeapi.co/api/v2/language/1/"},"version_group":{"name":"omega-ruby-alpha-sapphire","url":"http://pokeapi.co/api/v2/version-group/16/"}},{"flavor_text":"能力が　さがると\n攻撃が　あがる。","language":{"name":"ja-kanji","url":"http://pokeapi.co/api/v2/language/11/"},"version_group":{"name":"x-y","url":"http://pokeapi.co/api/v2/version-group/15/"}},{"flavor_text":"Boosts the Pokémon’s Attack stat\nwhen its stats are lowered.","language":{"name":"en","url":"http://pokeapi.co/api/v2/language/9/"},"version_group":{"name":"x-y","url":"http://pokeapi.co/api/v2/version-group/15/"}},{"flavor_text":"L’Attacco aumenta quando un\nnemico fa calare le statistiche.","language":{"name":"it","url":"http://pokeapi.co/api/v2/language/8/"},"version_group":{"name":"x-y","url":"http://pokeapi.co/api/v2/version-group/15/"}},{"flavor_text":"Sube el Ataque cuando el rival le\nbaja las características.","language":{"name":"es","url":"http://pokeapi.co/api/v2/language/7/"},"version_group":{"name":"x-y","url":"http://pokeapi.co/api/v2/version-group/15/"}},{"flavor_text":"Senkt der Gegner die Status-\nwerte, steigt der Angriffs-Wert.","language":{"name":"de","url":"http://pokeapi.co/api/v2/language/6/"},"version_group":{"name":"x-y","url":"http://pokeapi.co/api/v2/version-group/15/"}},{"flavor_text":"Monte l’Attaque quand une stat\nest baissée par l’adversaire.","language":{"name":"fr","url":"http://pokeapi.co/api/v2/language/5/"},"version_group":{"name":"x-y","url":"http://pokeapi.co/api/v2/version-group/15/"}},{"flavor_text":"능력이 떨어지면\n공격이 올라간다.","language":{"name":"ko","url":"http://pokeapi.co/api/v2/language/3/"},"version_group":{"name":"x-y","url":"http://pokeapi.co/api/v2/version-group/15/"}},{"flavor_text":"のうりょくが　さがると\nこうげきが　あがる。","language":{"name":"ja","url":"http://pokeapi.co/api/v2/language/1/"},"version_group":{"name":"x-y","url":"http://pokeapi.co/api/v2/version-group/15/"}},{"flavor_text":"When its stats are lowered\nits Attack increases.","language":{"name":"en","url":"http://pokeapi.co/api/v2/language/9/"},"version_group":{"name":"black-2-white-2","url":"http://pokeapi.co/api/v2/version-group/14/"}},{"flavor_text":"When its stats are lowered\nits Attack increases.","language":{"name":"en","url":"http://pokeapi.co/api/v2/language/9/"},"version_group":{"name":"black-white","url":"http://pokeapi.co/api/v2/version-group/11/"}},{"flavor_text":"Monte l’Attaque quand\nles stats baissent.","language":{"name":"fr","url":"http://pokeapi.co/api/v2/language/5/"},"version_group":{"name":"black-white","url":"http://pokeapi.co/api/v2/version-group/11/"}}],"pokemon":[{"is_hidden":true,"slot":3,"pokemon":{"name":"mankey","url":"http://pokeapi.co/api/v2/pokemon/56/"}},{"is_hidden":true,"slot":3,"pokemon":{"name":"primeape","url":"http://pokeapi.co/api/v2/pokemon/57/"}},{"is_hidden":true,"slot":3,"pokemon":{"name":"farfetchd","url":"http://pokeapi.co/api/v2/pokemon/83/"}},{"is_hidden":true,"slot":3,"pokemon":{"name":"piplup","url":"http://pokeapi.co/api/v2/pokemon/393/"}},{"is_hidden":true,"slot":3,"pokemon":{"name":"prinplup","url":"http://pokeapi.co/api/v2/pokemon/394/"}},{"is_hidden":true,"slot":3,"pokemon":{"name":"empoleon","url":"http://pokeapi.co/api/v2/pokemon/395/"}},{"is_hidden":true,"slot":3,"pokemon":{"name":"purugly","url":"http://pokeapi.co/api/v2/pokemon/432/"}},{"is_hidden":false,"slot":1,"pokemon":{"name":"pawniard","url":"http://pokeapi.co/api/v2/pokemon/624/"}},{"is_hidden":false,"slot":1,"pokemon":{"name":"bisharp","url":"http://pokeapi.co/api/v2/pokemon/625/"}},{"is_hidden":true,"slot":3,"pokemon":{"name":"braviary","url":"http://pokeapi.co/api/v2/pokemon/628/"}},{"is_hidden":true,"slot":3,"pokemon":{"name":"tornadus-incarnate","url":"http://pokeapi.co/api/v2/pokemon/641/"}},{"is_hidden":true,"slot":3,"pokemon":{"name":"thundurus-incarnate","url":"http://pokeapi.co/api/v2/pokemon/642/"}}]}