{"id":158,"name":"prankster","is_main_series":true,"generation":{"name":"generation-v","url":"http://pokeapi.co/api/v2/generation/5/"},"names":[{"name":"Prankster","language":{"name":"en","url":"http://pokeapi.co/api/v2/language/9/"}},{"name":"Burla","language":{"name":"it","url":"http://pokeapi.co/api/v2/language/8/"}},{"name":"Bromista","language":{"name":"es","url":"http://pokeapi.co/api/v2/language/7/"}},{"name":"Strolch","language":{"name":"de","url":"http://pokeapi.co/api/v2/language/6/"}},{"name":"Farceur","language":{"name":"fr","url":"http://pokeapi.co/api/v2/language/5/"}},{"name":"짓궂은마음","language":{"name":"ko","url":"http://pokeapi.co/api/v2/language/3/"}},{"name":"いたずらごころ","language":{"name":"ja","url":"http://pokeapi.co/api/v2/language/1/"}}],"effect_entries":[{"effect":"This Pokémon's non-damaging moves have their priority increased by one stage.","short_effect":"Raises non-damaging moves' priority by one stage.","language":{"name":"en","url":"http://pokeapi.co/api/v2/language/9/"}}],"effect_changes":[],"flavor_text_entries":[{"flavor_text":"変化技を　先制で\nだすことが　できる。","language":{"name":"ja-kanji","url":"http://pokeapi.co/api/v2/language/11/"},"version_group":{"name":"omega-ruby-alpha-sapphire","url":"http://pokeapi.co/api/v2/version-group/16/"}},{"flavor_text":"Gives priority to a status move.","language":{"name":"en","url":"http://pokeapi.co/api/v2/language/9/"},"version_group":{"name":"omega-ruby-alpha-sapphire","url":"http://pokeapi.co/api/v2/version-group/16/"}},{"flavor_text":"Dà priorità a mosse che alterano\nlo stato.","language":{"name":"it","url":"http://pokeapi.co/api/v2/language/8/"},"version_group":{"name":"omega-ruby-alpha-sapphire","url":"http://pokeapi.co/api/v2/version-group/16/"}},{"flavor_text":"Permite lanzar ataques de estado\nen primer lugar.","language":{"name":"es","url":"http://pokeapi.co/api/v2/language/7/"},"version_group":{"name":"omega-ruby-alpha-sapphire","url":"http://pokeapi.co/api/v2/version-group/16/"}},{"flavor_text":"Ermöglicht einen Erstschlag\nmit Status-Attacken.","language":{"name":"de","url":"http://pokeapi.co/api/v2/language/6/"},"version_group":{"name":"omega-ruby-alpha-sapphire","url":"http://pokeapi.co/api/v2/version-group/16/"}},{"flavor_text":"Utilise les attaques de statut en\npremier.","language":{"name":"fr","url":"http://pokeapi.co/api/v2/language/5/"},"version_group":{"name":"omega-ruby-alpha-sapphire","url":"http://pokeapi.co/api/v2/version-group/16/"}},{"flavor_text":"변화 기술을 먼저\n쓸 수 있다.","language":{"name":"ko","url":"http://pokeapi.co/api/v2/language/3/"},"version_group":{"name":"omega-ruby-alpha-sapphire","url":"http://pokeapi.co/api/v2/version-group/16/"}},{"flavor_text":"へんかわざを　せんせいで\nだすことが　できる。","language":{"name":"ja","url":"http://pokeapi.co/api/v2/language/1/"},"version_group":{"name":"omega-ruby-alpha-sapphire","url":"http://pokeapi.co/api/v2/version-group/16/"}},{"flavor_text":"変化技を　先制で\nだすことが　できる。","language":{"name":"ja-kanji","url":"http://pokeapi.co/api/v2/language/11/"},"version_group":{"name":"x-y","url":"http://pokeapi.co/api/v2/version-group/15/"}},{"flavor_text":"Gives priority to a\nstatus move.","language":{"name":"en","url":"http://pokeapi.co/api/v2/language/9/"},"version_group":{"name":"x-y","url":"http://pokeapi.co/api/v2/version-group/15/"}},{"flavor_text":"Dà priorità a mosse che alterano\nlo stato.","language":{"name":"it","url":"http://pokeapi.co/api/v2/language/8/"},"version_group":{"name":"x-y","url":"http://pokeapi.co/api/v2/version-group/15/"}},{"flavor_text":"Permite lanzar ataques de estado\nen primer lugar.","language":{"name":"es","url":"http://pokeapi.co/api/v2/language/7/"},"version_group":{"name":"x-y","url":"http://pokeapi.co/api/v2/version-group/15/"}},{"flavor_text":"Ermöglicht einen Erstschlag\nmit Status-Attacken.","language":{"name":"de","url":"http://pokeapi.co/api/v2/language/6/"},"version_group":{"name":"x-y","url":"http://pokeapi.co/api/v2/version-group/15/"}},{"flavor_text":"Utilise les attaques de statut en\npremier.","language":{"name":"fr","url":"http://pokeapi.co/api/v2/language/5/"},"version_group":{"name":"x-y","url":"http://pokeapi.co/api/v2/version-group/15/"}},{"flavor_text":"변화 기술을 먼저\n쓸 수 있다.","language":{"name":"ko","url":"http://pokeapi.co/api/v2/language/3/"},"version_group":{"name":"x-y","url":"http://pokeapi.co/api/v2/version-group/15/"}},{"flavor_text":"へんかわざを　せんせいで\nだすことが　できる。","language":{"name":"ja","url":"http://pokeapi.co/api/v2/language/1/"},"version_group":{"name":"x-y","url":"http://pokeapi.co/api/v2/version-group/15/"}},{"flavor_text":"Gives priority to a\nstatus move.","language":{"name":"en","url":"http://pokeapi.co/api/v2/language/9/"},"version_group":{"name":"black-2-white-2","url":"http://pokeapi.co/api/v2/version-group/14/"}},{"flavor_text":"Gives priority to a\nstatus move.","language":{"name":"en","url":"http://pokeapi.co/api/v2/language/9/"},"version_group":{"name":"black-white","url":"http://pokeapi.co/api/v2/version-group/11/"}},{"flavor_text":"Utilise les attaques de\nstatut en premier.","language":{"name":"fr","url":"http://pokeapi.co/api/v2/language/5/"},"version_group":{"name":"black-white","url":"http://pokeapi.co/api/v2/version-group/11/"}}],"pokemon":[{"is_hidden":true,"slot":3,"pokemon":{"name":"murkrow","url":"http://pokeapi.co/api/v2/pokemon/198/"}},{"is_hidden":true,"slot":3,"pokemon":{"name":"sableye","url":"http://pokeapi.co/api/v2/pokemon/302/"}},{"is_hidden":true,"slot":3,"pokemon":{"name":"volbeat","url":"http://pokeapi.co/api/v2/pokemon/313/"}},{"is_hidden":true,"slot":3,"pokemon":{"name":"illumise","url":"http://pokeapi.co/api/v2/pokemon/314/"}},{"is_hidden":true,"slot":3,"pokemon":{"name":"riolu","url":"http://pokeapi.co/api/v2/pokemon/447/"}},{"is_hidden":true,"slot":3,"pokemon":{"name":"purrloin","url":"http://pokeapi.co/api/v2/pokemon/509/"}},{"is_hidden":true,"slot":3,"pokemon":{"name":"liepard","url":"http://pokeapi.co/api/v2/pokemon/510/"}},{"is_hidden":false,"slot":1,"pokemon":{"name":"cottonee","url":"http://pokeapi.co/api/v2/pokemon/546/"}},{"is_hidden":false,"slot":1,"pokemon":{"name":"whimsicott","url":"http://pokeapi.co/api/v2/pokemon/547/"}},{"is_hidden":false,"slot":1,"pokemon":{"name":"tornadus-incarnate","url":"http://pokeapi.co/api/v2/pokemon/641/"}},{"is_hidden":false,"slot":1,"pokemon":{"name":"thundurus-incarnate","url":"http://pokeapi.co/api/v2/pokemon/642/"}},{"is_hidden":true,"slot":3,"pokemon":{"name":"meowstic-male","url":"http://pokeapi.co/api/v2/pokemon/678/"}},{"is_hidden":false,"slot":1,"pokemon":{"name":"klefki","url":"http://pokeapi.co/api/v2/pokemon/707/"}},{"is_hidden":false,"slot":1,"pokemon":{"name":"banette-mega","url":"http://pokeapi.co/api/v2/pokemon/10056/"}}]}