{"id":99,"name":"no-guard","is_main_series":true,"generation":{"name":"generation-iv","url":"http://pokeapi.co/api/v2/generation/4/"},"names":[{"name":"No Guard","language":{"name":"en","url":"http://pokeapi.co/api/v2/language/9/"}},{"name":"Nullodifesa","language":{"name":"it","url":"http://pokeapi.co/api/v2/language/8/"}},{"name":"Indefenso","language":{"name":"es","url":"http://pokeapi.co/api/v2/language/7/"}},{"name":"Schildlos","language":{"name":"de","url":"http://pokeapi.co/api/v2/language/6/"}},{"name":"Annule Garde","language":{"name":"fr","url":"http://pokeapi.co/api/v2/language/5/"}},{"name":"노가드","language":{"name":"ko","url":"http://pokeapi.co/api/v2/language/3/"}},{"name":"ノーガード","language":{"name":"ja","url":"http://pokeapi.co/api/v2/language/1/"}}],"effect_entries":[{"effect":"Moves used by or against this Pokémon never miss.\n\nOne-hit KO moves are unaffected.  Moves affected by this ability can hit Pokémon during the preparation turn of moves like dig or fly.\n\nOverworld: If the lead Pokémon has this ability, the wild encounter rate is doubled.","short_effect":"Ensures all moves used by and against the Pokémon hit.","language":{"name":"en","url":"http://pokeapi.co/api/v2/language/9/"}}],"effect_changes":[{"version_group":{"name":"platinum","url":"http://pokeapi.co/api/v2/version-group/9/"},"effect_entries":[{"effect":"Due to a glitch, moves affected by this ability have a (100 - accuracy)% chance to hit through detect or protect.","language":{"name":"en","url":"http://pokeapi.co/api/v2/language/9/"}}]}],"flavor_text_entries":[{"flavor_text":"お互いの　技が\n必ず　当たる。","language":{"name":"ja-kanji","url":"http://pokeapi.co/api/v2/language/11/"},"version_group":{"name":"omega-ruby-alpha-sapphire","url":"http://pokeapi.co/api/v2/version-group/16/"}},{"flavor_text":"Ensures that attacks by or\nagainst the Pokémon will land.","language":{"name":"en","url":"http://pokeapi.co/api/v2/language/9/"},"version_group":{"name":"omega-ruby-alpha-sapphire","url":"http://pokeapi.co/api/v2/version-group/16/"}},{"flavor_text":"Le mosse del Pokémon e del\nnemico vanno sempre a segno.","language":{"name":"it","url":"http://pokeapi.co/api/v2/language/8/"},"version_group":{"name":"omega-ruby-alpha-sapphire","url":"http://pokeapi.co/api/v2/version-group/16/"}},{"flavor_text":"El movimiento del Pokémon y el\ndel rival acertarán.","language":{"name":"es","url":"http://pokeapi.co/api/v2/language/7/"},"version_group":{"name":"omega-ruby-alpha-sapphire","url":"http://pokeapi.co/api/v2/version-group/16/"}},{"flavor_text":"Alle Attacken des oder auf\ndas Pokémon gelingen.","language":{"name":"de","url":"http://pokeapi.co/api/v2/language/6/"},"version_group":{"name":"omega-ruby-alpha-sapphire","url":"http://pokeapi.co/api/v2/version-group/16/"}},{"flavor_text":"Les capacités du Pokémon et de\nl’ennemi touchent à coup sûr.","language":{"name":"fr","url":"http://pokeapi.co/api/v2/language/5/"},"version_group":{"name":"omega-ruby-alpha-sapphire","url":"http://pokeapi.co/api/v2/version-group/16/"}},{"flavor_text":"서로의 기술이\n반드시 맞는다.","language":{"name":"ko","url":"http://pokeapi.co/api/v2/language/3/"},"version_group":{"name":"omega-ruby-alpha-sapphire","url":"http://pokeapi.co/api/v2/version-group/16/"}},{"flavor_text":"おたがいの　わざが\nかならず　あたる。","language":{"name":"ja","url":"http://pokeapi.co/api/v2/language/1/"},"version_group":{"name":"omega-ruby-alpha-sapphire","url":"http://pokeapi.co/api/v2/version-group/16/"}},{"flavor_text":"お互いの　技が\n必ず　当たる。","language":{"name":"ja-kanji","url":"http://pokeapi.co/api/v2/language/11/"},"version_group":{"name":"x-y","url":"http://pokeapi.co/api/v2/version-group/15/"}},{"flavor_text":"Ensures attacks by or\nagainst the Pokémon land.","language":{"name":"en","url":"http://pokeapi.co/api/v2/language/9/"},"version_group":{"name":"x-y","url":"http://pokeapi.co/api/v2/version-group/15/"}},{"flavor_text":"Le mosse del Pokémon e del\nnemico vanno sempre a segno.","language":{"name":"it","url":"http://pokeapi.co/api/v2/language/8/"},"version_group":{"name":"x-y","url":"http://pokeapi.co/api/v2/version-group/15/"}},{"flavor_text":"El movimiento del Pokémon y el\ndel rival acertarán.","language":{"name":"es","url":"http://pokeapi.co/api/v2/language/7/"},"version_group":{"name":"x-y","url":"http://pokeapi.co/api/v2/version-group/15/"}},{"flavor_text":"Alle Attacken des oder auf\ndas Pokémon gelingen.","language":{"name":"de","url":"http://pokeapi.co/api/v2/language/6/"},"version_group":{"name":"x-y","url":"http://pokeapi.co/api/v2/version-group/15/"}},{"flavor_text":"Les capacités du Pokémon et de\nl’ennemi frappent à coup sûr.","language":{"name":"fr","url":"http://pokeapi.co/api/v2/language/5/"},"version_group":{"name":"x-y","url":"http://pokeapi.co/api/v2/version-group/15/"}},{"flavor_text":"서로의 기술이\n반드시 맞는다.","language":{"name":"ko","url":"http://pokeapi.co/api/v2/language/3/"},"version_group":{"name":"x-y","url":"http://pokeapi.co/api/v2/version-group/15/"}},{"flavor_text":"おたがいの　わざが\nかならず　あたる。","language":{"name":"ja","url":"http://pokeapi.co/api/v2/language/1/"},"version_group":{"name":"x-y","url":"http://pokeapi.co/api/v2/version-group/15/"}},{"flavor_text":"Ensures attacks by or\nagainst the Pokémon land.","language":{"name":"en","url":"http://pokeapi.co/api/v2/language/9/"},"version_group":{"name":"black-2-white-2","url":"http://pokeapi.co/api/v2/version-group/14/"}},{"flavor_text":"Ensures attacks by or\nagainst the Pokémon land.","language":{"name":"en","url":"http://pokeapi.co/api/v2/language/9/"},"version_group":{"name":"black-white","url":"http://pokeapi.co/api/v2/version-group/11/"}},{"flavor_text":"Capacités du Pokémon et\nde l’ennemi réussissent.","language":{"name":"fr","url":"http://pokeapi.co/api/v2/language/5/"},"version_group":{"name":"black-white","url":"http://pokeapi.co/api/v2/version-group/11/"}},{"flavor_text":"Ensures both Pokémon’s\nand foe’s attacks land.","language":{"name":"en","url":"http://pokeapi.co/api/v2/language/9/"},"version_group":{"name":"heartgold-soulsilver","url":"http://pokeapi.co/api/v2/version-group/10/"}},{"flavor_text":"Ensures the Pokémon and\nits foe’s attacks land.","language":{"name":"en","url":"http://pokeapi.co/api/v2/language/9/"},"version_group":{"name":"platinum","url":"http://pokeapi.co/api/v2/version-group/9/"}},{"flavor_text":"Ensures the Pokémon and\nits foe’s attacks land.","language":{"name":"en","url":"http://pokeapi.co/api/v2/language/9/"},"version_group":{"name":"diamond-pearl","url":"http://pokeapi.co/api/v2/version-group/8/"}}],"pokemon":[{"is_hidden":false,"slot":2,"pokemon":{"name":"machop","url":"http://pokeapi.co/api/v2/pokemon/66/"}},{"is_hidden":false,"slot":2,"pokemon":{"name":"machoke","url":"http://pokeapi.co/api/v2/pokemon/67/"}},{"is_hidden":false,"slot":2,"pokemon":{"name":"machamp","url":"http://pokeapi.co/api/v2/pokemon/68/"}},{"is_hidden":true,"slot":3,"pokemon":{"name":"karrablast","url":"http://pokeapi.co/api/v2/pokemon/588/"}},{"is_hidden":true,"slot":3,"pokemon":{"name":"golett","url":"http://pokeapi.co/api/v2/pokemon/622/"}},{"is_hidden":true,"slot":3,"pokemon":{"name":"golurk","url":"http://pokeapi.co/api/v2/pokemon/623/"}},{"is_hidden":false,"slot":1,"pokemon":{"name":"honedge","url":"http://pokeapi.co/api/v2/pokemon/679/"}},{"is_hidden":false,"slot":1,"pokemon":{"name":"doublade","url":"http://pokeapi.co/api/v2/pokemon/680/"}},{"is_hidden":false,"slot":1,"pokemon":{"name":"pidgeot-mega","url":"http://pokeapi.co/api/v2/pokemon/10073/"}}]}