{"id":47,"name":"thick-fat","is_main_series":true,"generation":{"name":"generation-iii","url":"http://pokeapi.co/api/v2/generation/3/"},"names":[{"name":"Thick Fat","language":{"name":"en","url":"http://pokeapi.co/api/v2/language/9/"}},{"name":"Grassospesso","language":{"name":"it","url":"http://pokeapi.co/api/v2/language/8/"}},{"name":"Sebo","language":{"name":"es","url":"http://pokeapi.co/api/v2/language/7/"}},{"name":"Speckschicht","language":{"name":"de","url":"http://pokeapi.co/api/v2/language/6/"}},{"name":"Isograisse","language":{"name":"fr","url":"http://pokeapi.co/api/v2/language/5/"}},{"name":"두꺼운지방","language":{"name":"ko","url":"http://pokeapi.co/api/v2/language/3/"}},{"name":"あついしぼう","language":{"name":"ja","url":"http://pokeapi.co/api/v2/language/1/"}}],"effect_entries":[{"effect":"This Pokémon takes half as much damage from fire- and ice-type moves.","short_effect":"Halves damage from fire and ice moves.","language":{"name":"en","url":"http://pokeapi.co/api/v2/language/9/"}}],"effect_changes":[],"flavor_text_entries":[{"flavor_text":"ほのおと　こおりタイプの\n技に　強い。","language":{"name":"ja-kanji","url":"http://pokeapi.co/api/v2/language/11/"},"version_group":{"name":"omega-ruby-alpha-sapphire","url":"http://pokeapi.co/api/v2/version-group/16/"}},{"flavor_text":"Boosts resistance to Fire-\nand Ice-type moves.","language":{"name":"en","url":"http://pokeapi.co/api/v2/language/9/"},"version_group":{"name":"omega-ruby-alpha-sapphire","url":"http://pokeapi.co/api/v2/version-group/16/"}},{"flavor_text":"Aumenta la resistenza alle mosse\ndi tipo Fuoco e Ghiaccio.","language":{"name":"it","url":"http://pokeapi.co/api/v2/language/8/"},"version_group":{"name":"omega-ruby-alpha-sapphire","url":"http://pokeapi.co/api/v2/version-group/16/"}},{"flavor_text":"Atenúa los ataques de tipo Fuego\ny Hielo.","language":{"name":"es","url":"http://pokeapi.co/api/v2/language/7/"},"version_group":{"name":"omega-ruby-alpha-sapphire","url":"http://pokeapi.co/api/v2/version-group/16/"}},{"flavor_text":"Stark gegen Attacken der Typen\nFeuer und Eis.","language":{"name":"de","url":"http://pokeapi.co/api/v2/language/6/"},"version_group":{"name":"omega-ruby-alpha-sapphire","url":"http://pokeapi.co/api/v2/version-group/16/"}},{"flavor_text":"Augmente la résistance aux\ncapacités Feu et Glace.","language":{"name":"fr","url":"http://pokeapi.co/api/v2/language/5/"},"version_group":{"name":"omega-ruby-alpha-sapphire","url":"http://pokeapi.co/api/v2/version-group/16/"}},{"flavor_text":"불꽃과 얼음타입의\n기술에 강하다.","language":{"name":"ko","url":"http://pokeapi.co/api/v2/language/3/"},"version_group":{"name":"omega-ruby-alpha-sapphire","url":"http://pokeapi.co/api/v2/version-group/16/"}},{"flavor_text":"ほのおと　こおりタイプの\nわざに　つよい。","language":{"name":"ja","url":"http://pokeapi.co/api/v2/language/1/"},"version_group":{"name":"omega-ruby-alpha-sapphire","url":"http://pokeapi.co/api/v2/version-group/16/"}},{"flavor_text":"ほのおと　こおりタイプの\n技に　強い。","language":{"name":"ja-kanji","url":"http://pokeapi.co/api/v2/language/11/"},"version_group":{"name":"x-y","url":"http://pokeapi.co/api/v2/version-group/15/"}},{"flavor_text":"Boosts resistance to Fire-​\nand Ice-type moves.","language":{"name":"en","url":"http://pokeapi.co/api/v2/language/9/"},"version_group":{"name":"x-y","url":"http://pokeapi.co/api/v2/version-group/15/"}},{"flavor_text":"Aumenta la resistenza alle mosse\ndi tipo Fuoco e Ghiaccio.","language":{"name":"it","url":"http://pokeapi.co/api/v2/language/8/"},"version_group":{"name":"x-y","url":"http://pokeapi.co/api/v2/version-group/15/"}},{"flavor_text":"Atenúa los ataques de tipo Fuego\ny Hielo.","language":{"name":"es","url":"http://pokeapi.co/api/v2/language/7/"},"version_group":{"name":"x-y","url":"http://pokeapi.co/api/v2/version-group/15/"}},{"flavor_text":"Stark gegen Attacken der Typen\nFeuer und Eis.","language":{"name":"de","url":"http://pokeapi.co/api/v2/language/6/"},"version_group":{"name":"x-y","url":"http://pokeapi.co/api/v2/version-group/15/"}},{"flavor_text":"Augmente la résistance aux\ncapacités Feu et Glace.","language":{"name":"fr","url":"http://pokeapi.co/api/v2/language/5/"},"version_group":{"name":"x-y","url":"http://pokeapi.co/api/v2/version-group/15/"}},{"flavor_text":"불꽃과 얼음타입의\n기술에 강하다.","language":{"name":"ko","url":"http://pokeapi.co/api/v2/language/3/"},"version_group":{"name":"x-y","url":"http://pokeapi.co/api/v2/version-group/15/"}},{"flavor_text":"ほのおと　こおりタイプの\nわざに　つよい。","language":{"name":"ja","url":"http://pokeapi.co/api/v2/language/1/"},"version_group":{"name":"x-y","url":"http://pokeapi.co/api/v2/version-group/15/"}},{"flavor_text":"Ups resistance to Fire-​\nand Ice-type moves.","language":{"name":"en","url":"http://pokeapi.co/api/v2/language/9/"},"version_group":{"name":"black-2-white-2","url":"http://pokeapi.co/api/v2/version-group/14/"}},{"flavor_text":"Ups resistance to Fire-​\nand Ice-type moves.","language":{"name":"en","url":"http://pokeapi.co/api/v2/language/9/"},"version_group":{"name":"black-white","url":"http://pokeapi.co/api/v2/version-group/11/"}},{"flavor_text":"Augmente la résistance\naux cap. Feu et Glace.","language":{"name":"fr","url":"http://pokeapi.co/api/v2/language/5/"},"version_group":{"name":"black-white","url":"http://pokeapi.co/api/v2/version-group/11/"}},{"flavor_text":"Ups resistance to Fire-​\nand Ice-type moves.","language":{"name":"en","url":"http://pokeapi.co/api/v2/language/9/"},"version_group":{"name":"heartgold-soulsilver","url":"http://pokeapi.co/api/v2/version-group/10/"}},{"flavor_text":"Raises resistance to Fire-​\nand Ice-type moves.","language":{"name":"en","url":"http://pokeapi.co/api/v2/language/9/"},"version_group":{"name":"platinum","url":"http://pokeapi.co/api/v2/version-group/9/"}},{"flavor_text":"Raises resistance to Fire-​\nand Ice-type moves.","language":{"name":"en","url":"http://pokeapi.co/api/v2/language/9/"},"version_group":{"name":"diamond-pearl","url":"http://pokeapi.co/api/v2/version-group/8/"}},{"flavor_text":"Heat-and-cold protection.","language":{"name":"en","url":"http://pokeapi.co/api/v2/language/9/"},"version_group":{"name":"firered-leafgreen","url":"http://pokeapi.co/api/v2/version-group/7/"}},{"flavor_text":"Heat-and-cold protection.","language":{"name":"en","url":"http://pokeapi.co/api/v2/language/9/"},"version_group":{"name":"emerald","url":"http://pokeapi.co/api/v2/version-group/6/"}},{"flavor_text":"Heat-and-cold protection.","language":{"name":"en","url":"http://pokeapi.co/api/v2/language/9/"},"version_group":{"name":"ruby-sapphire","url":"http://pokeapi.co/api/v2/version-group/5/"}}],"pokemon":[{"is_hidden":false,"slot":1,"pokemon":{"name":"seel","url":"http://pokeapi.co/api/v2/pokemon/86/"}},{"is_hidden":false,"slot":1,"pokemon":{"name":"dewgong","url":"http://pokeapi.co/api/v2/pokemon/87/"}},{"is_hidden":false,"slot":2,"pokemon":{"name":"snorlax","url":"http://pokeapi.co/api/v2/pokemon/143/"}},{"is_hidden":false,"slot":1,"pokemon":{"name":"marill","url":"http://pokeapi.co/api/v2/pokemon/183/"}},{"is_hidden":false,"slot":1,"pokemon":{"name":"azumarill","url":"http://pokeapi.co/api/v2/pokemon/184/"}},{"is_hidden":true,"slot":3,"pokemon":{"name":"swinub","url":"http://pokeapi.co/api/v2/pokemon/220/"}},{"is_hidden":true,"slot":3,"pokemon":{"name":"piloswine","url":"http://pokeapi.co/api/v2/pokemon/221/"}},{"is_hidden":false,"slot":1,"pokemon":{"name":"miltank","url":"http://pokeapi.co/api/v2/pokemon/241/"}},{"is_hidden":false,"slot":1,"pokemon":{"name":"makuhita","url":"http://pokeapi.co/api/v2/pokemon/296/"}},{"is_hidden":false,"slot":1,"pokemon":{"name":"hariyama","url":"http://pokeapi.co/api/v2/pokemon/297/"}},{"is_hidden":false,"slot":1,"pokemon":{"name":"azurill","url":"http://pokeapi.co/api/v2/pokemon/298/"}},{"is_hidden":false,"slot":1,"pokemon":{"name":"spoink","url":"http://pokeapi.co/api/v2/pokemon/325/"}},{"is_hidden":false,"slot":1,"pokemon":{"name":"grumpig","url":"http://pokeapi.co/api/v2/pokemon/326/"}},{"is_hidden":false,"slot":1,"pokemon":{"name":"spheal","url":"http://pokeapi.co/api/v2/pokemon/363/"}},{"is_hidden":false,"slot":1,"pokemon":{"name":"sealeo","url":"http://pokeapi.co/api/v2/pokemon/364/"}},{"is_hidden":false,"slot":1,"pokemon":{"name":"walrein","url":"http://pokeapi.co/api/v2/pokemon/365/"}},{"is_hidden":false,"slot":1,"pokemon":{"name":"purugly","url":"http://pokeapi.co/api/v2/pokemon/432/"}},{"is_hidden":false,"slot":2,"pokemon":{"name":"munchlax","url":"http://pokeapi.co/api/v2/pokemon/446/"}},{"is_hidden":true,"slot":3,"pokemon":{"name":"mamoswine","url":"http://pokeapi.co/api/v2/pokemon/473/"}},{"is_hidden":true,"slot":3,"pokemon":{"name":"tepig","url":"http://pokeapi.co/api/v2/pokemon/498/"}},{"is_hidden":true,"slot":3,"pokemon":{"name":"pignite","url":"http://pokeapi.co/api/v2/pokemon/499/"}},{"is_hidden":false,"slot":1,"pokemon":{"name":"venusaur-mega","url":"http://pokeapi.co/api/v2/pokemon/10033/"}}]}