{"id":61,"name":"shed-skin","is_main_series":true,"generation":{"name":"generation-iii","url":"http://pokeapi.co/api/v2/generation/3/"},"names":[{"name":"Shed Skin","language":{"name":"en","url":"http://pokeapi.co/api/v2/language/9/"}},{"name":"Muta","language":{"name":"it","url":"http://pokeapi.co/api/v2/language/8/"}},{"name":"Mudar","language":{"name":"es","url":"http://pokeapi.co/api/v2/language/7/"}},{"name":"Expidermis","language":{"name":"de","url":"http://pokeapi.co/api/v2/language/6/"}},{"name":"Mue","language":{"name":"fr","url":"http://pokeapi.co/api/v2/language/5/"}},{"name":"탈피","language":{"name":"ko","url":"http://pokeapi.co/api/v2/language/3/"}},{"name":"だっぴ","language":{"name":"ja","url":"http://pokeapi.co/api/v2/language/1/"}}],"effect_entries":[{"effect":"After each turn, this Pokémon has a 33% of being cured of any major status ailment.","short_effect":"Has a 33% chance of curing any major status ailment after each turn.","language":{"name":"en","url":"http://pokeapi.co/api/v2/language/9/"}}],"effect_changes":[{"version_group":{"name":"black-white","url":"http://pokeapi.co/api/v2/version-group/11/"},"effect_entries":[{"effect":"Chance of taking effect is 30%.","language":{"name":"en","url":"http://pokeapi.co/api/v2/language/9/"}}]},{"version_group":{"name":"diamond-pearl","url":"http://pokeapi.co/api/v2/version-group/8/"},"effect_entries":[{"effect":"Chance of taking effect is 33%.","language":{"name":"en","url":"http://pokeapi.co/api/v2/language/9/"}}]}],"flavor_text_entries":[{"flavor_text":"状態異常を\n治すことが　ある。","language":{"name":"ja-kanji","url":"http://pokeapi.co/api/v2/language/11/"},"version_group":{"name":"omega-ruby-alpha-sapphire","url":"http://pokeapi.co/api/v2/version-group/16/"}},{"flavor_text":"The Pokémon may heal its\nown status conditions.","language":{"name":"en","url":"http://pokeapi.co/api/v2/language/9/"},"version_group":{"name":"omega-ruby-alpha-sapphire","url":"http://pokeapi.co/api/v2/version-group/16/"}},{"flavor_text":"Può curare i problemi di stato\ndel Pokémon.","language":{"name":"it","url":"http://pokeapi.co/api/v2/language/8/"},"version_group":{"name":"omega-ruby-alpha-sapphire","url":"http://pokeapi.co/api/v2/version-group/16/"}},{"flavor_text":"Cura los problemas de estado\nmudando la piel.","language":{"name":"es","url":"http://pokeapi.co/api/v2/language/7/"},"version_group":{"name":"omega-ruby-alpha-sapphire","url":"http://pokeapi.co/api/v2/version-group/16/"}},{"flavor_text":"Das Pokémon heilt eventuell\nseine Statusprobleme.","language":{"name":"de","url":"http://pokeapi.co/api/v2/language/6/"},"version_group":{"name":"omega-ruby-alpha-sapphire","url":"http://pokeapi.co/api/v2/version-group/16/"}},{"flavor_text":"Le Pokémon soigne parfois ses\nproblèmes de statut.","language":{"name":"fr","url":"http://pokeapi.co/api/v2/language/5/"},"version_group":{"name":"omega-ruby-alpha-sapphire","url":"http://pokeapi.co/api/v2/version-group/16/"}},{"flavor_text":"상태 이상을\n회복할 때가 있다.","language":{"name":"ko","url":"http://pokeapi.co/api/v2/language/3/"},"version_group":{"name":"omega-ruby-alpha-sapphire","url":"http://pokeapi.co/api/v2/version-group/16/"}},{"flavor_text":"じょうたい　いじょうを\nなおす　ことがある。","language":{"name":"ja","url":"http://pokeapi.co/api/v2/language/1/"},"version_group":{"name":"omega-ruby-alpha-sapphire","url":"http://pokeapi.co/api/v2/version-group/16/"}},{"flavor_text":"状態異常を\n治すことが　ある。","language":{"name":"ja-kanji","url":"http://pokeapi.co/api/v2/language/11/"},"version_group":{"name":"x-y","url":"http://pokeapi.co/api/v2/version-group/15/"}},{"flavor_text":"The Pokémon may heal its\nown status conditions.","language":{"name":"en","url":"http://pokeapi.co/api/v2/language/9/"},"version_group":{"name":"x-y","url":"http://pokeapi.co/api/v2/version-group/15/"}},{"flavor_text":"Può curare i problemi di stato\ndel Pokémon.","language":{"name":"it","url":"http://pokeapi.co/api/v2/language/8/"},"version_group":{"name":"x-y","url":"http://pokeapi.co/api/v2/version-group/15/"}},{"flavor_text":"Cura los problemas de estado\nmudando la piel.","language":{"name":"es","url":"http://pokeapi.co/api/v2/language/7/"},"version_group":{"name":"x-y","url":"http://pokeapi.co/api/v2/version-group/15/"}},{"flavor_text":"Das Pokémon heilt eventuell\nseine Statusprobleme.","language":{"name":"de","url":"http://pokeapi.co/api/v2/language/6/"},"version_group":{"name":"x-y","url":"http://pokeapi.co/api/v2/version-group/15/"}},{"flavor_text":"Le Pokémon soigne parfois ses\nproblèmes de statut.","language":{"name":"fr","url":"http://pokeapi.co/api/v2/language/5/"},"version_group":{"name":"x-y","url":"http://pokeapi.co/api/v2/version-group/15/"}},{"flavor_text":"상태 이상을\n회복할 때가 있다.","language":{"name":"ko","url":"http://pokeapi.co/api/v2/language/3/"},"version_group":{"name":"x-y","url":"http://pokeapi.co/api/v2/version-group/15/"}},{"flavor_text":"じょうたい　いじょうを\nなおす　ことがある。","language":{"name":"ja","url":"http://pokeapi.co/api/v2/language/1/"},"version_group":{"name":"x-y","url":"http://pokeapi.co/api/v2/version-group/15/"}},{"flavor_text":"The Pokémon may heal its\nown status problems.","language":{"name":"en","url":"http://pokeapi.co/api/v2/language/9/"},"version_group":{"name":"black-2-white-2","url":"http://pokeapi.co/api/v2/version-group/14/"}},{"flavor_text":"The Pokémon may heal its\nown status problems.","language":{"name":"en","url":"http://pokeapi.co/api/v2/language/9/"},"version_group":{"name":"black-white","url":"http://pokeapi.co/api/v2/version-group/11/"}},{"flavor_text":"Le Pokémon soigne parfois\nses problèmes de statut.","language":{"name":"fr","url":"http://pokeapi.co/api/v2/language/5/"},"version_group":{"name":"black-white","url":"http://pokeapi.co/api/v2/version-group/11/"}},{"flavor_text":"The Pokémon may heal its\nown status problems.","language":{"name":"en","url":"http://pokeapi.co/api/v2/language/9/"},"version_group":{"name":"heartgold-soulsilver","url":"http://pokeapi.co/api/v2/version-group/10/"}},{"flavor_text":"The Pokémon may heal its\nown status problems.","language":{"name":"en","url":"http://pokeapi.co/api/v2/language/9/"},"version_group":{"name":"platinum","url":"http://pokeapi.co/api/v2/version-group/9/"}},{"flavor_text":"The Pokémon may heal its\nown status problems.","language":{"name":"en","url":"http://pokeapi.co/api/v2/language/9/"},"version_group":{"name":"diamond-pearl","url":"http://pokeapi.co/api/v2/version-group/8/"}},{"flavor_text":"Heals the body by shedding.","language":{"name":"en","url":"http://pokeapi.co/api/v2/language/9/"},"version_group":{"name":"firered-leafgreen","url":"http://pokeapi.co/api/v2/version-group/7/"}},{"flavor_text":"Heals the body by shedding.","language":{"name":"en","url":"http://pokeapi.co/api/v2/language/9/"},"version_group":{"name":"emerald","url":"http://pokeapi.co/api/v2/version-group/6/"}},{"flavor_text":"Heals the body by shedding.","language":{"name":"en","url":"http://pokeapi.co/api/v2/language/9/"},"version_group":{"name":"ruby-sapphire","url":"http://pokeapi.co/api/v2/version-group/5/"}}],"pokemon":[{"is_hidden":false,"slot":1,"pokemon":{"name":"metapod","url":"http://pokeapi.co/api/v2/pokemon/11/"}},{"is_hidden":false,"slot":1,"pokemon":{"name":"kakuna","url":"http://pokeapi.co/api/v2/pokemon/14/"}},{"is_hidden":false,"slot":2,"pokemon":{"name":"ekans","url":"http://pokeapi.co/api/v2/pokemon/23/"}},{"is_hidden":false,"slot":2,"pokemon":{"name":"arbok","url":"http://pokeapi.co/api/v2/pokemon/24/"}},{"is_hidden":false,"slot":1,"pokemon":{"name":"dratini","url":"http://pokeapi.co/api/v2/pokemon/147/"}},{"is_hidden":false,"slot":1,"pokemon":{"name":"dragonair","url":"http://pokeapi.co/api/v2/pokemon/148/"}},{"is_hidden":false,"slot":1,"pokemon":{"name":"pupitar","url":"http://pokeapi.co/api/v2/pokemon/247/"}},{"is_hidden":false,"slot":1,"pokemon":{"name":"silcoon","url":"http://pokeapi.co/api/v2/pokemon/266/"}},{"is_hidden":false,"slot":1,"pokemon":{"name":"cascoon","url":"http://pokeapi.co/api/v2/pokemon/268/"}},{"is_hidden":false,"slot":1,"pokemon":{"name":"seviper","url":"http://pokeapi.co/api/v2/pokemon/336/"}},{"is_hidden":false,"slot":1,"pokemon":{"name":"kricketot","url":"http://pokeapi.co/api/v2/pokemon/401/"}},{"is_hidden":false,"slot":1,"pokemon":{"name":"burmy","url":"http://pokeapi.co/api/v2/pokemon/412/"}},{"is_hidden":false,"slot":1,"pokemon":{"name":"scraggy","url":"http://pokeapi.co/api/v2/pokemon/559/"}},{"is_hidden":false,"slot":1,"pokemon":{"name":"scrafty","url":"http://pokeapi.co/api/v2/pokemon/560/"}},{"is_hidden":false,"slot":2,"pokemon":{"name":"karrablast","url":"http://pokeapi.co/api/v2/pokemon/588/"}},{"is_hidden":false,"slot":1,"pokemon":{"name":"spewpa","url":"http://pokeapi.co/api/v2/pokemon/665/"}}]}