{"id":118,"name":"honey-gather","is_main_series":true,"generation":{"name":"generation-iv","url":"http://pokeapi.co/api/v2/generation/4/"},"names":[{"name":"Honey Gather","language":{"name":"en","url":"http://pokeapi.co/api/v2/language/9/"}},{"name":"Mielincetta","language":{"name":"it","url":"http://pokeapi.co/api/v2/language/8/"}},{"name":"Recogemiel","language":{"name":"es","url":"http://pokeapi.co/api/v2/language/7/"}},{"name":"Honigmaul","language":{"name":"de","url":"http://pokeapi.co/api/v2/language/6/"}},{"name":"Cherche Miel","language":{"name":"fr","url":"http://pokeapi.co/api/v2/language/5/"}},{"name":"꿀모으기","language":{"name":"ko","url":"http://pokeapi.co/api/v2/language/3/"}},{"name":"みつあつめ","language":{"name":"ja","url":"http://pokeapi.co/api/v2/language/1/"}}],"effect_entries":[{"effect":"This Pokémon has a chance of picking up honey after each battle.  This chance starts at 5% and rises another 5% after every tenth level: 5% from level 1–10, 10% from 11–20, and so on, up to 50% from 91–100.\n\nThis ability is checked after the battle ends, at which point any temporary ability changes have worn off.","short_effect":"The Pokémon may pick up honey after battle.","language":{"name":"en","url":"http://pokeapi.co/api/v2/language/9/"}}],"effect_changes":[],"flavor_text_entries":[{"flavor_text":"あまいミツを　集めて\nくることが　ある。","language":{"name":"ja-kanji","url":"http://pokeapi.co/api/v2/language/11/"},"version_group":{"name":"omega-ruby-alpha-sapphire","url":"http://pokeapi.co/api/v2/version-group/16/"}},{"flavor_text":"The Pokémon may gather\nHoney from somewhere.","language":{"name":"en","url":"http://pokeapi.co/api/v2/language/9/"},"version_group":{"name":"omega-ruby-alpha-sapphire","url":"http://pokeapi.co/api/v2/version-group/16/"}},{"flavor_text":"Il Pokémon può raccogliere\nMiele.","language":{"name":"it","url":"http://pokeapi.co/api/v2/language/8/"},"version_group":{"name":"omega-ruby-alpha-sapphire","url":"http://pokeapi.co/api/v2/version-group/16/"}},{"flavor_text":"El Pokémon recoge Miel de\ndonde puede.","language":{"name":"es","url":"http://pokeapi.co/api/v2/language/7/"},"version_group":{"name":"omega-ruby-alpha-sapphire","url":"http://pokeapi.co/api/v2/version-group/16/"}},{"flavor_text":"Das Pokémon sammelt\ngelegentlich Honig auf.","language":{"name":"de","url":"http://pokeapi.co/api/v2/language/6/"},"version_group":{"name":"omega-ruby-alpha-sapphire","url":"http://pokeapi.co/api/v2/version-group/16/"}},{"flavor_text":"Le Pokémon peut parfois trouver\ndu Miel.","language":{"name":"fr","url":"http://pokeapi.co/api/v2/language/5/"},"version_group":{"name":"omega-ruby-alpha-sapphire","url":"http://pokeapi.co/api/v2/version-group/16/"}},{"flavor_text":"달콤한꿀을 모아서\n올 때가 있다.","language":{"name":"ko","url":"http://pokeapi.co/api/v2/language/3/"},"version_group":{"name":"omega-ruby-alpha-sapphire","url":"http://pokeapi.co/api/v2/version-group/16/"}},{"flavor_text":"あまいミツを　あつめて\nくることが　ある。","language":{"name":"ja","url":"http://pokeapi.co/api/v2/language/1/"},"version_group":{"name":"omega-ruby-alpha-sapphire","url":"http://pokeapi.co/api/v2/version-group/16/"}},{"flavor_text":"あまいミツを　集めて\nくることが　ある。","language":{"name":"ja-kanji","url":"http://pokeapi.co/api/v2/language/11/"},"version_group":{"name":"x-y","url":"http://pokeapi.co/api/v2/version-group/15/"}},{"flavor_text":"The Pokémon may gather\nHoney from somewhere.","language":{"name":"en","url":"http://pokeapi.co/api/v2/language/9/"},"version_group":{"name":"x-y","url":"http://pokeapi.co/api/v2/version-group/15/"}},{"flavor_text":"Il Pokémon può raccogliere\nMiele.","language":{"name":"it","url":"http://pokeapi.co/api/v2/language/8/"},"version_group":{"name":"x-y","url":"http://pokeapi.co/api/v2/version-group/15/"}},{"flavor_text":"El Pokémon recoge Miel de\ndonde puede.","language":{"name":"es","url":"http://pokeapi.co/api/v2/language/7/"},"version_group":{"name":"x-y","url":"http://pokeapi.co/api/v2/version-group/15/"}},{"flavor_text":"Das Pokémon sammelt\ngelegentlich Honig auf.","language":{"name":"de","url":"http://pokeapi.co/api/v2/language/6/"},"version_group":{"name":"x-y","url":"http://pokeapi.co/api/v2/version-group/15/"}},{"flavor_text":"Le Pokémon peut parfois trouver\ndu Miel.","language":{"name":"fr","url":"http://pokeapi.co/api/v2/language/5/"},"version_group":{"name":"x-y","url":"http://pokeapi.co/api/v2/version-group/15/"}},{"flavor_text":"달콤한꿀을 모아서\n올 때가 있다.","language":{"name":"ko","url":"http://pokeapi.co/api/v2/language/3/"},"version_group":{"name":"x-y","url":"http://pokeapi.co/api/v2/version-group/15/"}},{"flavor_text":"あまいミツを　あつめて\nくることが　ある。","language":{"name":"ja","url":"http://pokeapi.co/api/v2/language/1/"},"version_group":{"name":"x-y","url":"http://pokeapi.co/api/v2/version-group/15/"}},{"flavor_text":"The Pokémon may gather\nHoney from somewhere.","language":{"name":"en","url":"http://pokeapi.co/api/v2/language/9/"},"version_group":{"name":"black-2-white-2","url":"http://pokeapi.co/api/v2/version-group/14/"}},{"flavor_text":"The Pokémon may gather\nHoney from somewhere.","language":{"name":"en","url":"http://pokeapi.co/api/v2/language/9/"},"version_group":{"name":"black-white","url":"http://pokeapi.co/api/v2/version-group/11/"}},{"flavor_text":"Le Pokémon peut parfois\ntrouver du Miel.","language":{"name":"fr","url":"http://pokeapi.co/api/v2/language/5/"},"version_group":{"name":"black-white","url":"http://pokeapi.co/api/v2/version-group/11/"}},{"flavor_text":"The Pokémon may gather\nHoney from somewhere.","language":{"name":"en","url":"http://pokeapi.co/api/v2/language/9/"},"version_group":{"name":"heartgold-soulsilver","url":"http://pokeapi.co/api/v2/version-group/10/"}},{"flavor_text":"The Pokémon may gather\nHoney from somewhere.","language":{"name":"en","url":"http://pokeapi.co/api/v2/language/9/"},"version_group":{"name":"platinum","url":"http://pokeapi.co/api/v2/version-group/9/"}},{"flavor_text":"The Pokémon may gather\nHoney from somewhere.","language":{"name":"en","url":"http://pokeapi.co/api/v2/language/9/"},"version_group":{"name":"diamond-pearl","url":"http://pokeapi.co/api/v2/version-group/8/"}}],"pokemon":[{"is_hidden":true,"slot":3,"pokemon":{"name":"teddiursa","url":"http://pokeapi.co/api/v2/pokemon/216/"}},{"is_hidden":false,"slot":1,"pokemon":{"name":"combee","url":"http://pokeapi.co/api/v2/pokemon/415/"}}]}