{"id":53,"name":"pickup","is_main_series":true,"generation":{"name":"generation-iii","url":"http://pokeapi.co/api/v2/generation/3/"},"names":[{"name":"Pickup","language":{"name":"en","url":"http://pokeapi.co/api/v2/language/9/"}},{"name":"Raccolta","language":{"name":"it","url":"http://pokeapi.co/api/v2/language/8/"}},{"name":"Recogida","language":{"name":"es","url":"http://pokeapi.co/api/v2/language/7/"}},{"name":"Mitnahme","language":{"name":"de","url":"http://pokeapi.co/api/v2/language/6/"}},{"name":"Ramassage","language":{"name":"fr","url":"http://pokeapi.co/api/v2/language/5/"}},{"name":"픽업","language":{"name":"ko","url":"http://pokeapi.co/api/v2/language/3/"}},{"name":"ものひろい","language":{"name":"ja","url":"http://pokeapi.co/api/v2/language/1/"}}],"effect_entries":[{"effect":"At the end of each turn, if another Pokémon consumed or Flung a held item that turn, this Pokémon picks up the item if it is not already holding one.  After each battle, this Pokémon has a 10% chance of picking up an item if it is not already holding one.\n\nThe air balloon and eject button cannot be picked up.\n\nThe items that may be found vary by game, and, since Pokémon Emerald, by the Pokémon's level.  This ability is checked after the battle ends, at which point any temporary ability changes have worn off.","short_effect":"Picks up other Pokémon's used and Flung held items.  May also pick up an item after battle.","language":{"name":"en","url":"http://pokeapi.co/api/v2/language/9/"}}],"effect_changes":[{"version_group":{"name":"black-white","url":"http://pokeapi.co/api/v2/version-group/11/"},"effect_entries":[{"effect":"Has no effect in battle.","language":{"name":"en","url":"http://pokeapi.co/api/v2/language/9/"}}]}],"flavor_text_entries":[{"flavor_text":"道具を　拾ってくる\nことが　ある。","language":{"name":"ja-kanji","url":"http://pokeapi.co/api/v2/language/11/"},"version_group":{"name":"omega-ruby-alpha-sapphire","url":"http://pokeapi.co/api/v2/version-group/16/"}},{"flavor_text":"The Pokémon may\npick up items.","language":{"name":"en","url":"http://pokeapi.co/api/v2/language/9/"},"version_group":{"name":"omega-ruby-alpha-sapphire","url":"http://pokeapi.co/api/v2/version-group/16/"}},{"flavor_text":"Aumenta la probabilità di trovare\nstrumenti.","language":{"name":"it","url":"http://pokeapi.co/api/v2/language/8/"},"version_group":{"name":"omega-ruby-alpha-sapphire","url":"http://pokeapi.co/api/v2/version-group/16/"}},{"flavor_text":"El Pokémon puede encontrar\nobjetos.","language":{"name":"es","url":"http://pokeapi.co/api/v2/language/7/"},"version_group":{"name":"omega-ruby-alpha-sapphire","url":"http://pokeapi.co/api/v2/version-group/16/"}},{"flavor_text":"Hebt gelegentlich Items auf.","language":{"name":"de","url":"http://pokeapi.co/api/v2/language/6/"},"version_group":{"name":"omega-ruby-alpha-sapphire","url":"http://pokeapi.co/api/v2/version-group/16/"}},{"flavor_text":"Permet parfois au Pokémon de\nramasser des objets.","language":{"name":"fr","url":"http://pokeapi.co/api/v2/language/5/"},"version_group":{"name":"omega-ruby-alpha-sapphire","url":"http://pokeapi.co/api/v2/version-group/16/"}},{"flavor_text":"도구를 주워올\n때가 있다.","language":{"name":"ko","url":"http://pokeapi.co/api/v2/language/3/"},"version_group":{"name":"omega-ruby-alpha-sapphire","url":"http://pokeapi.co/api/v2/version-group/16/"}},{"flavor_text":"どうぐを　ひろってくる\nことが　ある。","language":{"name":"ja","url":"http://pokeapi.co/api/v2/language/1/"},"version_group":{"name":"omega-ruby-alpha-sapphire","url":"http://pokeapi.co/api/v2/version-group/16/"}},{"flavor_text":"道具を　拾ってくる\nことが　ある。","language":{"name":"ja-kanji","url":"http://pokeapi.co/api/v2/language/11/"},"version_group":{"name":"x-y","url":"http://pokeapi.co/api/v2/version-group/15/"}},{"flavor_text":"The Pokémon may\npick up items.","language":{"name":"en","url":"http://pokeapi.co/api/v2/language/9/"},"version_group":{"name":"x-y","url":"http://pokeapi.co/api/v2/version-group/15/"}},{"flavor_text":"Aumenta la probabilità di trovare\nstrumenti.","language":{"name":"it","url":"http://pokeapi.co/api/v2/language/8/"},"version_group":{"name":"x-y","url":"http://pokeapi.co/api/v2/version-group/15/"}},{"flavor_text":"El Pokémon puede encontrar\nobjetos.","language":{"name":"es","url":"http://pokeapi.co/api/v2/language/7/"},"version_group":{"name":"x-y","url":"http://pokeapi.co/api/v2/version-group/15/"}},{"flavor_text":"Hebt gelegentlich Items auf.","language":{"name":"de","url":"http://pokeapi.co/api/v2/language/6/"},"version_group":{"name":"x-y","url":"http://pokeapi.co/api/v2/version-group/15/"}},{"flavor_text":"Permet parfois au Pokémon de\nramasser des objets.","language":{"name":"fr","url":"http://pokeapi.co/api/v2/language/5/"},"version_group":{"name":"x-y","url":"http://pokeapi.co/api/v2/version-group/15/"}},{"flavor_text":"도구를 주워올\n때가 있다.","language":{"name":"ko","url":"http://pokeapi.co/api/v2/language/3/"},"version_group":{"name":"x-y","url":"http://pokeapi.co/api/v2/version-group/15/"}},{"flavor_text":"どうぐを　ひろってくる\nことが　ある。","language":{"name":"ja","url":"http://pokeapi.co/api/v2/language/1/"},"version_group":{"name":"x-y","url":"http://pokeapi.co/api/v2/version-group/15/"}},{"flavor_text":"The Pokémon may\npick up items.","language":{"name":"en","url":"http://pokeapi.co/api/v2/language/9/"},"version_group":{"name":"black-2-white-2","url":"http://pokeapi.co/api/v2/version-group/14/"}},{"flavor_text":"The Pokémon may\npick up items.","language":{"name":"en","url":"http://pokeapi.co/api/v2/language/9/"},"version_group":{"name":"black-white","url":"http://pokeapi.co/api/v2/version-group/11/"}},{"flavor_text":"Permet parfois au Pokémon\nde ramasser des objets.","language":{"name":"fr","url":"http://pokeapi.co/api/v2/language/5/"},"version_group":{"name":"black-white","url":"http://pokeapi.co/api/v2/version-group/11/"}},{"flavor_text":"The Pokémon may\npick up items.","language":{"name":"en","url":"http://pokeapi.co/api/v2/language/9/"},"version_group":{"name":"heartgold-soulsilver","url":"http://pokeapi.co/api/v2/version-group/10/"}},{"flavor_text":"The Pokémon may pick up\nitems.","language":{"name":"en","url":"http://pokeapi.co/api/v2/language/9/"},"version_group":{"name":"platinum","url":"http://pokeapi.co/api/v2/version-group/9/"}},{"flavor_text":"The Pokémon may pick up\nitems.","language":{"name":"en","url":"http://pokeapi.co/api/v2/language/9/"},"version_group":{"name":"diamond-pearl","url":"http://pokeapi.co/api/v2/version-group/8/"}},{"flavor_text":"May pick up items.","language":{"name":"en","url":"http://pokeapi.co/api/v2/language/9/"},"version_group":{"name":"firered-leafgreen","url":"http://pokeapi.co/api/v2/version-group/7/"}},{"flavor_text":"May pick up items.","language":{"name":"en","url":"http://pokeapi.co/api/v2/language/9/"},"version_group":{"name":"emerald","url":"http://pokeapi.co/api/v2/version-group/6/"}},{"flavor_text":"May pick up items.","language":{"name":"en","url":"http://pokeapi.co/api/v2/language/9/"},"version_group":{"name":"ruby-sapphire","url":"http://pokeapi.co/api/v2/version-group/5/"}}],"pokemon":[{"is_hidden":false,"slot":1,"pokemon":{"name":"meowth","url":"http://pokeapi.co/api/v2/pokemon/52/"}},{"is_hidden":false,"slot":2,"pokemon":{"name":"aipom","url":"http://pokeapi.co/api/v2/pokemon/190/"}},{"is_hidden":false,"slot":1,"pokemon":{"name":"teddiursa","url":"http://pokeapi.co/api/v2/pokemon/216/"}},{"is_hidden":false,"slot":1,"pokemon":{"name":"phanpy","url":"http://pokeapi.co/api/v2/pokemon/231/"}},{"is_hidden":false,"slot":1,"pokemon":{"name":"zigzagoon","url":"http://pokeapi.co/api/v2/pokemon/263/"}},{"is_hidden":false,"slot":1,"pokemon":{"name":"linoone","url":"http://pokeapi.co/api/v2/pokemon/264/"}},{"is_hidden":false,"slot":2,"pokemon":{"name":"pachirisu","url":"http://pokeapi.co/api/v2/pokemon/417/"}},{"is_hidden":false,"slot":2,"pokemon":{"name":"ambipom","url":"http://pokeapi.co/api/v2/pokemon/424/"}},{"is_hidden":false,"slot":1,"pokemon":{"name":"munchlax","url":"http://pokeapi.co/api/v2/pokemon/446/"}},{"is_hidden":false,"slot":2,"pokemon":{"name":"lillipup","url":"http://pokeapi.co/api/v2/pokemon/506/"}},{"is_hidden":false,"slot":1,"pokemon":{"name":"bunnelby","url":"http://pokeapi.co/api/v2/pokemon/659/"}},{"is_hidden":false,"slot":1,"pokemon":{"name":"diggersby","url":"http://pokeapi.co/api/v2/pokemon/660/"}},{"is_hidden":false,"slot":2,"pokemon":{"name":"dedenne","url":"http://pokeapi.co/api/v2/pokemon/702/"}},{"is_hidden":false,"slot":1,"pokemon":{"name":"pumpkaboo-average","url":"http://pokeapi.co/api/v2/pokemon/710/"}},{"is_hidden":false,"slot":1,"pokemon":{"name":"gourgeist-average","url":"http://pokeapi.co/api/v2/pokemon/711/"}},{"is_hidden":false,"slot":1,"pokemon":{"name":"pumpkaboo-small","url":"http://pokeapi.co/api/v2/pokemon/10027/"}},{"is_hidden":false,"slot":1,"pokemon":{"name":"pumpkaboo-large","url":"http://pokeapi.co/api/v2/pokemon/10028/"}},{"is_hidden":false,"slot":1,"pokemon":{"name":"pumpkaboo-super","url":"http://pokeapi.co/api/v2/pokemon/10029/"}},{"is_hidden":false,"slot":1,"pokemon":{"name":"gourgeist-small","url":"http://pokeapi.co/api/v2/pokemon/10030/"}},{"is_hidden":false,"slot":1,"pokemon":{"name":"gourgeist-large","url":"http://pokeapi.co/api/v2/pokemon/10031/"}},{"is_hidden":false,"slot":1,"pokemon":{"name":"gourgeist-super","url":"http://pokeapi.co/api/v2/pokemon/10032/"}}]}