{"id":106,"name":"aftermath","is_main_series":true,"generation":{"name":"generation-iv","url":"http://pokeapi.co/api/v2/generation/4/"},"names":[{"name":"Aftermath","language":{"name":"en","url":"http://pokeapi.co/api/v2/language/9/"}},{"name":"Scoppio","language":{"name":"it","url":"http://pokeapi.co/api/v2/language/8/"}},{"name":"Resquicio","language":{"name":"es","url":"http://pokeapi.co/api/v2/language/7/"}},{"name":"Finalschlag","language":{"name":"de","url":"http://pokeapi.co/api/v2/language/6/"}},{"name":"Boom Final","language":{"name":"fr","url":"http://pokeapi.co/api/v2/language/5/"}},{"name":"유폭","language":{"name":"ko","url":"http://pokeapi.co/api/v2/language/3/"}},{"name":"ゆうばく","language":{"name":"ja","url":"http://pokeapi.co/api/v2/language/1/"}}],"effect_entries":[{"effect":"When this Pokémon is knocked out by a move that makes contact, the move's user takes 1/4 its maximum HP in damage.","short_effect":"Damages the attacker for 1/4 its max HP when knocked out by a contact move.","language":{"name":"en","url":"http://pokeapi.co/api/v2/language/9/"}}],"effect_changes":[],"flavor_text_entries":[{"flavor_text":"ひんしの　ときに　触れた\n相手に　ダメージ。","language":{"name":"ja-kanji","url":"http://pokeapi.co/api/v2/language/11/"},"version_group":{"name":"omega-ruby-alpha-sapphire","url":"http://pokeapi.co/api/v2/version-group/16/"}},{"flavor_text":"Damages the attacker\nlanding the finishing hit.","language":{"name":"en","url":"http://pokeapi.co/api/v2/language/9/"},"version_group":{"name":"omega-ruby-alpha-sapphire","url":"http://pokeapi.co/api/v2/version-group/16/"}},{"flavor_text":"Arreca danni al Pokémon che\nsferra il colpo finale.","language":{"name":"it","url":"http://pokeapi.co/api/v2/language/8/"},"version_group":{"name":"omega-ruby-alpha-sapphire","url":"http://pokeapi.co/api/v2/version-group/16/"}},{"flavor_text":"Daña al agresor que le ha dado el\ngolpe de gracia.","language":{"name":"es","url":"http://pokeapi.co/api/v2/language/7/"},"version_group":{"name":"omega-ruby-alpha-sapphire","url":"http://pokeapi.co/api/v2/version-group/16/"}},{"flavor_text":"Fügt einem Angreifer, der das\nPokémon besiegt, Schaden zu.","language":{"name":"de","url":"http://pokeapi.co/api/v2/language/6/"},"version_group":{"name":"omega-ruby-alpha-sapphire","url":"http://pokeapi.co/api/v2/version-group/16/"}},{"flavor_text":"Blesse l’attaquant qui porte\nle coup de grâce.","language":{"name":"fr","url":"http://pokeapi.co/api/v2/language/5/"},"version_group":{"name":"omega-ruby-alpha-sapphire","url":"http://pokeapi.co/api/v2/version-group/16/"}},{"flavor_text":"기절할 때 스친\n상대에게 데미지를 준다.","language":{"name":"ko","url":"http://pokeapi.co/api/v2/language/3/"},"version_group":{"name":"omega-ruby-alpha-sapphire","url":"http://pokeapi.co/api/v2/version-group/16/"}},{"flavor_text":"ひんしの　ときに　ふれた\nあいてに　ダメージ。","language":{"name":"ja","url":"http://pokeapi.co/api/v2/language/1/"},"version_group":{"name":"omega-ruby-alpha-sapphire","url":"http://pokeapi.co/api/v2/version-group/16/"}},{"flavor_text":"ひんしの　ときに　触れた\n相手に　ダメージ。","language":{"name":"ja-kanji","url":"http://pokeapi.co/api/v2/language/11/"},"version_group":{"name":"x-y","url":"http://pokeapi.co/api/v2/version-group/15/"}},{"flavor_text":"Damages the attacker\nlanding the finishing hit.","language":{"name":"en","url":"http://pokeapi.co/api/v2/language/9/"},"version_group":{"name":"x-y","url":"http://pokeapi.co/api/v2/version-group/15/"}},{"flavor_text":"Arreca danni al Pokémon che\nsferra il colpo finale.","language":{"name":"it","url":"http://pokeapi.co/api/v2/language/8/"},"version_group":{"name":"x-y","url":"http://pokeapi.co/api/v2/version-group/15/"}},{"flavor_text":"Daña al agresor que le ha dado el\ngolpe de gracia.","language":{"name":"es","url":"http://pokeapi.co/api/v2/language/7/"},"version_group":{"name":"x-y","url":"http://pokeapi.co/api/v2/version-group/15/"}},{"flavor_text":"Fügt einem Angreifer, der das\nPokémon besiegt, Schaden zu.","language":{"name":"de","url":"http://pokeapi.co/api/v2/language/6/"},"version_group":{"name":"x-y","url":"http://pokeapi.co/api/v2/version-group/15/"}},{"flavor_text":"Blesse l’attaquant qui porte\nle coup de grâce.","language":{"name":"fr","url":"http://pokeapi.co/api/v2/language/5/"},"version_group":{"name":"x-y","url":"http://pokeapi.co/api/v2/version-group/15/"}},{"flavor_text":"기절할 때 스친\n상대에게 데미지를 준다.","language":{"name":"ko","url":"http://pokeapi.co/api/v2/language/3/"},"version_group":{"name":"x-y","url":"http://pokeapi.co/api/v2/version-group/15/"}},{"flavor_text":"ひんしの　ときに　ふれた\nあいてに　ダメージ。","language":{"name":"ja","url":"http://pokeapi.co/api/v2/language/1/"},"version_group":{"name":"x-y","url":"http://pokeapi.co/api/v2/version-group/15/"}},{"flavor_text":"Damages the attacker\nlanding the finishing hit.","language":{"name":"en","url":"http://pokeapi.co/api/v2/language/9/"},"version_group":{"name":"black-2-white-2","url":"http://pokeapi.co/api/v2/version-group/14/"}},{"flavor_text":"Damages the attacker\nlanding the finishing hit.","language":{"name":"en","url":"http://pokeapi.co/api/v2/language/9/"},"version_group":{"name":"black-white","url":"http://pokeapi.co/api/v2/version-group/11/"}},{"flavor_text":"Blesse l’ennemi qui \nporte le coup de grâce.","language":{"name":"fr","url":"http://pokeapi.co/api/v2/language/5/"},"version_group":{"name":"black-white","url":"http://pokeapi.co/api/v2/version-group/11/"}},{"flavor_text":"Damages the foe landing\nthe finishing hit.","language":{"name":"en","url":"http://pokeapi.co/api/v2/language/9/"},"version_group":{"name":"heartgold-soulsilver","url":"http://pokeapi.co/api/v2/version-group/10/"}},{"flavor_text":"Damages the foe landing\nthe finishing hit.","language":{"name":"en","url":"http://pokeapi.co/api/v2/language/9/"},"version_group":{"name":"platinum","url":"http://pokeapi.co/api/v2/version-group/9/"}},{"flavor_text":"Damages the foe landing\nthe finishing hit.","language":{"name":"en","url":"http://pokeapi.co/api/v2/language/9/"},"version_group":{"name":"diamond-pearl","url":"http://pokeapi.co/api/v2/version-group/8/"}}],"pokemon":[{"is_hidden":true,"slot":3,"pokemon":{"name":"voltorb","url":"http://pokeapi.co/api/v2/pokemon/100/"}},{"is_hidden":true,"slot":3,"pokemon":{"name":"electrode","url":"http://pokeapi.co/api/v2/pokemon/101/"}},{"is_hidden":false,"slot":1,"pokemon":{"name":"drifloon","url":"http://pokeapi.co/api/v2/pokemon/425/"}},{"is_hidden":false,"slot":1,"pokemon":{"name":"drifblim","url":"http://pokeapi.co/api/v2/pokemon/426/"}},{"is_hidden":false,"slot":2,"pokemon":{"name":"stunky","url":"http://pokeapi.co/api/v2/pokemon/434/"}},{"is_hidden":false,"slot":2,"pokemon":{"name":"skuntank","url":"http://pokeapi.co/api/v2/pokemon/435/"}},{"is_hidden":true,"slot":3,"pokemon":{"name":"trubbish","url":"http://pokeapi.co/api/v2/pokemon/568/"}},{"is_hidden":true,"slot":3,"pokemon":{"name":"garbodor","url":"http://pokeapi.co/api/v2/pokemon/569/"}}]}