{"id":160,"name":"iron-barbs","is_main_series":true,"generation":{"name":"generation-v","url":"http://pokeapi.co/api/v2/generation/5/"},"names":[{"name":"Iron Barbs","language":{"name":"en","url":"http://pokeapi.co/api/v2/language/9/"}},{"name":"Spineferrate","language":{"name":"it","url":"http://pokeapi.co/api/v2/language/8/"}},{"name":"Punta Acero","language":{"name":"es","url":"http://pokeapi.co/api/v2/language/7/"}},{"name":"Eisenstachel","language":{"name":"de","url":"http://pokeapi.co/api/v2/language/6/"}},{"name":"Épine de Fer","language":{"name":"fr","url":"http://pokeapi.co/api/v2/language/5/"}},{"name":"철가시","language":{"name":"ko","url":"http://pokeapi.co/api/v2/language/3/"}},{"name":"てつのトゲ","language":{"name":"ja","url":"http://pokeapi.co/api/v2/language/1/"}}],"effect_entries":[{"effect":"Whenever a move makes contact with this Pokémon, the move's user takes 1/8 of its maximum HP in damage.\n\nThis ability functions identically to rough skin.","short_effect":"Damages attacking Pokémon for 1/8 their max HP on contact.","language":{"name":"en","url":"http://pokeapi.co/api/v2/language/9/"}}],"effect_changes":[],"flavor_text_entries":[{"flavor_text":"触れた　相手を\nキズつける。","language":{"name":"ja-kanji","url":"http://pokeapi.co/api/v2/language/11/"},"version_group":{"name":"omega-ruby-alpha-sapphire","url":"http://pokeapi.co/api/v2/version-group/16/"}},{"flavor_text":"Inflicts damage to the\nattacker on contact.","language":{"name":"en","url":"http://pokeapi.co/api/v2/language/9/"},"version_group":{"name":"omega-ruby-alpha-sapphire","url":"http://pokeapi.co/api/v2/version-group/16/"}},{"flavor_text":"Se chi attacca mette a segno una    \nmossa fisica, viene danneggiato.","language":{"name":"it","url":"http://pokeapi.co/api/v2/language/8/"},"version_group":{"name":"omega-ruby-alpha-sapphire","url":"http://pokeapi.co/api/v2/version-group/16/"}},{"flavor_text":"Hiere al hacer contacto.","language":{"name":"es","url":"http://pokeapi.co/api/v2/language/7/"},"version_group":{"name":"omega-ruby-alpha-sapphire","url":"http://pokeapi.co/api/v2/version-group/16/"}},{"flavor_text":"Angreifer nehmen durch\nbloßes Berühren Schaden.","language":{"name":"de","url":"http://pokeapi.co/api/v2/language/6/"},"version_group":{"name":"omega-ruby-alpha-sapphire","url":"http://pokeapi.co/api/v2/version-group/16/"}},{"flavor_text":"Blesse l’attaquant au moindre\ncontact.","language":{"name":"fr","url":"http://pokeapi.co/api/v2/language/5/"},"version_group":{"name":"omega-ruby-alpha-sapphire","url":"http://pokeapi.co/api/v2/version-group/16/"}},{"flavor_text":"접촉한 상대에게\n상처를 입힌다.","language":{"name":"ko","url":"http://pokeapi.co/api/v2/language/3/"},"version_group":{"name":"omega-ruby-alpha-sapphire","url":"http://pokeapi.co/api/v2/version-group/16/"}},{"flavor_text":"ふれた　あいてを\nキズつける。","language":{"name":"ja","url":"http://pokeapi.co/api/v2/language/1/"},"version_group":{"name":"omega-ruby-alpha-sapphire","url":"http://pokeapi.co/api/v2/version-group/16/"}},{"flavor_text":"触れた　相手を\nキズつける。","language":{"name":"ja-kanji","url":"http://pokeapi.co/api/v2/language/11/"},"version_group":{"name":"x-y","url":"http://pokeapi.co/api/v2/version-group/15/"}},{"flavor_text":"Inflicts damage to the\nattacker on contact.","language":{"name":"en","url":"http://pokeapi.co/api/v2/language/9/"},"version_group":{"name":"x-y","url":"http://pokeapi.co/api/v2/version-group/15/"}},{"flavor_text":"Se chi attacca mette a segno una\nmossa fisica, viene danneggiato.","language":{"name":"it","url":"http://pokeapi.co/api/v2/language/8/"},"version_group":{"name":"x-y","url":"http://pokeapi.co/api/v2/version-group/15/"}},{"flavor_text":"Hiere al hacer contacto.","language":{"name":"es","url":"http://pokeapi.co/api/v2/language/7/"},"version_group":{"name":"x-y","url":"http://pokeapi.co/api/v2/version-group/15/"}},{"flavor_text":"Angreifer nehmen durch\nbloßes Berühren Schaden.","language":{"name":"de","url":"http://pokeapi.co/api/v2/language/6/"},"version_group":{"name":"x-y","url":"http://pokeapi.co/api/v2/version-group/15/"}},{"flavor_text":"Blesse l’attaquant au moindre\ncontact.","language":{"name":"fr","url":"http://pokeapi.co/api/v2/language/5/"},"version_group":{"name":"x-y","url":"http://pokeapi.co/api/v2/version-group/15/"}},{"flavor_text":"접촉한 상대에게\n상처를 입힌다.","language":{"name":"ko","url":"http://pokeapi.co/api/v2/language/3/"},"version_group":{"name":"x-y","url":"http://pokeapi.co/api/v2/version-group/15/"}},{"flavor_text":"ふれた　あいてを\nキズつける。","language":{"name":"ja","url":"http://pokeapi.co/api/v2/language/1/"},"version_group":{"name":"x-y","url":"http://pokeapi.co/api/v2/version-group/15/"}},{"flavor_text":"Inflicts damage to the\nPokémon on contact.","language":{"name":"en","url":"http://pokeapi.co/api/v2/language/9/"},"version_group":{"name":"black-2-white-2","url":"http://pokeapi.co/api/v2/version-group/14/"}},{"flavor_text":"Inflicts damage to the\nPokémon on contact.","language":{"name":"en","url":"http://pokeapi.co/api/v2/language/9/"},"version_group":{"name":"black-white","url":"http://pokeapi.co/api/v2/version-group/11/"}},{"flavor_text":"Blesse l’ennemi au moindre\ncontact.","language":{"name":"fr","url":"http://pokeapi.co/api/v2/language/5/"},"version_group":{"name":"black-white","url":"http://pokeapi.co/api/v2/version-group/11/"}}],"pokemon":[{"is_hidden":false,"slot":1,"pokemon":{"name":"ferroseed","url":"http://pokeapi.co/api/v2/pokemon/597/"}},{"is_hidden":false,"slot":1,"pokemon":{"name":"ferrothorn","url":"http://pokeapi.co/api/v2/pokemon/598/"}}]}