{"id":113,"name":"scrappy","is_main_series":true,"generation":{"name":"generation-iv","url":"http://pokeapi.co/api/v2/generation/4/"},"names":[{"name":"Scrappy","language":{"name":"en","url":"http://pokeapi.co/api/v2/language/9/"}},{"name":"Nervisaldi","language":{"name":"it","url":"http://pokeapi.co/api/v2/language/8/"}},{"name":"Intrépido","language":{"name":"es","url":"http://pokeapi.co/api/v2/language/7/"}},{"name":"Rauflust","language":{"name":"de","url":"http://pokeapi.co/api/v2/language/6/"}},{"name":"Querelleur","language":{"name":"fr","url":"http://pokeapi.co/api/v2/language/5/"}},{"name":"배짱","language":{"name":"ko","url":"http://pokeapi.co/api/v2/language/3/"}},{"name":"きもったま","language":{"name":"ja","url":"http://pokeapi.co/api/v2/language/1/"}}],"effect_entries":[{"effect":"This Pokémon ignores ghost-type Pokémon's immunity to normal- and fighting-type moves.\n\nGhost Pokémon's other types affect damage as usual.","short_effect":"Lets the Pokémon's normal and fighting moves hit ghost Pokémon.","language":{"name":"en","url":"http://pokeapi.co/api/v2/language/9/"}}],"effect_changes":[],"flavor_text_entries":[{"flavor_text":"ゴーストタイプに\nノーマル技が　当たる。","language":{"name":"ja-kanji","url":"http://pokeapi.co/api/v2/language/11/"},"version_group":{"name":"omega-ruby-alpha-sapphire","url":"http://pokeapi.co/api/v2/version-group/16/"}},{"flavor_text":"Makes Normal- and Fighting-type\nmoves hit Ghost-type Pokémon.","language":{"name":"en","url":"http://pokeapi.co/api/v2/language/9/"},"version_group":{"name":"omega-ruby-alpha-sapphire","url":"http://pokeapi.co/api/v2/version-group/16/"}},{"flavor_text":"I Pokémon di tipo Spettro sono\ncolpiti da mosse Normale e Lotta. ","language":{"name":"it","url":"http://pokeapi.co/api/v2/language/8/"},"version_group":{"name":"omega-ruby-alpha-sapphire","url":"http://pokeapi.co/api/v2/version-group/16/"}},{"flavor_text":"Movimientos tipo Normal y Lucha\ngolpean a Pokémon Fantasma.","language":{"name":"es","url":"http://pokeapi.co/api/v2/language/7/"},"version_group":{"name":"omega-ruby-alpha-sapphire","url":"http://pokeapi.co/api/v2/version-group/16/"}},{"flavor_text":"Normal- und Kampf-Attacken\ntreffen Pokémon vom Typ Geist.","language":{"name":"de","url":"http://pokeapi.co/api/v2/language/6/"},"version_group":{"name":"omega-ruby-alpha-sapphire","url":"http://pokeapi.co/api/v2/version-group/16/"}},{"flavor_text":"Les capacités Normal et Combat\ntouchent les Pokémon Spectre.","language":{"name":"fr","url":"http://pokeapi.co/api/v2/language/5/"},"version_group":{"name":"omega-ruby-alpha-sapphire","url":"http://pokeapi.co/api/v2/version-group/16/"}},{"flavor_text":"고스트타입에\n노말 기술이 맞는다.","language":{"name":"ko","url":"http://pokeapi.co/api/v2/language/3/"},"version_group":{"name":"omega-ruby-alpha-sapphire","url":"http://pokeapi.co/api/v2/version-group/16/"}},{"flavor_text":"ゴーストタイプに\nノーマルわざが　あたる。","language":{"name":"ja","url":"http://pokeapi.co/api/v2/language/1/"},"version_group":{"name":"omega-ruby-alpha-sapphire","url":"http://pokeapi.co/api/v2/version-group/16/"}},{"flavor_text":"ゴーストタイプに\nノーマル技が　当たる。","language":{"name":"ja-kanji","url":"http://pokeapi.co/api/v2/language/11/"},"version_group":{"name":"x-y","url":"http://pokeapi.co/api/v2/version-group/15/"}},{"flavor_text":"Makes Normal- and Fighting-type\nmoves hit Ghost-type Pokémon.","language":{"name":"en","url":"http://pokeapi.co/api/v2/language/9/"},"version_group":{"name":"x-y","url":"http://pokeapi.co/api/v2/version-group/15/"}},{"flavor_text":"I Pokémon di tipo Spettro sono\ncolpiti da mosse Normale e Lotta.","language":{"name":"it","url":"http://pokeapi.co/api/v2/language/8/"},"version_group":{"name":"x-y","url":"http://pokeapi.co/api/v2/version-group/15/"}},{"flavor_text":"Movimientos tipo Normal y Lucha\ngolpean a Pokémon Fantasma.","language":{"name":"es","url":"http://pokeapi.co/api/v2/language/7/"},"version_group":{"name":"x-y","url":"http://pokeapi.co/api/v2/version-group/15/"}},{"flavor_text":"Normal- und Kampf-Attacken\ntreffen Pokémon vom Typ Geist.","language":{"name":"de","url":"http://pokeapi.co/api/v2/language/6/"},"version_group":{"name":"x-y","url":"http://pokeapi.co/api/v2/version-group/15/"}},{"flavor_text":"Les capacités Normal et Combat\ntouchent les Pokémon Spectre.","language":{"name":"fr","url":"http://pokeapi.co/api/v2/language/5/"},"version_group":{"name":"x-y","url":"http://pokeapi.co/api/v2/version-group/15/"}},{"flavor_text":"고스트타입에\n노말 기술이 맞는다.","language":{"name":"ko","url":"http://pokeapi.co/api/v2/language/3/"},"version_group":{"name":"x-y","url":"http://pokeapi.co/api/v2/version-group/15/"}},{"flavor_text":"ゴーストタイプに\nノーマルわざが　あたる。","language":{"name":"ja","url":"http://pokeapi.co/api/v2/language/1/"},"version_group":{"name":"x-y","url":"http://pokeapi.co/api/v2/version-group/15/"}},{"flavor_text":"Enables moves to hit\nGhost-type Pokémon.","language":{"name":"en","url":"http://pokeapi.co/api/v2/language/9/"},"version_group":{"name":"black-2-white-2","url":"http://pokeapi.co/api/v2/version-group/14/"}},{"flavor_text":"Enables moves to hit\nGhost-type Pokémon.","language":{"name":"en","url":"http://pokeapi.co/api/v2/language/9/"},"version_group":{"name":"black-white","url":"http://pokeapi.co/api/v2/version-group/11/"}},{"flavor_text":"Les cap. Normal touchent\nles Pokémon Spectre.","language":{"name":"fr","url":"http://pokeapi.co/api/v2/language/5/"},"version_group":{"name":"black-white","url":"http://pokeapi.co/api/v2/version-group/11/"}},{"flavor_text":"Enables moves to hit\nGhost-type foes.","language":{"name":"en","url":"http://pokeapi.co/api/v2/language/9/"},"version_group":{"name":"heartgold-soulsilver","url":"http://pokeapi.co/api/v2/version-group/10/"}},{"flavor_text":"Enables moves to hit\nGhost-type foes.","language":{"name":"en","url":"http://pokeapi.co/api/v2/language/9/"},"version_group":{"name":"platinum","url":"http://pokeapi.co/api/v2/version-group/9/"}},{"flavor_text":"Enables moves to hit\nGhost-type foes.","language":{"name":"en","url":"http://pokeapi.co/api/v2/language/9/"},"version_group":{"name":"diamond-pearl","url":"http://pokeapi.co/api/v2/version-group/8/"}}],"pokemon":[{"is_hidden":false,"slot":2,"pokemon":{"name":"kangaskhan","url":"http://pokeapi.co/api/v2/pokemon/115/"}},{"is_hidden":false,"slot":2,"pokemon":{"name":"miltank","url":"http://pokeapi.co/api/v2/pokemon/241/"}},{"is_hidden":true,"slot":3,"pokemon":{"name":"taillow","url":"http://pokeapi.co/api/v2/pokemon/276/"}},{"is_hidden":true,"slot":3,"pokemon":{"name":"swellow","url":"http://pokeapi.co/api/v2/pokemon/277/"}},{"is_hidden":true,"slot":3,"pokemon":{"name":"loudred","url":"http://pokeapi.co/api/v2/pokemon/294/"}},{"is_hidden":true,"slot":3,"pokemon":{"name":"exploud","url":"http://pokeapi.co/api/v2/pokemon/295/"}},{"is_hidden":true,"slot":3,"pokemon":{"name":"herdier","url":"http://pokeapi.co/api/v2/pokemon/507/"}},{"is_hidden":true,"slot":3,"pokemon":{"name":"stoutland","url":"http://pokeapi.co/api/v2/pokemon/508/"}},{"is_hidden":true,"slot":3,"pokemon":{"name":"pancham","url":"http://pokeapi.co/api/v2/pokemon/674/"}},{"is_hidden":true,"slot":3,"pokemon":{"name":"pangoro","url":"http://pokeapi.co/api/v2/pokemon/675/"}},{"is_hidden":false,"slot":1,"pokemon":{"name":"lopunny-mega","url":"http://pokeapi.co/api/v2/pokemon/10088/"}}]}