{"id":183,"name":"gooey","is_main_series":true,"generation":{"name":"generation-vi","url":"http://pokeapi.co/api/v2/generation/6/"},"names":[{"name":"Gooey","language":{"name":"en","url":"http://pokeapi.co/api/v2/language/9/"}},{"name":"Viscosità","language":{"name":"it","url":"http://pokeapi.co/api/v2/language/8/"}},{"name":"Baba","language":{"name":"es","url":"http://pokeapi.co/api/v2/language/7/"}},{"name":"Viskosität","language":{"name":"de","url":"http://pokeapi.co/api/v2/language/6/"}},{"name":"Poisseux","language":{"name":"fr","url":"http://pokeapi.co/api/v2/language/5/"}},{"name":"미끈미끈","language":{"name":"ko","url":"http://pokeapi.co/api/v2/language/3/"}},{"name":"ぬめぬめ","language":{"name":"ja","url":"http://pokeapi.co/api/v2/language/1/"}}],"effect_entries":[{"effect":"Lowers attacking Pokémon's Speed by one stage on contact.","short_effect":"Lowers attacking Pokémon's Speed by one stage on contact.","language":{"name":"en","url":"http://pokeapi.co/api/v2/language/9/"}}],"effect_changes":[],"flavor_text_entries":[{"flavor_text":"触れた　相手の\n素早さを　さげる。","language":{"name":"ja-kanji","url":"http://pokeapi.co/api/v2/language/11/"},"version_group":{"name":"omega-ruby-alpha-sapphire","url":"http://pokeapi.co/api/v2/version-group/16/"}},{"flavor_text":"Contact with the Pokémon\nlowers the attacker’s Speed stat.","language":{"name":"en","url":"http://pokeapi.co/api/v2/language/9/"},"version_group":{"name":"omega-ruby-alpha-sapphire","url":"http://pokeapi.co/api/v2/version-group/16/"}},{"flavor_text":"Riduce la Velocità del Pokémon\ncon cui entra in contatto.","language":{"name":"it","url":"http://pokeapi.co/api/v2/language/8/"},"version_group":{"name":"omega-ruby-alpha-sapphire","url":"http://pokeapi.co/api/v2/version-group/16/"}},{"flavor_text":"Baja la Velocidad del Pokémon\ncon el que entra en contacto.","language":{"name":"es","url":"http://pokeapi.co/api/v2/language/7/"},"version_group":{"name":"omega-ruby-alpha-sapphire","url":"http://pokeapi.co/api/v2/version-group/16/"}},{"flavor_text":"Die Initiative von Angreifern sinkt\ndurch bloßes Berühren.","language":{"name":"de","url":"http://pokeapi.co/api/v2/language/6/"},"version_group":{"name":"omega-ruby-alpha-sapphire","url":"http://pokeapi.co/api/v2/version-group/16/"}},{"flavor_text":"Diminue la Vitesse de l’attaquant\nqui le touche.","language":{"name":"fr","url":"http://pokeapi.co/api/v2/language/5/"},"version_group":{"name":"omega-ruby-alpha-sapphire","url":"http://pokeapi.co/api/v2/version-group/16/"}},{"flavor_text":"접촉한 상대의\n스피드를 떨어뜨린다.","language":{"name":"ko","url":"http://pokeapi.co/api/v2/language/3/"},"version_group":{"name":"omega-ruby-alpha-sapphire","url":"http://pokeapi.co/api/v2/version-group/16/"}},{"flavor_text":"ふれた　あいての\nすばやさを　さげる。","language":{"name":"ja","url":"http://pokeapi.co/api/v2/language/1/"},"version_group":{"name":"omega-ruby-alpha-sapphire","url":"http://pokeapi.co/api/v2/version-group/16/"}},{"flavor_text":"触れた　相手の\n素早さを　さげる。","language":{"name":"ja-kanji","url":"http://pokeapi.co/api/v2/language/11/"},"version_group":{"name":"x-y","url":"http://pokeapi.co/api/v2/version-group/15/"}},{"flavor_text":"Contact with the Pokémon\nlowers the attacker’s Speed stat.","language":{"name":"en","url":"http://pokeapi.co/api/v2/language/9/"},"version_group":{"name":"x-y","url":"http://pokeapi.co/api/v2/version-group/15/"}},{"flavor_text":"Riduce la Velocità del Pokémon\ncon cui entra in contatto.","language":{"name":"it","url":"http://pokeapi.co/api/v2/language/8/"},"version_group":{"name":"x-y","url":"http://pokeapi.co/api/v2/version-group/15/"}},{"flavor_text":"Baja la Velocidad del Pokémon\ncon el que entra en contacto.","language":{"name":"es","url":"http://pokeapi.co/api/v2/language/7/"},"version_group":{"name":"x-y","url":"http://pokeapi.co/api/v2/version-group/15/"}},{"flavor_text":"Die Initiative von Angreifern sinkt\ndurch bloßes Berühren.","language":{"name":"de","url":"http://pokeapi.co/api/v2/language/6/"},"version_group":{"name":"x-y","url":"http://pokeapi.co/api/v2/version-group/15/"}},{"flavor_text":"Diminue la Vitesse de l’attaquant\nqui le touche.","language":{"name":"fr","url":"http://pokeapi.co/api/v2/language/5/"},"version_group":{"name":"x-y","url":"http://pokeapi.co/api/v2/version-group/15/"}},{"flavor_text":"접촉한 상대의\n스피드를 떨어뜨린다.","language":{"name":"ko","url":"http://pokeapi.co/api/v2/language/3/"},"version_group":{"name":"x-y","url":"http://pokeapi.co/api/v2/version-group/15/"}},{"flavor_text":"ふれた　あいての\nすばやさを　さげる。","language":{"name":"ja","url":"http://pokeapi.co/api/v2/language/1/"},"version_group":{"name":"x-y","url":"http://pokeapi.co/api/v2/version-group/15/"}}],"pokemon":[{"is_hidden":true,"slot":3,"pokemon":{"name":"goomy","url":"http://pokeapi.co/api/v2/pokemon/704/"}},{"is_hidden":true,"slot":3,"pokemon":{"name":"sliggoo","url":"http://pokeapi.co/api/v2/pokemon/705/"}},{"is_hidden":true,"slot":3,"pokemon":{"name":"goodra","url":"http://pokeapi.co/api/v2/pokemon/706/"}}]}