{"id":91,"name":"adaptability","is_main_series":true,"generation":{"name":"generation-iv","url":"http://pokeapi.co/api/v2/generation/4/"},"names":[{"name":"Adaptability","language":{"name":"en","url":"http://pokeapi.co/api/v2/language/9/"}},{"name":"Adattabilità","language":{"name":"it","url":"http://pokeapi.co/api/v2/language/8/"}},{"name":"Adaptable","language":{"name":"es","url":"http://pokeapi.co/api/v2/language/7/"}},{"name":"Anpassung","language":{"name":"de","url":"http://pokeapi.co/api/v2/language/6/"}},{"name":"Adaptabilité","language":{"name":"fr","url":"http://pokeapi.co/api/v2/language/5/"}},{"name":"적응력","language":{"name":"ko","url":"http://pokeapi.co/api/v2/language/3/"}},{"name":"てきおうりょく","language":{"name":"ja","url":"http://pokeapi.co/api/v2/language/1/"}}],"effect_entries":[{"effect":"This Pokémon inflicts twice as much damage with moves whose types match its own, rather than the usual same-type attack bonus of 1.5×.","short_effect":"Increases the same-type attack bonus from 1.5× to 2×.","language":{"name":"en","url":"http://pokeapi.co/api/v2/language/9/"}}],"effect_changes":[],"flavor_text_entries":[{"flavor_text":"タイプが　同じ　技の\n威力が　あがる。","language":{"name":"ja-kanji","url":"http://pokeapi.co/api/v2/language/11/"},"version_group":{"name":"omega-ruby-alpha-sapphire","url":"http://pokeapi.co/api/v2/version-group/16/"}},{"flavor_text":"Powers up moves of the\nsame type as the Pokémon.","language":{"name":"en","url":"http://pokeapi.co/api/v2/language/9/"},"version_group":{"name":"omega-ruby-alpha-sapphire","url":"http://pokeapi.co/api/v2/version-group/16/"}},{"flavor_text":"Potenzia le mosse dello stesso\ntipo del Pokémon.","language":{"name":"it","url":"http://pokeapi.co/api/v2/language/8/"},"version_group":{"name":"omega-ruby-alpha-sapphire","url":"http://pokeapi.co/api/v2/version-group/16/"}},{"flavor_text":"Potencia los movimientos del\nmismo tipo del Pokémon.","language":{"name":"es","url":"http://pokeapi.co/api/v2/language/7/"},"version_group":{"name":"omega-ruby-alpha-sapphire","url":"http://pokeapi.co/api/v2/version-group/16/"}},{"flavor_text":"Erhöht die Stärke von Attacken\ndesselben Typs.","language":{"name":"de","url":"http://pokeapi.co/api/v2/language/6/"},"version_group":{"name":"omega-ruby-alpha-sapphire","url":"http://pokeapi.co/api/v2/version-group/16/"}},{"flavor_text":"Augmente la puissance des\ncapacités de même type.","language":{"name":"fr","url":"http://pokeapi.co/api/v2/language/5/"},"version_group":{"name":"omega-ruby-alpha-sapphire","url":"http://pokeapi.co/api/v2/version-group/16/"}},{"flavor_text":"타입이 같은 기술의\n위력이 올라간다.","language":{"name":"ko","url":"http://pokeapi.co/api/v2/language/3/"},"version_group":{"name":"omega-ruby-alpha-sapphire","url":"http://pokeapi.co/api/v2/version-group/16/"}},{"flavor_text":"タイプが　おなじ　わざの\nいりょくが　あがる。","language":{"name":"ja","url":"http://pokeapi.co/api/v2/language/1/"},"version_group":{"name":"omega-ruby-alpha-sapphire","url":"http://pokeapi.co/api/v2/version-group/16/"}},{"flavor_text":"タイプが　同じ　技の\n威力が　あがる。","language":{"name":"ja-kanji","url":"http://pokeapi.co/api/v2/language/11/"},"version_group":{"name":"x-y","url":"http://pokeapi.co/api/v2/version-group/15/"}},{"flavor_text":"Powers up moves of the\nsame type as the Pokémon.","language":{"name":"en","url":"http://pokeapi.co/api/v2/language/9/"},"version_group":{"name":"x-y","url":"http://pokeapi.co/api/v2/version-group/15/"}},{"flavor_text":"Potenzia le mosse dello stesso\ntipo del Pokémon.","language":{"name":"it","url":"http://pokeapi.co/api/v2/language/8/"},"version_group":{"name":"x-y","url":"http://pokeapi.co/api/v2/version-group/15/"}},{"flavor_text":"Potencia los movimientos del\nmismo tipo del Pokémon.","language":{"name":"es","url":"http://pokeapi.co/api/v2/language/7/"},"version_group":{"name":"x-y","url":"http://pokeapi.co/api/v2/version-group/15/"}},{"flavor_text":"Erhöht die Stärke von Attacken\ndesselben Typs.","language":{"name":"de","url":"http://pokeapi.co/api/v2/language/6/"},"version_group":{"name":"x-y","url":"http://pokeapi.co/api/v2/version-group/15/"}},{"flavor_text":"Augmente la puissance des\ncapacités de même type.","language":{"name":"fr","url":"http://pokeapi.co/api/v2/language/5/"},"version_group":{"name":"x-y","url":"http://pokeapi.co/api/v2/version-group/15/"}},{"flavor_text":"타입이 같은 기술의\n위력이 올라간다.","language":{"name":"ko","url":"http://pokeapi.co/api/v2/language/3/"},"version_group":{"name":"x-y","url":"http://pokeapi.co/api/v2/version-group/15/"}},{"flavor_text":"タイプが　おなじ　わざの\nいりょくが　あがる。","language":{"name":"ja","url":"http://pokeapi.co/api/v2/language/1/"},"version_group":{"name":"x-y","url":"http://pokeapi.co/api/v2/version-group/15/"}},{"flavor_text":"Powers up moves of the\nsame type.","language":{"name":"en","url":"http://pokeapi.co/api/v2/language/9/"},"version_group":{"name":"black-2-white-2","url":"http://pokeapi.co/api/v2/version-group/14/"}},{"flavor_text":"Powers up moves of the\nsame type.","language":{"name":"en","url":"http://pokeapi.co/api/v2/language/9/"},"version_group":{"name":"black-white","url":"http://pokeapi.co/api/v2/version-group/11/"}},{"flavor_text":"Augmente la puissance des\ncapacités de même type.","language":{"name":"fr","url":"http://pokeapi.co/api/v2/language/5/"},"version_group":{"name":"black-white","url":"http://pokeapi.co/api/v2/version-group/11/"}},{"flavor_text":"Powers up moves of the\nsame type.","language":{"name":"en","url":"http://pokeapi.co/api/v2/language/9/"},"version_group":{"name":"heartgold-soulsilver","url":"http://pokeapi.co/api/v2/version-group/10/"}},{"flavor_text":"Powers up moves of the\nsame type.","language":{"name":"en","url":"http://pokeapi.co/api/v2/language/9/"},"version_group":{"name":"platinum","url":"http://pokeapi.co/api/v2/version-group/9/"}},{"flavor_text":"Powers up moves of the\nsame type.","language":{"name":"en","url":"http://pokeapi.co/api/v2/language/9/"},"version_group":{"name":"diamond-pearl","url":"http://pokeapi.co/api/v2/version-group/8/"}}],"pokemon":[{"is_hidden":false,"slot":2,"pokemon":{"name":"eevee","url":"http://pokeapi.co/api/v2/pokemon/133/"}},{"is_hidden":true,"slot":3,"pokemon":{"name":"corphish","url":"http://pokeapi.co/api/v2/pokemon/341/"}},{"is_hidden":true,"slot":3,"pokemon":{"name":"crawdaunt","url":"http://pokeapi.co/api/v2/pokemon/342/"}},{"is_hidden":true,"slot":3,"pokemon":{"name":"feebas","url":"http://pokeapi.co/api/v2/pokemon/349/"}},{"is_hidden":false,"slot":1,"pokemon":{"name":"porygon-z","url":"http://pokeapi.co/api/v2/pokemon/474/"}},{"is_hidden":false,"slot":2,"pokemon":{"name":"basculin-red-striped","url":"http://pokeapi.co/api/v2/pokemon/550/"}},{"is_hidden":true,"slot":3,"pokemon":{"name":"skrelp","url":"http://pokeapi.co/api/v2/pokemon/690/"}},{"is_hidden":true,"slot":3,"pokemon":{"name":"dragalge","url":"http://pokeapi.co/api/v2/pokemon/691/"}},{"is_hidden":false,"slot":2,"pokemon":{"name":"basculin-blue-striped","url":"http://pokeapi.co/api/v2/pokemon/10016/"}},{"is_hidden":false,"slot":1,"pokemon":{"name":"lucario-mega","url":"http://pokeapi.co/api/v2/pokemon/10059/"}},{"is_hidden":false,"slot":1,"pokemon":{"name":"beedrill-mega","url":"http://pokeapi.co/api/v2/pokemon/10090/"}}]}