{"id":95,"name":"quick-feet","is_main_series":true,"generation":{"name":"generation-iv","url":"http://pokeapi.co/api/v2/generation/4/"},"names":[{"name":"Quick Feet","language":{"name":"en","url":"http://pokeapi.co/api/v2/language/9/"}},{"name":"Piedisvelti","language":{"name":"it","url":"http://pokeapi.co/api/v2/language/8/"}},{"name":"Pies Rápidos","language":{"name":"es","url":"http://pokeapi.co/api/v2/language/7/"}},{"name":"Rasanz","language":{"name":"de","url":"http://pokeapi.co/api/v2/language/6/"}},{"name":"Pied Véloce","language":{"name":"fr","url":"http://pokeapi.co/api/v2/language/5/"}},{"name":"속보","language":{"name":"ko","url":"http://pokeapi.co/api/v2/language/3/"}},{"name":"はやあし","language":{"name":"ja","url":"http://pokeapi.co/api/v2/language/1/"}}],"effect_entries":[{"effect":"Whenever this Pokémon has a major status ailment, it has 1.5× its Speed.  This Pokémon is not affected by the usual Speed cut from paralysis.\n\nOverworld: If the lead Pokémon has this ability, the wild encounter rate is halved.","short_effect":"Increases Speed to 1.5× with a major status ailment.","language":{"name":"en","url":"http://pokeapi.co/api/v2/language/9/"}}],"effect_changes":[],"flavor_text_entries":[{"flavor_text":"状態異常で\n素早さが　あがる。","language":{"name":"ja-kanji","url":"http://pokeapi.co/api/v2/language/11/"},"version_group":{"name":"omega-ruby-alpha-sapphire","url":"http://pokeapi.co/api/v2/version-group/16/"}},{"flavor_text":"Boosts the Speed stat if the\nPokémon has a status condition.","language":{"name":"en","url":"http://pokeapi.co/api/v2/language/9/"},"version_group":{"name":"omega-ruby-alpha-sapphire","url":"http://pokeapi.co/api/v2/version-group/16/"}},{"flavor_text":"Aumenta la Velocità se c’è\nun problema di stato.","language":{"name":"it","url":"http://pokeapi.co/api/v2/language/8/"},"version_group":{"name":"omega-ruby-alpha-sapphire","url":"http://pokeapi.co/api/v2/version-group/16/"}},{"flavor_text":"Potencia la Velocidad si hay\nproblemas de estado.","language":{"name":"es","url":"http://pokeapi.co/api/v2/language/7/"},"version_group":{"name":"omega-ruby-alpha-sapphire","url":"http://pokeapi.co/api/v2/version-group/16/"}},{"flavor_text":"Erhöht bei Statusproblemen\ndie Initiative.","language":{"name":"de","url":"http://pokeapi.co/api/v2/language/6/"},"version_group":{"name":"omega-ruby-alpha-sapphire","url":"http://pokeapi.co/api/v2/version-group/16/"}},{"flavor_text":"Augmente la Vitesse en cas de\nproblème de statut.","language":{"name":"fr","url":"http://pokeapi.co/api/v2/language/5/"},"version_group":{"name":"omega-ruby-alpha-sapphire","url":"http://pokeapi.co/api/v2/version-group/16/"}},{"flavor_text":"상태 이상이 되면\n스피드가 올라간다.","language":{"name":"ko","url":"http://pokeapi.co/api/v2/language/3/"},"version_group":{"name":"omega-ruby-alpha-sapphire","url":"http://pokeapi.co/api/v2/version-group/16/"}},{"flavor_text":"じょうたい　いじょうで\nすばやさが　あがる。","language":{"name":"ja","url":"http://pokeapi.co/api/v2/language/1/"},"version_group":{"name":"omega-ruby-alpha-sapphire","url":"http://pokeapi.co/api/v2/version-group/16/"}},{"flavor_text":"状態異常で\n素早さが　あがる。","language":{"name":"ja-kanji","url":"http://pokeapi.co/api/v2/language/11/"},"version_group":{"name":"x-y","url":"http://pokeapi.co/api/v2/version-group/15/"}},{"flavor_text":"Boosts the Speed stat if the\nPokémon has a status condition.","language":{"name":"en","url":"http://pokeapi.co/api/v2/language/9/"},"version_group":{"name":"x-y","url":"http://pokeapi.co/api/v2/version-group/15/"}},{"flavor_text":"Aumenta la Velocità se c’è\nun problema di stato.","language":{"name":"it","url":"http://pokeapi.co/api/v2/language/8/"},"version_group":{"name":"x-y","url":"http://pokeapi.co/api/v2/version-group/15/"}},{"flavor_text":"Potencia la Velocidad si hay\nproblemas de estado.","language":{"name":"es","url":"http://pokeapi.co/api/v2/language/7/"},"version_group":{"name":"x-y","url":"http://pokeapi.co/api/v2/version-group/15/"}},{"flavor_text":"Erhöht bei Statusproblemen\ndie Initiative.","language":{"name":"de","url":"http://pokeapi.co/api/v2/language/6/"},"version_group":{"name":"x-y","url":"http://pokeapi.co/api/v2/version-group/15/"}},{"flavor_text":"Augmente la Vitesse en cas de\nproblème de statut.","language":{"name":"fr","url":"http://pokeapi.co/api/v2/language/5/"},"version_group":{"name":"x-y","url":"http://pokeapi.co/api/v2/version-group/15/"}},{"flavor_text":"상태 이상이 되면\n스피드가 올라간다.","language":{"name":"ko","url":"http://pokeapi.co/api/v2/language/3/"},"version_group":{"name":"x-y","url":"http://pokeapi.co/api/v2/version-group/15/"}},{"flavor_text":"じょうたい　いじょうで\nすばやさが　あがる。","language":{"name":"ja","url":"http://pokeapi.co/api/v2/language/1/"},"version_group":{"name":"x-y","url":"http://pokeapi.co/api/v2/version-group/15/"}},{"flavor_text":"Boosts Speed if there is\na status problem.","language":{"name":"en","url":"http://pokeapi.co/api/v2/language/9/"},"version_group":{"name":"black-2-white-2","url":"http://pokeapi.co/api/v2/version-group/14/"}},{"flavor_text":"Boosts Speed if there is\na status problem.","language":{"name":"en","url":"http://pokeapi.co/api/v2/language/9/"},"version_group":{"name":"black-white","url":"http://pokeapi.co/api/v2/version-group/11/"}},{"flavor_text":"Augmente la Vitesse en cas\nde problème de statut.","language":{"name":"fr","url":"http://pokeapi.co/api/v2/language/5/"},"version_group":{"name":"black-white","url":"http://pokeapi.co/api/v2/version-group/11/"}},{"flavor_text":"Boosts Speed if there is\na status problem.","language":{"name":"en","url":"http://pokeapi.co/api/v2/language/9/"},"version_group":{"name":"heartgold-soulsilver","url":"http://pokeapi.co/api/v2/version-group/10/"}},{"flavor_text":"Boosts Speed if there is a\nstatus problem.","language":{"name":"en","url":"http://pokeapi.co/api/v2/language/9/"},"version_group":{"name":"platinum","url":"http://pokeapi.co/api/v2/version-group/9/"}},{"flavor_text":"Boosts Speed if there is a\nstatus problem.","language":{"name":"en","url":"http://pokeapi.co/api/v2/language/9/"},"version_group":{"name":"diamond-pearl","url":"http://pokeapi.co/api/v2/version-group/8/"}}],"pokemon":[{"is_hidden":true,"slot":3,"pokemon":{"name":"jolteon","url":"http://pokeapi.co/api/v2/pokemon/135/"}},{"is_hidden":false,"slot":2,"pokemon":{"name":"granbull","url":"http://pokeapi.co/api/v2/pokemon/210/"}},{"is_hidden":false,"slot":2,"pokemon":{"name":"teddiursa","url":"http://pokeapi.co/api/v2/pokemon/216/"}},{"is_hidden":false,"slot":2,"pokemon":{"name":"ursaring","url":"http://pokeapi.co/api/v2/pokemon/217/"}},{"is_hidden":false,"slot":2,"pokemon":{"name":"poochyena","url":"http://pokeapi.co/api/v2/pokemon/261/"}},{"is_hidden":false,"slot":2,"pokemon":{"name":"mightyena","url":"http://pokeapi.co/api/v2/pokemon/262/"}},{"is_hidden":true,"slot":3,"pokemon":{"name":"zigzagoon","url":"http://pokeapi.co/api/v2/pokemon/263/"}},{"is_hidden":true,"slot":3,"pokemon":{"name":"linoone","url":"http://pokeapi.co/api/v2/pokemon/264/"}},{"is_hidden":true,"slot":3,"pokemon":{"name":"shroomish","url":"http://pokeapi.co/api/v2/pokemon/285/"}}]}