{"id":148,"name":"analytic","is_main_series":true,"generation":{"name":"generation-v","url":"http://pokeapi.co/api/v2/generation/5/"},"names":[{"name":"Analytic","language":{"name":"en","url":"http://pokeapi.co/api/v2/language/9/"}},{"name":"Ponderazione","language":{"name":"it","url":"http://pokeapi.co/api/v2/language/8/"}},{"name":"Cálculo Final","language":{"name":"es","url":"http://pokeapi.co/api/v2/language/7/"}},{"name":"Analyse","language":{"name":"de","url":"http://pokeapi.co/api/v2/language/6/"}},{"name":"Analyste","language":{"name":"fr","url":"http://pokeapi.co/api/v2/language/5/"}},{"name":"애널라이즈","language":{"name":"ko","url":"http://pokeapi.co/api/v2/language/3/"}},{"name":"アナライズ","language":{"name":"ja","url":"http://pokeapi.co/api/v2/language/1/"}}],"effect_entries":[{"effect":"This Pokémon's moves have 1.3× their power when it moves last in a turn.\n\nfuture sight and doom desire are unaffected.","short_effect":"Strengthens moves to 1.3× their power when moving last.","language":{"name":"en","url":"http://pokeapi.co/api/v2/language/9/"}}],"effect_changes":[],"flavor_text_entries":[{"flavor_text":"一番　最後に\n技をだすと　強くなる。","language":{"name":"ja-kanji","url":"http://pokeapi.co/api/v2/language/11/"},"version_group":{"name":"omega-ruby-alpha-sapphire","url":"http://pokeapi.co/api/v2/version-group/16/"}},{"flavor_text":"Boosts move power when the\nPokémon moves after the target.","language":{"name":"en","url":"http://pokeapi.co/api/v2/language/9/"},"version_group":{"name":"omega-ruby-alpha-sapphire","url":"http://pokeapi.co/api/v2/version-group/16/"}},{"flavor_text":"Se agisce per ultimo, la potenza\ndella mossa sale.","language":{"name":"it","url":"http://pokeapi.co/api/v2/language/8/"},"version_group":{"name":"omega-ruby-alpha-sapphire","url":"http://pokeapi.co/api/v2/version-group/16/"}},{"flavor_text":"Potencia el movimiento si es el\núltimo en atacar.","language":{"name":"es","url":"http://pokeapi.co/api/v2/language/7/"},"version_group":{"name":"omega-ruby-alpha-sapphire","url":"http://pokeapi.co/api/v2/version-group/16/"}},{"flavor_text":"Greift das Pokémon zuletzt an,\nist es stärker.","language":{"name":"de","url":"http://pokeapi.co/api/v2/language/6/"},"version_group":{"name":"omega-ruby-alpha-sapphire","url":"http://pokeapi.co/api/v2/version-group/16/"}},{"flavor_text":"Booste les capacités s’il attaque\nen dernier.","language":{"name":"fr","url":"http://pokeapi.co/api/v2/language/5/"},"version_group":{"name":"omega-ruby-alpha-sapphire","url":"http://pokeapi.co/api/v2/version-group/16/"}},{"flavor_text":"제일 마지막에\n기술을 쓰면 강해진다.","language":{"name":"ko","url":"http://pokeapi.co/api/v2/language/3/"},"version_group":{"name":"omega-ruby-alpha-sapphire","url":"http://pokeapi.co/api/v2/version-group/16/"}},{"flavor_text":"いちばん　さいごに\nわざをだすと　つよくなる。","language":{"name":"ja","url":"http://pokeapi.co/api/v2/language/1/"},"version_group":{"name":"omega-ruby-alpha-sapphire","url":"http://pokeapi.co/api/v2/version-group/16/"}},{"flavor_text":"一番　最後に\n技をだすと　強くなる。","language":{"name":"ja-kanji","url":"http://pokeapi.co/api/v2/language/11/"},"version_group":{"name":"x-y","url":"http://pokeapi.co/api/v2/version-group/15/"}},{"flavor_text":"Boosts move power when the\nPokémon moves after the target.","language":{"name":"en","url":"http://pokeapi.co/api/v2/language/9/"},"version_group":{"name":"x-y","url":"http://pokeapi.co/api/v2/version-group/15/"}},{"flavor_text":"Se agisce per ultimo, la potenza\ndella mossa sale.","language":{"name":"it","url":"http://pokeapi.co/api/v2/language/8/"},"version_group":{"name":"x-y","url":"http://pokeapi.co/api/v2/version-group/15/"}},{"flavor_text":"Potencia el movimiento si es el\núltimo en atacar.","language":{"name":"es","url":"http://pokeapi.co/api/v2/language/7/"},"version_group":{"name":"x-y","url":"http://pokeapi.co/api/v2/version-group/15/"}},{"flavor_text":"Greift das Pokémon zuletzt an,\nist es stärker.","language":{"name":"de","url":"http://pokeapi.co/api/v2/language/6/"},"version_group":{"name":"x-y","url":"http://pokeapi.co/api/v2/version-group/15/"}},{"flavor_text":"Booste les capacités s’il attaque\nen dernier.","language":{"name":"fr","url":"http://pokeapi.co/api/v2/language/5/"},"version_group":{"name":"x-y","url":"http://pokeapi.co/api/v2/version-group/15/"}},{"flavor_text":"제일 마지막에\n기술을 쓰면 강해진다.","language":{"name":"ko","url":"http://pokeapi.co/api/v2/language/3/"},"version_group":{"name":"x-y","url":"http://pokeapi.co/api/v2/version-group/15/"}},{"flavor_text":"いちばん　さいごに\nわざをだすと　つよくなる。","language":{"name":"ja","url":"http://pokeapi.co/api/v2/language/1/"},"version_group":{"name":"x-y","url":"http://pokeapi.co/api/v2/version-group/15/"}},{"flavor_text":"Boosts move power when\nthe Pokémon moves last.","language":{"name":"en","url":"http://pokeapi.co/api/v2/language/9/"},"version_group":{"name":"black-2-white-2","url":"http://pokeapi.co/api/v2/version-group/14/"}},{"flavor_text":"Boosts move power when\nthe Pokémon moves last.","language":{"name":"en","url":"http://pokeapi.co/api/v2/language/9/"},"version_group":{"name":"black-white","url":"http://pokeapi.co/api/v2/version-group/11/"}},{"flavor_text":"Booste les capacités s’il\nattaque en dernier.","language":{"name":"fr","url":"http://pokeapi.co/api/v2/language/5/"},"version_group":{"name":"black-white","url":"http://pokeapi.co/api/v2/version-group/11/"}}],"pokemon":[{"is_hidden":true,"slot":3,"pokemon":{"name":"magnemite","url":"http://pokeapi.co/api/v2/pokemon/81/"}},{"is_hidden":true,"slot":3,"pokemon":{"name":"magneton","url":"http://pokeapi.co/api/v2/pokemon/82/"}},{"is_hidden":true,"slot":3,"pokemon":{"name":"staryu","url":"http://pokeapi.co/api/v2/pokemon/120/"}},{"is_hidden":true,"slot":3,"pokemon":{"name":"starmie","url":"http://pokeapi.co/api/v2/pokemon/121/"}},{"is_hidden":true,"slot":3,"pokemon":{"name":"porygon","url":"http://pokeapi.co/api/v2/pokemon/137/"}},{"is_hidden":true,"slot":3,"pokemon":{"name":"porygon2","url":"http://pokeapi.co/api/v2/pokemon/233/"}},{"is_hidden":true,"slot":3,"pokemon":{"name":"magnezone","url":"http://pokeapi.co/api/v2/pokemon/462/"}},{"is_hidden":true,"slot":3,"pokemon":{"name":"porygon-z","url":"http://pokeapi.co/api/v2/pokemon/474/"}},{"is_hidden":true,"slot":3,"pokemon":{"name":"patrat","url":"http://pokeapi.co/api/v2/pokemon/504/"}},{"is_hidden":true,"slot":3,"pokemon":{"name":"watchog","url":"http://pokeapi.co/api/v2/pokemon/505/"}},{"is_hidden":true,"slot":3,"pokemon":{"name":"elgyem","url":"http://pokeapi.co/api/v2/pokemon/605/"}},{"is_hidden":true,"slot":3,"pokemon":{"name":"beheeyem","url":"http://pokeapi.co/api/v2/pokemon/606/"}}]}