{"id":143,"name":"poison-touch","is_main_series":true,"generation":{"name":"generation-v","url":"http://pokeapi.co/api/v2/generation/5/"},"names":[{"name":"Poison Touch","language":{"name":"en","url":"http://pokeapi.co/api/v2/language/9/"}},{"name":"Velentocco","language":{"name":"it","url":"http://pokeapi.co/api/v2/language/8/"}},{"name":"Toque Tóxico","language":{"name":"es","url":"http://pokeapi.co/api/v2/language/7/"}},{"name":"Giftgriff","language":{"name":"de","url":"http://pokeapi.co/api/v2/language/6/"}},{"name":"Toxitouche","language":{"name":"fr","url":"http://pokeapi.co/api/v2/language/5/"}},{"name":"독수","language":{"name":"ko","url":"http://pokeapi.co/api/v2/language/3/"}},{"name":"どくしゅ","language":{"name":"ja","url":"http://pokeapi.co/api/v2/language/1/"}}],"effect_entries":[{"effect":"This Pokémon's contact moves have a 30% chance of poisoning the target with each hit.\n\nThis counts as an extra effect for the purposes of shield dust.  This ability takes effect before mummy.","short_effect":"Has a 30% chance of poisoning target Pokémon upon contact.","language":{"name":"en","url":"http://pokeapi.co/api/v2/language/9/"}}],"effect_changes":[],"flavor_text_entries":[{"flavor_text":"触るだけで　相手を\nどくにすることがある。","language":{"name":"ja-kanji","url":"http://pokeapi.co/api/v2/language/11/"},"version_group":{"name":"omega-ruby-alpha-sapphire","url":"http://pokeapi.co/api/v2/version-group/16/"}},{"flavor_text":"May poison a target when the\nPokémon makes contact.","language":{"name":"en","url":"http://pokeapi.co/api/v2/language/9/"},"version_group":{"name":"omega-ruby-alpha-sapphire","url":"http://pokeapi.co/api/v2/version-group/16/"}},{"flavor_text":"Può avvelenare il nemico al solo\ncontatto fisico.","language":{"name":"it","url":"http://pokeapi.co/api/v2/language/8/"},"version_group":{"name":"omega-ruby-alpha-sapphire","url":"http://pokeapi.co/api/v2/version-group/16/"}},{"flavor_text":"Puede envenenar al objetivo con\nsolo tocarlo.","language":{"name":"es","url":"http://pokeapi.co/api/v2/language/7/"},"version_group":{"name":"omega-ruby-alpha-sapphire","url":"http://pokeapi.co/api/v2/version-group/16/"}},{"flavor_text":"Kann das Ziel durch\nbloßes Berühren vergiften.","language":{"name":"de","url":"http://pokeapi.co/api/v2/language/6/"},"version_group":{"name":"omega-ruby-alpha-sapphire","url":"http://pokeapi.co/api/v2/version-group/16/"}},{"flavor_text":"Peut empoisonner l’ennemi par\nsimple contact.","language":{"name":"fr","url":"http://pokeapi.co/api/v2/language/5/"},"version_group":{"name":"omega-ruby-alpha-sapphire","url":"http://pokeapi.co/api/v2/version-group/16/"}},{"flavor_text":"접촉하기만 해도 상대를\n독 상태로 만들 때가 있다.","language":{"name":"ko","url":"http://pokeapi.co/api/v2/language/3/"},"version_group":{"name":"omega-ruby-alpha-sapphire","url":"http://pokeapi.co/api/v2/version-group/16/"}},{"flavor_text":"さわるだけで　あいてを\nどくにすることがある。","language":{"name":"ja","url":"http://pokeapi.co/api/v2/language/1/"},"version_group":{"name":"omega-ruby-alpha-sapphire","url":"http://pokeapi.co/api/v2/version-group/16/"}},{"flavor_text":"触るだけで　相手を\nどくにすることがある。","language":{"name":"ja-kanji","url":"http://pokeapi.co/api/v2/language/11/"},"version_group":{"name":"x-y","url":"http://pokeapi.co/api/v2/version-group/15/"}},{"flavor_text":"May poison a target when the\nPokémon makes contact.","language":{"name":"en","url":"http://pokeapi.co/api/v2/language/9/"},"version_group":{"name":"x-y","url":"http://pokeapi.co/api/v2/version-group/15/"}},{"flavor_text":"Può avvelenare il nemico al solo\ncontatto fisico.","language":{"name":"it","url":"http://pokeapi.co/api/v2/language/8/"},"version_group":{"name":"x-y","url":"http://pokeapi.co/api/v2/version-group/15/"}},{"flavor_text":"Puede envenenar al objetivo con\nsolo tocarlo.","language":{"name":"es","url":"http://pokeapi.co/api/v2/language/7/"},"version_group":{"name":"x-y","url":"http://pokeapi.co/api/v2/version-group/15/"}},{"flavor_text":"Kann das Ziel durch\nbloßes Berühren vergiften.","language":{"name":"de","url":"http://pokeapi.co/api/v2/language/6/"},"version_group":{"name":"x-y","url":"http://pokeapi.co/api/v2/version-group/15/"}},{"flavor_text":"Peut empoisonner l’ennemi par\nsimple contact.","language":{"name":"fr","url":"http://pokeapi.co/api/v2/language/5/"},"version_group":{"name":"x-y","url":"http://pokeapi.co/api/v2/version-group/15/"}},{"flavor_text":"접촉하기만 해도 상대를\n독 상태로 만들 때가 있다.","language":{"name":"ko","url":"http://pokeapi.co/api/v2/language/3/"},"version_group":{"name":"x-y","url":"http://pokeapi.co/api/v2/version-group/15/"}},{"flavor_text":"さわるだけで　あいてを\nどくにすることがある。","language":{"name":"ja","url":"http://pokeapi.co/api/v2/language/1/"},"version_group":{"name":"x-y","url":"http://pokeapi.co/api/v2/version-group/15/"}},{"flavor_text":"May poison targets when a\nPokémon makes contact.","language":{"name":"en","url":"http://pokeapi.co/api/v2/language/9/"},"version_group":{"name":"black-2-white-2","url":"http://pokeapi.co/api/v2/version-group/14/"}},{"flavor_text":"May poison targets when a\nPokémon makes contact.","language":{"name":"en","url":"http://pokeapi.co/api/v2/language/9/"},"version_group":{"name":"black-white","url":"http://pokeapi.co/api/v2/version-group/11/"}},{"flavor_text":"Peut empoisonner l’ennemi\npar simple contact.","language":{"name":"fr","url":"http://pokeapi.co/api/v2/language/5/"},"version_group":{"name":"black-white","url":"http://pokeapi.co/api/v2/version-group/11/"}}],"pokemon":[{"is_hidden":true,"slot":3,"pokemon":{"name":"grimer","url":"http://pokeapi.co/api/v2/pokemon/88/"}},{"is_hidden":true,"slot":3,"pokemon":{"name":"muk","url":"http://pokeapi.co/api/v2/pokemon/89/"}},{"is_hidden":true,"slot":3,"pokemon":{"name":"croagunk","url":"http://pokeapi.co/api/v2/pokemon/453/"}},{"is_hidden":true,"slot":3,"pokemon":{"name":"toxicroak","url":"http://pokeapi.co/api/v2/pokemon/454/"}},{"is_hidden":false,"slot":2,"pokemon":{"name":"seismitoad","url":"http://pokeapi.co/api/v2/pokemon/537/"}},{"is_hidden":false,"slot":2,"pokemon":{"name":"skrelp","url":"http://pokeapi.co/api/v2/pokemon/690/"}},{"is_hidden":false,"slot":2,"pokemon":{"name":"dragalge","url":"http://pokeapi.co/api/v2/pokemon/691/"}}]}