{"id":154,"name":"justified","is_main_series":true,"generation":{"name":"generation-v","url":"http://pokeapi.co/api/v2/generation/5/"},"names":[{"name":"Justified","language":{"name":"en","url":"http://pokeapi.co/api/v2/language/9/"}},{"name":"Giustizia","language":{"name":"it","url":"http://pokeapi.co/api/v2/language/8/"}},{"name":"Justiciero","language":{"name":"es","url":"http://pokeapi.co/api/v2/language/7/"}},{"name":"Redlichkeit","language":{"name":"de","url":"http://pokeapi.co/api/v2/language/6/"}},{"name":"Cœur Noble","language":{"name":"fr","url":"http://pokeapi.co/api/v2/language/5/"}},{"name":"정의의마음","language":{"name":"ko","url":"http://pokeapi.co/api/v2/language/3/"}},{"name":"せいぎのこころ","language":{"name":"ja","url":"http://pokeapi.co/api/v2/language/1/"}}],"effect_entries":[{"effect":"Whenever a dark-type move hits this Pokémon, its Attack rises one stage.\n\nThe move is not negated in any way.","short_effect":"Raises Attack one stage upon taking damage from a dark move.","language":{"name":"en","url":"http://pokeapi.co/api/v2/language/9/"}}],"effect_changes":[],"flavor_text_entries":[{"flavor_text":"あくを　受けると\n攻撃が　あがる。","language":{"name":"ja-kanji","url":"http://pokeapi.co/api/v2/language/11/"},"version_group":{"name":"omega-ruby-alpha-sapphire","url":"http://pokeapi.co/api/v2/version-group/16/"}},{"flavor_text":"Boosts the Attack stat when\nit’s hit by a Dark-type move.","language":{"name":"en","url":"http://pokeapi.co/api/v2/language/9/"},"version_group":{"name":"omega-ruby-alpha-sapphire","url":"http://pokeapi.co/api/v2/version-group/16/"}},{"flavor_text":"L’Attacco aumenta se si è\ncolpiti da una mossa di tipo Buio.","language":{"name":"it","url":"http://pokeapi.co/api/v2/language/8/"},"version_group":{"name":"omega-ruby-alpha-sapphire","url":"http://pokeapi.co/api/v2/version-group/16/"}},{"flavor_text":"Sube el Ataque al recibir uno de\ntipo Siniestro.","language":{"name":"es","url":"http://pokeapi.co/api/v2/language/7/"},"version_group":{"name":"omega-ruby-alpha-sapphire","url":"http://pokeapi.co/api/v2/version-group/16/"}},{"flavor_text":"Angriff steigt nach Einstecken\neiner Unlicht-Attacke.","language":{"name":"de","url":"http://pokeapi.co/api/v2/language/6/"},"version_group":{"name":"omega-ruby-alpha-sapphire","url":"http://pokeapi.co/api/v2/version-group/16/"}},{"flavor_text":"Monte l’Attaque si une attaque\nTénèbres le touche.","language":{"name":"fr","url":"http://pokeapi.co/api/v2/language/5/"},"version_group":{"name":"omega-ruby-alpha-sapphire","url":"http://pokeapi.co/api/v2/version-group/16/"}},{"flavor_text":"악 기술을 받으면\n공격이 올라간다.","language":{"name":"ko","url":"http://pokeapi.co/api/v2/language/3/"},"version_group":{"name":"omega-ruby-alpha-sapphire","url":"http://pokeapi.co/api/v2/version-group/16/"}},{"flavor_text":"あくを　うけると\nこうげきが　あがる。","language":{"name":"ja","url":"http://pokeapi.co/api/v2/language/1/"},"version_group":{"name":"omega-ruby-alpha-sapphire","url":"http://pokeapi.co/api/v2/version-group/16/"}},{"flavor_text":"あくを　受けると\n攻撃が　あがる。","language":{"name":"ja-kanji","url":"http://pokeapi.co/api/v2/language/11/"},"version_group":{"name":"x-y","url":"http://pokeapi.co/api/v2/version-group/15/"}},{"flavor_text":"Boosts the Attack stat when\nit’s hit by a Dark-type move.","language":{"name":"en","url":"http://pokeapi.co/api/v2/language/9/"},"version_group":{"name":"x-y","url":"http://pokeapi.co/api/v2/version-group/15/"}},{"flavor_text":"L’Attacco aumenta se si è\ncolpiti da una mossa di tipo Buio.","language":{"name":"it","url":"http://pokeapi.co/api/v2/language/8/"},"version_group":{"name":"x-y","url":"http://pokeapi.co/api/v2/version-group/15/"}},{"flavor_text":"Sube el Ataque al recibir uno de\ntipo Siniestro.","language":{"name":"es","url":"http://pokeapi.co/api/v2/language/7/"},"version_group":{"name":"x-y","url":"http://pokeapi.co/api/v2/version-group/15/"}},{"flavor_text":"Angriff steigt nach Einstecken\neiner Unlicht-Attacke.","language":{"name":"de","url":"http://pokeapi.co/api/v2/language/6/"},"version_group":{"name":"x-y","url":"http://pokeapi.co/api/v2/version-group/15/"}},{"flavor_text":"Monte l’Attaque si une attaque\nTénèbres le touche.","language":{"name":"fr","url":"http://pokeapi.co/api/v2/language/5/"},"version_group":{"name":"x-y","url":"http://pokeapi.co/api/v2/version-group/15/"}},{"flavor_text":"악 기술을 받으면\n공격이 올라간다.","language":{"name":"ko","url":"http://pokeapi.co/api/v2/language/3/"},"version_group":{"name":"x-y","url":"http://pokeapi.co/api/v2/version-group/15/"}},{"flavor_text":"あくを　うけると\nこうげきが　あがる。","language":{"name":"ja","url":"http://pokeapi.co/api/v2/language/1/"},"version_group":{"name":"x-y","url":"http://pokeapi.co/api/v2/version-group/15/"}},{"flavor_text":"Raises Attack when hit by\na Dark-type move.","language":{"name":"en","url":"http://pokeapi.co/api/v2/language/9/"},"version_group":{"name":"black-2-white-2","url":"http://pokeapi.co/api/v2/version-group/14/"}},{"flavor_text":"Raises Attack when hit by\na Dark-type move.","language":{"name":"en","url":"http://pokeapi.co/api/v2/language/9/"},"version_group":{"name":"black-white","url":"http://pokeapi.co/api/v2/version-group/11/"}},{"flavor_text":"Monte l’Attaque si une\natt. Ténèbres le touche.","language":{"name":"fr","url":"http://pokeapi.co/api/v2/language/5/"},"version_group":{"name":"black-white","url":"http://pokeapi.co/api/v2/version-group/11/"}}],"pokemon":[{"is_hidden":true,"slot":3,"pokemon":{"name":"growlithe","url":"http://pokeapi.co/api/v2/pokemon/58/"}},{"is_hidden":true,"slot":3,"pokemon":{"name":"arcanine","url":"http://pokeapi.co/api/v2/pokemon/59/"}},{"is_hidden":true,"slot":3,"pokemon":{"name":"absol","url":"http://pokeapi.co/api/v2/pokemon/359/"}},{"is_hidden":true,"slot":3,"pokemon":{"name":"lucario","url":"http://pokeapi.co/api/v2/pokemon/448/"}},{"is_hidden":true,"slot":3,"pokemon":{"name":"gallade","url":"http://pokeapi.co/api/v2/pokemon/475/"}},{"is_hidden":false,"slot":1,"pokemon":{"name":"cobalion","url":"http://pokeapi.co/api/v2/pokemon/638/"}},{"is_hidden":false,"slot":1,"pokemon":{"name":"terrakion","url":"http://pokeapi.co/api/v2/pokemon/639/"}},{"is_hidden":false,"slot":1,"pokemon":{"name":"virizion","url":"http://pokeapi.co/api/v2/pokemon/640/"}},{"is_hidden":false,"slot":1,"pokemon":{"name":"keldeo-ordinary","url":"http://pokeapi.co/api/v2/pokemon/647/"}},{"is_hidden":false,"slot":1,"pokemon":{"name":"keldeo-resolute","url":"http://pokeapi.co/api/v2/pokemon/10024/"}}]}