{"id":42,"name":"magnet-pull","is_main_series":true,"generation":{"name":"generation-iii","url":"http://pokeapi.co/api/v2/generation/3/"},"names":[{"name":"Magnet Pull","language":{"name":"en","url":"http://pokeapi.co/api/v2/language/9/"}},{"name":"Magnetismo","language":{"name":"it","url":"http://pokeapi.co/api/v2/language/8/"}},{"name":"Imán","language":{"name":"es","url":"http://pokeapi.co/api/v2/language/7/"}},{"name":"Magnetfalle","language":{"name":"de","url":"http://pokeapi.co/api/v2/language/6/"}},{"name":"Magnépiège","language":{"name":"fr","url":"http://pokeapi.co/api/v2/language/5/"}},{"name":"자력","language":{"name":"ko","url":"http://pokeapi.co/api/v2/language/3/"}},{"name":"じりょく","language":{"name":"ja","url":"http://pokeapi.co/api/v2/language/1/"}}],"effect_entries":[{"effect":"While this Pokémon is in battle, opposing steel-type Pokémon cannot flee or switch out.\n\nPokémon with run away can still flee.  Pokémon can still switch out with the use of a move or item.\n\nOverworld: If the lead Pokémon has this ability, Steel-type Pokémon have a higher encounter rate.","short_effect":"Prevents steel opponents from fleeing or switching out.","language":{"name":"en","url":"http://pokeapi.co/api/v2/language/9/"}}],"effect_changes":[{"version_group":{"name":"emerald","url":"http://pokeapi.co/api/v2/version-group/6/"},"effect_entries":[{"effect":"Has no overworld effect.","language":{"name":"en","url":"http://pokeapi.co/api/v2/language/9/"}}]}],"flavor_text_entries":[{"flavor_text":"はがねの　ポケモンを\n逃げられなくする。","language":{"name":"ja-kanji","url":"http://pokeapi.co/api/v2/language/11/"},"version_group":{"name":"omega-ruby-alpha-sapphire","url":"http://pokeapi.co/api/v2/version-group/16/"}},{"flavor_text":"Prevents Steel-type\nPokémon from escaping.","language":{"name":"en","url":"http://pokeapi.co/api/v2/language/9/"},"version_group":{"name":"omega-ruby-alpha-sapphire","url":"http://pokeapi.co/api/v2/version-group/16/"}},{"flavor_text":"Impedisce la fuga ai Pokémon\ndi tipo Acciaio.","language":{"name":"it","url":"http://pokeapi.co/api/v2/language/8/"},"version_group":{"name":"omega-ruby-alpha-sapphire","url":"http://pokeapi.co/api/v2/version-group/16/"}},{"flavor_text":"Impide huir a los Pokémon de\ntipo Acero.","language":{"name":"es","url":"http://pokeapi.co/api/v2/language/7/"},"version_group":{"name":"omega-ruby-alpha-sapphire","url":"http://pokeapi.co/api/v2/version-group/16/"}},{"flavor_text":"Hindert Stahl-Pokémon\nan der Flucht.","language":{"name":"de","url":"http://pokeapi.co/api/v2/language/6/"},"version_group":{"name":"omega-ruby-alpha-sapphire","url":"http://pokeapi.co/api/v2/version-group/16/"}},{"flavor_text":"Empêche les Pokémon Acier\nde fuir.","language":{"name":"fr","url":"http://pokeapi.co/api/v2/language/5/"},"version_group":{"name":"omega-ruby-alpha-sapphire","url":"http://pokeapi.co/api/v2/version-group/16/"}},{"flavor_text":"강철의 포켓몬을\n도망칠 수 없게 한다.","language":{"name":"ko","url":"http://pokeapi.co/api/v2/language/3/"},"version_group":{"name":"omega-ruby-alpha-sapphire","url":"http://pokeapi.co/api/v2/version-group/16/"}},{"flavor_text":"はがねの　ポケモンを\nにげられなくする。","language":{"name":"ja","url":"http://pokeapi.co/api/v2/language/1/"},"version_group":{"name":"omega-ruby-alpha-sapphire","url":"http://pokeapi.co/api/v2/version-group/16/"}},{"flavor_text":"はがねの　ポケモンを\n逃げられなくする。","language":{"name":"ja-kanji","url":"http://pokeapi.co/api/v2/language/11/"},"version_group":{"name":"x-y","url":"http://pokeapi.co/api/v2/version-group/15/"}},{"flavor_text":"Prevents Steel-type\nPokémon from escaping.","language":{"name":"en","url":"http://pokeapi.co/api/v2/language/9/"},"version_group":{"name":"x-y","url":"http://pokeapi.co/api/v2/version-group/15/"}},{"flavor_text":"Impedisce la fuga ai Pokémon\ndi tipo Acciaio.","language":{"name":"it","url":"http://pokeapi.co/api/v2/language/8/"},"version_group":{"name":"x-y","url":"http://pokeapi.co/api/v2/version-group/15/"}},{"flavor_text":"Impide huir a los Pokémon de\ntipo Acero.","language":{"name":"es","url":"http://pokeapi.co/api/v2/language/7/"},"version_group":{"name":"x-y","url":"http://pokeapi.co/api/v2/version-group/15/"}},{"flavor_text":"Hindert Stahl-Pokémon\nan der Flucht.","language":{"name":"de","url":"http://pokeapi.co/api/v2/language/6/"},"version_group":{"name":"x-y","url":"http://pokeapi.co/api/v2/version-group/15/"}},{"flavor_text":"Empêche les Pokémon Acier\nde fuir.","language":{"name":"fr","url":"http://pokeapi.co/api/v2/language/5/"},"version_group":{"name":"x-y","url":"http://pokeapi.co/api/v2/version-group/15/"}},{"flavor_text":"강철의 포켓몬을\n도망칠 수 없게 한다.","language":{"name":"ko","url":"http://pokeapi.co/api/v2/language/3/"},"version_group":{"name":"x-y","url":"http://pokeapi.co/api/v2/version-group/15/"}},{"flavor_text":"はがねの　ポケモンを\nにげられなくする。","language":{"name":"ja","url":"http://pokeapi.co/api/v2/language/1/"},"version_group":{"name":"x-y","url":"http://pokeapi.co/api/v2/version-group/15/"}},{"flavor_text":"Prevents Steel-type\nPokémon from escaping.","language":{"name":"en","url":"http://pokeapi.co/api/v2/language/9/"},"version_group":{"name":"black-2-white-2","url":"http://pokeapi.co/api/v2/version-group/14/"}},{"flavor_text":"Prevents Steel-type\nPokémon from escaping.","language":{"name":"en","url":"http://pokeapi.co/api/v2/language/9/"},"version_group":{"name":"black-white","url":"http://pokeapi.co/api/v2/version-group/11/"}},{"flavor_text":"Empêche les Pokémon Acier\nde fuir.","language":{"name":"fr","url":"http://pokeapi.co/api/v2/language/5/"},"version_group":{"name":"black-white","url":"http://pokeapi.co/api/v2/version-group/11/"}},{"flavor_text":"Prevents Steel-type\nPokémon from escaping.","language":{"name":"en","url":"http://pokeapi.co/api/v2/language/9/"},"version_group":{"name":"heartgold-soulsilver","url":"http://pokeapi.co/api/v2/version-group/10/"}},{"flavor_text":"Prevents Steel-type\nPokémon from escaping.","language":{"name":"en","url":"http://pokeapi.co/api/v2/language/9/"},"version_group":{"name":"platinum","url":"http://pokeapi.co/api/v2/version-group/9/"}},{"flavor_text":"Prevents Steel-type\nPokémon from escaping.","language":{"name":"en","url":"http://pokeapi.co/api/v2/language/9/"},"version_group":{"name":"diamond-pearl","url":"http://pokeapi.co/api/v2/version-group/8/"}},{"flavor_text":"Traps STEEL-type POKéMON.","language":{"name":"en","url":"http://pokeapi.co/api/v2/language/9/"},"version_group":{"name":"firered-leafgreen","url":"http://pokeapi.co/api/v2/version-group/7/"}},{"flavor_text":"Traps STEEL-type POKéMON.","language":{"name":"en","url":"http://pokeapi.co/api/v2/language/9/"},"version_group":{"name":"emerald","url":"http://pokeapi.co/api/v2/version-group/6/"}},{"flavor_text":"Traps STEEL-type POKéMON.","language":{"name":"en","url":"http://pokeapi.co/api/v2/language/9/"},"version_group":{"name":"ruby-sapphire","url":"http://pokeapi.co/api/v2/version-group/5/"}}],"pokemon":[{"is_hidden":false,"slot":1,"pokemon":{"name":"magnemite","url":"http://pokeapi.co/api/v2/pokemon/81/"}},{"is_hidden":false,"slot":1,"pokemon":{"name":"magneton","url":"http://pokeapi.co/api/v2/pokemon/82/"}},{"is_hidden":false,"slot":2,"pokemon":{"name":"nosepass","url":"http://pokeapi.co/api/v2/pokemon/299/"}},{"is_hidden":false,"slot":1,"pokemon":{"name":"magnezone","url":"http://pokeapi.co/api/v2/pokemon/462/"}},{"is_hidden":false,"slot":2,"pokemon":{"name":"probopass","url":"http://pokeapi.co/api/v2/pokemon/476/"}}]}