{"id":66,"name":"blaze","is_main_series":true,"generation":{"name":"generation-iii","url":"http://pokeapi.co/api/v2/generation/3/"},"names":[{"name":"Blaze","language":{"name":"en","url":"http://pokeapi.co/api/v2/language/9/"}},{"name":"Aiutofuoco","language":{"name":"it","url":"http://pokeapi.co/api/v2/language/8/"}},{"name":"Mar Llamas","language":{"name":"es","url":"http://pokeapi.co/api/v2/language/7/"}},{"name":"Großbrand","language":{"name":"de","url":"http://pokeapi.co/api/v2/language/6/"}},{"name":"Brasier","language":{"name":"fr","url":"http://pokeapi.co/api/v2/language/5/"}},{"name":"맹화","language":{"name":"ko","url":"http://pokeapi.co/api/v2/language/3/"}},{"name":"もうか","language":{"name":"ja","url":"http://pokeapi.co/api/v2/language/1/"}}],"effect_entries":[{"effect":"When this Pokémon has 1/3 or less of its HP remaining, its fire-type moves inflict 1.5× as much regular damage.","short_effect":"Strengthens fire moves to inflict 1.5× damage at 1/3 max HP or less.","language":{"name":"en","url":"http://pokeapi.co/api/v2/language/9/"}}],"effect_changes":[],"flavor_text_entries":[{"flavor_text":"ピンチのとき　ほのおの\n威力が　あがる。","language":{"name":"ja-kanji","url":"http://pokeapi.co/api/v2/language/11/"},"version_group":{"name":"omega-ruby-alpha-sapphire","url":"http://pokeapi.co/api/v2/version-group/16/"}},{"flavor_text":"Powers up Fire-type moves when\nthe Pokémon is in trouble.","language":{"name":"en","url":"http://pokeapi.co/api/v2/language/9/"},"version_group":{"name":"omega-ruby-alpha-sapphire","url":"http://pokeapi.co/api/v2/version-group/16/"}},{"flavor_text":"Quando si è in difficoltà, potenzia  \nle mosse di tipo Fuoco.","language":{"name":"it","url":"http://pokeapi.co/api/v2/language/8/"},"version_group":{"name":"omega-ruby-alpha-sapphire","url":"http://pokeapi.co/api/v2/version-group/16/"}},{"flavor_text":"Potencia los ataques de tipo\nFuego en un apuro.","language":{"name":"es","url":"http://pokeapi.co/api/v2/language/7/"},"version_group":{"name":"omega-ruby-alpha-sapphire","url":"http://pokeapi.co/api/v2/version-group/16/"}},{"flavor_text":"Erhöht in Notfällen die Stärke\nvon Feuer-Attacken.","language":{"name":"de","url":"http://pokeapi.co/api/v2/language/6/"},"version_group":{"name":"omega-ruby-alpha-sapphire","url":"http://pokeapi.co/api/v2/version-group/16/"}},{"flavor_text":"Booste les capacités Feu en\ncas de besoin.","language":{"name":"fr","url":"http://pokeapi.co/api/v2/language/5/"},"version_group":{"name":"omega-ruby-alpha-sapphire","url":"http://pokeapi.co/api/v2/version-group/16/"}},{"flavor_text":"위급할 때 불꽃타입의\n위력이 올라간다.","language":{"name":"ko","url":"http://pokeapi.co/api/v2/language/3/"},"version_group":{"name":"omega-ruby-alpha-sapphire","url":"http://pokeapi.co/api/v2/version-group/16/"}},{"flavor_text":"ピンチのとき　ほのおの\nいりょくが　あがる。","language":{"name":"ja","url":"http://pokeapi.co/api/v2/language/1/"},"version_group":{"name":"omega-ruby-alpha-sapphire","url":"http://pokeapi.co/api/v2/version-group/16/"}},{"flavor_text":"ピンチのとき　ほのおの\n威力が　あがる。","language":{"name":"ja-kanji","url":"http://pokeapi.co/api/v2/language/11/"},"version_group":{"name":"x-y","url":"http://pokeapi.co/api/v2/version-group/15/"}},{"flavor_text":"Powers up Fire-type moves when\nthe Pokémon is in trouble.","language":{"name":"en","url":"http://pokeapi.co/api/v2/language/9/"},"version_group":{"name":"x-y","url":"http://pokeapi.co/api/v2/version-group/15/"}},{"flavor_text":"Quando si è in difficoltà, potenzia\nle mosse di tipo Fuoco.","language":{"name":"it","url":"http://pokeapi.co/api/v2/language/8/"},"version_group":{"name":"x-y","url":"http://pokeapi.co/api/v2/version-group/15/"}},{"flavor_text":"Potencia los ataques de tipo\nFuego en un apuro.","language":{"name":"es","url":"http://pokeapi.co/api/v2/language/7/"},"version_group":{"name":"x-y","url":"http://pokeapi.co/api/v2/version-group/15/"}},{"flavor_text":"Erhöht in Notfällen die Stärke\nvon Feuer-Attacken.","language":{"name":"de","url":"http://pokeapi.co/api/v2/language/6/"},"version_group":{"name":"x-y","url":"http://pokeapi.co/api/v2/version-group/15/"}},{"flavor_text":"Booste les capacités Feu en\ncas de besoin.","language":{"name":"fr","url":"http://pokeapi.co/api/v2/language/5/"},"version_group":{"name":"x-y","url":"http://pokeapi.co/api/v2/version-group/15/"}},{"flavor_text":"위급할 때 불꽃타입의\n위력이 올라간다.","language":{"name":"ko","url":"http://pokeapi.co/api/v2/language/3/"},"version_group":{"name":"x-y","url":"http://pokeapi.co/api/v2/version-group/15/"}},{"flavor_text":"ピンチのとき　ほのおの\nいりょくが　あがる。","language":{"name":"ja","url":"http://pokeapi.co/api/v2/language/1/"},"version_group":{"name":"x-y","url":"http://pokeapi.co/api/v2/version-group/15/"}},{"flavor_text":"Powers up Fire-type\nmoves in a pinch.","language":{"name":"en","url":"http://pokeapi.co/api/v2/language/9/"},"version_group":{"name":"black-2-white-2","url":"http://pokeapi.co/api/v2/version-group/14/"}},{"flavor_text":"Powers up Fire-type\nmoves in a pinch.","language":{"name":"en","url":"http://pokeapi.co/api/v2/language/9/"},"version_group":{"name":"black-white","url":"http://pokeapi.co/api/v2/version-group/11/"}},{"flavor_text":"Booste les capacités\nFeu en cas de besoin.","language":{"name":"fr","url":"http://pokeapi.co/api/v2/language/5/"},"version_group":{"name":"black-white","url":"http://pokeapi.co/api/v2/version-group/11/"}},{"flavor_text":"Powers up Fire-type\nmoves in a pinch.","language":{"name":"en","url":"http://pokeapi.co/api/v2/language/9/"},"version_group":{"name":"heartgold-soulsilver","url":"http://pokeapi.co/api/v2/version-group/10/"}},{"flavor_text":"Powers up Fire-type\nmoves in a pinch.","language":{"name":"en","url":"http://pokeapi.co/api/v2/language/9/"},"version_group":{"name":"platinum","url":"http://pokeapi.co/api/v2/version-group/9/"}},{"flavor_text":"Powers up Fire-type\nmoves in a pinch.","language":{"name":"en","url":"http://pokeapi.co/api/v2/language/9/"},"version_group":{"name":"diamond-pearl","url":"http://pokeapi.co/api/v2/version-group/8/"}},{"flavor_text":"Ups FIRE moves in a pinch.","language":{"name":"en","url":"http://pokeapi.co/api/v2/language/9/"},"version_group":{"name":"firered-leafgreen","url":"http://pokeapi.co/api/v2/version-group/7/"}},{"flavor_text":"Ups FIRE moves in a pinch.","language":{"name":"en","url":"http://pokeapi.co/api/v2/language/9/"},"version_group":{"name":"emerald","url":"http://pokeapi.co/api/v2/version-group/6/"}},{"flavor_text":"Ups FIRE moves in a pinch.","language":{"name":"en","url":"http://pokeapi.co/api/v2/language/9/"},"version_group":{"name":"ruby-sapphire","url":"http://pokeapi.co/api/v2/version-group/5/"}}],"pokemon":[{"is_hidden":false,"slot":1,"pokemon":{"name":"charmander","url":"http://pokeapi.co/api/v2/pokemon/4/"}},{"is_hidden":false,"slot":1,"pokemon":{"name":"charmeleon","url":"http://pokeapi.co/api/v2/pokemon/5/"}},{"is_hidden":false,"slot":1,"pokemon":{"name":"charizard","url":"http://pokeapi.co/api/v2/pokemon/6/"}},{"is_hidden":false,"slot":1,"pokemon":{"name":"cyndaquil","url":"http://pokeapi.co/api/v2/pokemon/155/"}},{"is_hidden":false,"slot":1,"pokemon":{"name":"quilava","url":"http://pokeapi.co/api/v2/pokemon/156/"}},{"is_hidden":false,"slot":1,"pokemon":{"name":"typhlosion","url":"http://pokeapi.co/api/v2/pokemon/157/"}},{"is_hidden":false,"slot":1,"pokemon":{"name":"torchic","url":"http://pokeapi.co/api/v2/pokemon/255/"}},{"is_hidden":false,"slot":1,"pokemon":{"name":"combusken","url":"http://pokeapi.co/api/v2/pokemon/256/"}},{"is_hidden":false,"slot":1,"pokemon":{"name":"blaziken","url":"http://pokeapi.co/api/v2/pokemon/257/"}},{"is_hidden":false,"slot":1,"pokemon":{"name":"chimchar","url":"http://pokeapi.co/api/v2/pokemon/390/"}},{"is_hidden":false,"slot":1,"pokemon":{"name":"monferno","url":"http://pokeapi.co/api/v2/pokemon/391/"}},{"is_hidden":false,"slot":1,"pokemon":{"name":"infernape","url":"http://pokeapi.co/api/v2/pokemon/392/"}},{"is_hidden":false,"slot":1,"pokemon":{"name":"tepig","url":"http://pokeapi.co/api/v2/pokemon/498/"}},{"is_hidden":false,"slot":1,"pokemon":{"name":"pignite","url":"http://pokeapi.co/api/v2/pokemon/499/"}},{"is_hidden":false,"slot":1,"pokemon":{"name":"emboar","url":"http://pokeapi.co/api/v2/pokemon/500/"}},{"is_hidden":true,"slot":3,"pokemon":{"name":"pansear","url":"http://pokeapi.co/api/v2/pokemon/513/"}},{"is_hidden":true,"slot":3,"pokemon":{"name":"simisear","url":"http://pokeapi.co/api/v2/pokemon/514/"}},{"is_hidden":false,"slot":1,"pokemon":{"name":"fennekin","url":"http://pokeapi.co/api/v2/pokemon/653/"}},{"is_hidden":false,"slot":1,"pokemon":{"name":"braixen","url":"http://pokeapi.co/api/v2/pokemon/654/"}},{"is_hidden":false,"slot":1,"pokemon":{"name":"delphox","url":"http://pokeapi.co/api/v2/pokemon/655/"}}]}