{"id":3,"name":"speed-boost","is_main_series":true,"generation":{"name":"generation-iii","url":"http://pokeapi.co/api/v2/generation/3/"},"names":[{"name":"Speed Boost","language":{"name":"en","url":"http://pokeapi.co/api/v2/language/9/"}},{"name":"Acceleratore","language":{"name":"it","url":"http://pokeapi.co/api/v2/language/8/"}},{"name":"Impulso","language":{"name":"es","url":"http://pokeapi.co/api/v2/language/7/"}},{"name":"Temposchub","language":{"name":"de","url":"http://pokeapi.co/api/v2/language/6/"}},{"name":"Turbo","language":{"name":"fr","url":"http://pokeapi.co/api/v2/language/5/"}},{"name":"가속","language":{"name":"ko","url":"http://pokeapi.co/api/v2/language/3/"}},{"name":"かそく","language":{"name":"ja","url":"http://pokeapi.co/api/v2/language/1/"}}],"effect_entries":[{"effect":"This Pokémon's Speed rises one stage after each turn.","short_effect":"Raises Speed one stage after each turn.","language":{"name":"en","url":"http://pokeapi.co/api/v2/language/9/"}}],"effect_changes":[],"flavor_text_entries":[{"flavor_text":"ちょっとずつ\n素早く　なっていく。","language":{"name":"ja-kanji","url":"http://pokeapi.co/api/v2/language/11/"},"version_group":{"name":"omega-ruby-alpha-sapphire","url":"http://pokeapi.co/api/v2/version-group/16/"}},{"flavor_text":"Its Speed stat is\ngradually boosted.","language":{"name":"en","url":"http://pokeapi.co/api/v2/language/9/"},"version_group":{"name":"omega-ruby-alpha-sapphire","url":"http://pokeapi.co/api/v2/version-group/16/"}},{"flavor_text":"La statistica Velocità aumenta\ngradualmente.","language":{"name":"it","url":"http://pokeapi.co/api/v2/language/8/"},"version_group":{"name":"omega-ruby-alpha-sapphire","url":"http://pokeapi.co/api/v2/version-group/16/"}},{"flavor_text":"Aumenta la Velocidad\ngradualmente.","language":{"name":"es","url":"http://pokeapi.co/api/v2/language/7/"},"version_group":{"name":"omega-ruby-alpha-sapphire","url":"http://pokeapi.co/api/v2/version-group/16/"}},{"flavor_text":"Erhöht Initiative nach und nach.","language":{"name":"de","url":"http://pokeapi.co/api/v2/language/6/"},"version_group":{"name":"omega-ruby-alpha-sapphire","url":"http://pokeapi.co/api/v2/version-group/16/"}},{"flavor_text":"La Vitesse du Pokémon\naugmente progressivement.","language":{"name":"fr","url":"http://pokeapi.co/api/v2/language/5/"},"version_group":{"name":"omega-ruby-alpha-sapphire","url":"http://pokeapi.co/api/v2/version-group/16/"}},{"flavor_text":"조금씩\n스피드가 높아진다.","language":{"name":"ko","url":"http://pokeapi.co/api/v2/language/3/"},"version_group":{"name":"omega-ruby-alpha-sapphire","url":"http://pokeapi.co/api/v2/version-group/16/"}},{"flavor_text":"ちょっとずつ\nすばやく　なっていく。","language":{"name":"ja","url":"http://pokeapi.co/api/v2/language/1/"},"version_group":{"name":"omega-ruby-alpha-sapphire","url":"http://pokeapi.co/api/v2/version-group/16/"}},{"flavor_text":"ちょっとずつ\n素早く　なっていく。","language":{"name":"ja-kanji","url":"http://pokeapi.co/api/v2/language/11/"},"version_group":{"name":"x-y","url":"http://pokeapi.co/api/v2/version-group/15/"}},{"flavor_text":"Its Speed stat is\ngradually boosted.","language":{"name":"en","url":"http://pokeapi.co/api/v2/language/9/"},"version_group":{"name":"x-y","url":"http://pokeapi.co/api/v2/version-group/15/"}},{"flavor_text":"La statistica Velocità aumenta\ngradualmente.","language":{"name":"it","url":"http://pokeapi.co/api/v2/language/8/"},"version_group":{"name":"x-y","url":"http://pokeapi.co/api/v2/version-group/15/"}},{"flavor_text":"Aumenta la Velocidad\ngradualmente.","language":{"name":"es","url":"http://pokeapi.co/api/v2/language/7/"},"version_group":{"name":"x-y","url":"http://pokeapi.co/api/v2/version-group/15/"}},{"flavor_text":"Erhöht Initiative nach und nach.","language":{"name":"de","url":"http://pokeapi.co/api/v2/language/6/"},"version_group":{"name":"x-y","url":"http://pokeapi.co/api/v2/version-group/15/"}},{"flavor_text":"La Vitesse du Pokémon\naugmente progressivement.","language":{"name":"fr","url":"http://pokeapi.co/api/v2/language/5/"},"version_group":{"name":"x-y","url":"http://pokeapi.co/api/v2/version-group/15/"}},{"flavor_text":"조금씩\n스피드가 높아진다.","language":{"name":"ko","url":"http://pokeapi.co/api/v2/language/3/"},"version_group":{"name":"x-y","url":"http://pokeapi.co/api/v2/version-group/15/"}},{"flavor_text":"ちょっとずつ\nすばやく　なっていく。","language":{"name":"ja","url":"http://pokeapi.co/api/v2/language/1/"},"version_group":{"name":"x-y","url":"http://pokeapi.co/api/v2/version-group/15/"}},{"flavor_text":"Its Speed stat is\ngradually boosted.","language":{"name":"en","url":"http://pokeapi.co/api/v2/language/9/"},"version_group":{"name":"black-2-white-2","url":"http://pokeapi.co/api/v2/version-group/14/"}},{"flavor_text":"Its Speed stat is\ngradually boosted.","language":{"name":"en","url":"http://pokeapi.co/api/v2/language/9/"},"version_group":{"name":"black-white","url":"http://pokeapi.co/api/v2/version-group/11/"}},{"flavor_text":"La Vitesse du Pokémon\naugmente progressivement.","language":{"name":"fr","url":"http://pokeapi.co/api/v2/language/5/"},"version_group":{"name":"black-white","url":"http://pokeapi.co/api/v2/version-group/11/"}},{"flavor_text":"Its Speed stat is\ngradually boosted.","language":{"name":"en","url":"http://pokeapi.co/api/v2/language/9/"},"version_group":{"name":"heartgold-soulsilver","url":"http://pokeapi.co/api/v2/version-group/10/"}},{"flavor_text":"The Pokémon’s Speed stat\nis gradually boosted.","language":{"name":"en","url":"http://pokeapi.co/api/v2/language/9/"},"version_group":{"name":"platinum","url":"http://pokeapi.co/api/v2/version-group/9/"}},{"flavor_text":"The Pokémon’s Speed stat\nis gradually boosted.","language":{"name":"en","url":"http://pokeapi.co/api/v2/language/9/"},"version_group":{"name":"diamond-pearl","url":"http://pokeapi.co/api/v2/version-group/8/"}},{"flavor_text":"Gradually boosts SPEED.","language":{"name":"en","url":"http://pokeapi.co/api/v2/language/9/"},"version_group":{"name":"firered-leafgreen","url":"http://pokeapi.co/api/v2/version-group/7/"}},{"flavor_text":"Gradually boosts SPEED.","language":{"name":"en","url":"http://pokeapi.co/api/v2/language/9/"},"version_group":{"name":"emerald","url":"http://pokeapi.co/api/v2/version-group/6/"}},{"flavor_text":"Gradually boosts SPEED.","language":{"name":"en","url":"http://pokeapi.co/api/v2/language/9/"},"version_group":{"name":"ruby-sapphire","url":"http://pokeapi.co/api/v2/version-group/5/"}}],"pokemon":[{"is_hidden":false,"slot":1,"pokemon":{"name":"yanma","url":"http://pokeapi.co/api/v2/pokemon/193/"}},{"is_hidden":true,"slot":3,"pokemon":{"name":"torchic","url":"http://pokeapi.co/api/v2/pokemon/255/"}},{"is_hidden":true,"slot":3,"pokemon":{"name":"combusken","url":"http://pokeapi.co/api/v2/pokemon/256/"}},{"is_hidden":true,"slot":3,"pokemon":{"name":"blaziken","url":"http://pokeapi.co/api/v2/pokemon/257/"}},{"is_hidden":false,"slot":1,"pokemon":{"name":"ninjask","url":"http://pokeapi.co/api/v2/pokemon/291/"}},{"is_hidden":true,"slot":3,"pokemon":{"name":"carvanha","url":"http://pokeapi.co/api/v2/pokemon/318/"}},{"is_hidden":true,"slot":3,"pokemon":{"name":"sharpedo","url":"http://pokeapi.co/api/v2/pokemon/319/"}},{"is_hidden":false,"slot":1,"pokemon":{"name":"yanmega","url":"http://pokeapi.co/api/v2/pokemon/469/"}},{"is_hidden":true,"slot":3,"pokemon":{"name":"venipede","url":"http://pokeapi.co/api/v2/pokemon/543/"}},{"is_hidden":true,"slot":3,"pokemon":{"name":"whirlipede","url":"http://pokeapi.co/api/v2/pokemon/544/"}},{"is_hidden":true,"slot":3,"pokemon":{"name":"scolipede","url":"http://pokeapi.co/api/v2/pokemon/545/"}},{"is_hidden":false,"slot":1,"pokemon":{"name":"blaziken-mega","url":"http://pokeapi.co/api/v2/pokemon/10050/"}}]}