{"id":115,"name":"ice-body","is_main_series":true,"generation":{"name":"generation-iv","url":"http://pokeapi.co/api/v2/generation/4/"},"names":[{"name":"Ice Body","language":{"name":"en","url":"http://pokeapi.co/api/v2/language/9/"}},{"name":"Corpogelo","language":{"name":"it","url":"http://pokeapi.co/api/v2/language/8/"}},{"name":"Gélido","language":{"name":"es","url":"http://pokeapi.co/api/v2/language/7/"}},{"name":"Eishaut","language":{"name":"de","url":"http://pokeapi.co/api/v2/language/6/"}},{"name":"Corps Gel","language":{"name":"fr","url":"http://pokeapi.co/api/v2/language/5/"}},{"name":"아이스바디","language":{"name":"ko","url":"http://pokeapi.co/api/v2/language/3/"}},{"name":"アイスボディ","language":{"name":"ja","url":"http://pokeapi.co/api/v2/language/1/"}}],"effect_entries":[{"effect":"This Pokémon heals for 1/16 of its maximum HP after each turn during hail, and it does not take hail damage regardless of type.","short_effect":"Heals for 1/16 max HP after each turn during hail.  Protects against hail damage.","language":{"name":"en","url":"http://pokeapi.co/api/v2/language/9/"}}],"effect_changes":[],"flavor_text_entries":[{"flavor_text":"あられのとき　ＨＰを\n少しずつ　回復。","language":{"name":"ja-kanji","url":"http://pokeapi.co/api/v2/language/11/"},"version_group":{"name":"omega-ruby-alpha-sapphire","url":"http://pokeapi.co/api/v2/version-group/16/"}},{"flavor_text":"The Pokémon gradually\nregains HP in a hailstorm.","language":{"name":"en","url":"http://pokeapi.co/api/v2/language/9/"},"version_group":{"name":"omega-ruby-alpha-sapphire","url":"http://pokeapi.co/api/v2/version-group/16/"}},{"flavor_text":"Il Pokémon recupera PS quando\ngrandina.","language":{"name":"it","url":"http://pokeapi.co/api/v2/language/8/"},"version_group":{"name":"omega-ruby-alpha-sapphire","url":"http://pokeapi.co/api/v2/version-group/16/"}},{"flavor_text":"Recupera algunos PS cuando hay\ntormentas de granizo.","language":{"name":"es","url":"http://pokeapi.co/api/v2/language/7/"},"version_group":{"name":"omega-ruby-alpha-sapphire","url":"http://pokeapi.co/api/v2/version-group/16/"}},{"flavor_text":"Regeneriert bei Hagel\nnach und nach KP.","language":{"name":"de","url":"http://pokeapi.co/api/v2/language/6/"},"version_group":{"name":"omega-ruby-alpha-sapphire","url":"http://pokeapi.co/api/v2/version-group/16/"}},{"flavor_text":"Régénère ses PV lors des\ntempêtes de grêle.","language":{"name":"fr","url":"http://pokeapi.co/api/v2/language/5/"},"version_group":{"name":"omega-ruby-alpha-sapphire","url":"http://pokeapi.co/api/v2/version-group/16/"}},{"flavor_text":"싸라기눈일 때 HP를\n조금씩 회복한다.","language":{"name":"ko","url":"http://pokeapi.co/api/v2/language/3/"},"version_group":{"name":"omega-ruby-alpha-sapphire","url":"http://pokeapi.co/api/v2/version-group/16/"}},{"flavor_text":"あられのとき　HPを\nすこしずつ　かいふく。","language":{"name":"ja","url":"http://pokeapi.co/api/v2/language/1/"},"version_group":{"name":"omega-ruby-alpha-sapphire","url":"http://pokeapi.co/api/v2/version-group/16/"}},{"flavor_text":"あられのとき　ＨＰを\n少しずつ　回復。","language":{"name":"ja-kanji","url":"http://pokeapi.co/api/v2/language/11/"},"version_group":{"name":"x-y","url":"http://pokeapi.co/api/v2/version-group/15/"}},{"flavor_text":"The Pokémon gradually\nregains HP in a hailstorm.","language":{"name":"en","url":"http://pokeapi.co/api/v2/language/9/"},"version_group":{"name":"x-y","url":"http://pokeapi.co/api/v2/version-group/15/"}},{"flavor_text":"Il Pokémon recupera PS quando\ngrandina.","language":{"name":"it","url":"http://pokeapi.co/api/v2/language/8/"},"version_group":{"name":"x-y","url":"http://pokeapi.co/api/v2/version-group/15/"}},{"flavor_text":"Recupera algunos PS cuando hay\ntormentas de granizo.","language":{"name":"es","url":"http://pokeapi.co/api/v2/language/7/"},"version_group":{"name":"x-y","url":"http://pokeapi.co/api/v2/version-group/15/"}},{"flavor_text":"Regeneriert bei Hagel\nnach und nach KP.","language":{"name":"de","url":"http://pokeapi.co/api/v2/language/6/"},"version_group":{"name":"x-y","url":"http://pokeapi.co/api/v2/version-group/15/"}},{"flavor_text":"Régénère ses PV lors des\ntempêtes de grêle.","language":{"name":"fr","url":"http://pokeapi.co/api/v2/language/5/"},"version_group":{"name":"x-y","url":"http://pokeapi.co/api/v2/version-group/15/"}},{"flavor_text":"싸라기눈일 때 HP를\n조금씩 회복한다.","language":{"name":"ko","url":"http://pokeapi.co/api/v2/language/3/"},"version_group":{"name":"x-y","url":"http://pokeapi.co/api/v2/version-group/15/"}},{"flavor_text":"あられのとき　HPを\nすこしずつ　かいふく。","language":{"name":"ja","url":"http://pokeapi.co/api/v2/language/1/"},"version_group":{"name":"x-y","url":"http://pokeapi.co/api/v2/version-group/15/"}},{"flavor_text":"The Pokémon gradually\nregains HP in a hailstorm.","language":{"name":"en","url":"http://pokeapi.co/api/v2/language/9/"},"version_group":{"name":"black-2-white-2","url":"http://pokeapi.co/api/v2/version-group/14/"}},{"flavor_text":"The Pokémon gradually\nregains HP in a hailstorm.","language":{"name":"en","url":"http://pokeapi.co/api/v2/language/9/"},"version_group":{"name":"black-white","url":"http://pokeapi.co/api/v2/version-group/11/"}},{"flavor_text":"Régénère ses PV lors des\ntempêtes de grêle.","language":{"name":"fr","url":"http://pokeapi.co/api/v2/language/5/"},"version_group":{"name":"black-white","url":"http://pokeapi.co/api/v2/version-group/11/"}},{"flavor_text":"The Pokémon regains HP in\na hailstorm.","language":{"name":"en","url":"http://pokeapi.co/api/v2/language/9/"},"version_group":{"name":"heartgold-soulsilver","url":"http://pokeapi.co/api/v2/version-group/10/"}},{"flavor_text":"The Pokémon regains HP in\na hailstorm.","language":{"name":"en","url":"http://pokeapi.co/api/v2/language/9/"},"version_group":{"name":"platinum","url":"http://pokeapi.co/api/v2/version-group/9/"}},{"flavor_text":"The Pokémon regains HP in\na hailstorm.","language":{"name":"en","url":"http://pokeapi.co/api/v2/language/9/"},"version_group":{"name":"diamond-pearl","url":"http://pokeapi.co/api/v2/version-group/8/"}}],"pokemon":[{"is_hidden":true,"slot":3,"pokemon":{"name":"seel","url":"http://pokeapi.co/api/v2/pokemon/86/"}},{"is_hidden":true,"slot":3,"pokemon":{"name":"dewgong","url":"http://pokeapi.co/api/v2/pokemon/87/"}},{"is_hidden":false,"slot":2,"pokemon":{"name":"snorunt","url":"http://pokeapi.co/api/v2/pokemon/361/"}},{"is_hidden":false,"slot":2,"pokemon":{"name":"glalie","url":"http://pokeapi.co/api/v2/pokemon/362/"}},{"is_hidden":false,"slot":2,"pokemon":{"name":"spheal","url":"http://pokeapi.co/api/v2/pokemon/363/"}},{"is_hidden":false,"slot":2,"pokemon":{"name":"sealeo","url":"http://pokeapi.co/api/v2/pokemon/364/"}},{"is_hidden":false,"slot":2,"pokemon":{"name":"walrein","url":"http://pokeapi.co/api/v2/pokemon/365/"}},{"is_hidden":true,"slot":3,"pokemon":{"name":"regice","url":"http://pokeapi.co/api/v2/pokemon/378/"}},{"is_hidden":true,"slot":3,"pokemon":{"name":"glaceon","url":"http://pokeapi.co/api/v2/pokemon/471/"}},{"is_hidden":false,"slot":1,"pokemon":{"name":"vanillite","url":"http://pokeapi.co/api/v2/pokemon/582/"}},{"is_hidden":false,"slot":1,"pokemon":{"name":"vanillish","url":"http://pokeapi.co/api/v2/pokemon/583/"}},{"is_hidden":false,"slot":1,"pokemon":{"name":"vanilluxe","url":"http://pokeapi.co/api/v2/pokemon/584/"}},{"is_hidden":false,"slot":2,"pokemon":{"name":"bergmite","url":"http://pokeapi.co/api/v2/pokemon/712/"}},{"is_hidden":false,"slot":2,"pokemon":{"name":"avalugg","url":"http://pokeapi.co/api/v2/pokemon/713/"}}]}