{"id":133,"name":"persim-berry","cost":20,"fling_power":10,"fling_effect":{"name":"berry-effect","url":"http://pokeapi.co/api/v2/item-fling-effect/3/"},"attributes":[{"name":"holdable-active","url":"http://pokeapi.co/api/v2/item-attribute/7/"}],"category":{"name":"medicine","url":"http://pokeapi.co/api/v2/item-category/3/"},"effect_entries":[{"effect":"Held in battle\n:   When the holder is confused, it consumes this item to cure the confusion.\n\nUsed on a party Pokémon\n:   Cures confusion.","short_effect":"Held: Consumed when confused to cure confusion.","language":{"name":"en","url":"http://pokeapi.co/api/v2/language/9/"}}],"flavor_text_entries":[{"text":"ポケモンに　持たせると\n混乱を　回復する。\n","version_group":{"name":"x-y","url":"http://pokeapi.co/api/v2/version-group/15/"},"language":{"name":"ja-kanji","url":"http://pokeapi.co/api/v2/language/11/"}},{"text":"A Berry to be consumed by Pokémon.\nIf a Pokémon holds one, it can recover\nfrom confusion on its own in battle.","version_group":{"name":"x-y","url":"http://pokeapi.co/api/v2/version-group/15/"},"language":{"name":"en","url":"http://pokeapi.co/api/v2/language/9/"}},{"text":"Se un Pokémon ha questa bacca, guarisce\ndalla confusione.","version_group":{"name":"x-y","url":"http://pokeapi.co/api/v2/version-group/15/"},"language":{"name":"it","url":"http://pokeapi.co/api/v2/language/8/"}},{"text":"Al usarla con un Pokémon, se gana su amistad,\npero también reduce su Defensa Especial de\nbase.","version_group":{"name":"x-y","url":"http://pokeapi.co/api/v2/version-group/15/"},"language":{"name":"es","url":"http://pokeapi.co/api/v2/language/7/"}},{"text":"Gibst du die Beere einem Pokémon zum Tragen,\nheilt diese es von Verwirrung.","version_group":{"name":"x-y","url":"http://pokeapi.co/api/v2/version-group/15/"},"language":{"name":"de","url":"http://pokeapi.co/api/v2/language/6/"}},{"text":"Une Baie qui soigne la confusion lorsqu’elle est\ntenue par un Pokémon.","version_group":{"name":"x-y","url":"http://pokeapi.co/api/v2/version-group/15/"},"language":{"name":"fr","url":"http://pokeapi.co/api/v2/language/5/"}},{"text":"포켓몬에게 지니게 하면\n혼란을 회복한다.","version_group":{"name":"x-y","url":"http://pokeapi.co/api/v2/version-group/15/"},"language":{"name":"ko","url":"http://pokeapi.co/api/v2/language/3/"}},{"text":"ポケモンに　もたせると\nこんらんを　かいふくする。\n","version_group":{"name":"x-y","url":"http://pokeapi.co/api/v2/version-group/15/"},"language":{"name":"ja","url":"http://pokeapi.co/api/v2/language/1/"}},{"text":"If held by a Pokémon,\nit recovers from confusion.","version_group":{"name":"black-2-white-2","url":"http://pokeapi.co/api/v2/version-group/14/"},"language":{"name":"en","url":"http://pokeapi.co/api/v2/language/9/"}},{"text":"If held by a Pokémon,\nit recovers from confusion.","version_group":{"name":"black-white","url":"http://pokeapi.co/api/v2/version-group/11/"},"language":{"name":"en","url":"http://pokeapi.co/api/v2/language/9/"}},{"text":"Baie qui soigne la confusion lorsqu’elle\nest tenue par un Pokémon.","version_group":{"name":"black-white","url":"http://pokeapi.co/api/v2/version-group/11/"},"language":{"name":"fr","url":"http://pokeapi.co/api/v2/language/5/"}},{"text":"It may be used or held by a Pokémon to\nrecover from confusion.","version_group":{"name":"heartgold-soulsilver","url":"http://pokeapi.co/api/v2/version-group/10/"},"language":{"name":"en","url":"http://pokeapi.co/api/v2/language/9/"}},{"text":"A Poffin ingredient. It may be used\nor held by a Pokémon to recover from\nconfusion.","version_group":{"name":"platinum","url":"http://pokeapi.co/api/v2/version-group/9/"},"language":{"name":"en","url":"http://pokeapi.co/api/v2/language/9/"}},{"text":"A Poffin ingredient. It may be used\nor held by a Pokémon to recover from\nconfusion.","version_group":{"name":"diamond-pearl","url":"http://pokeapi.co/api/v2/version-group/8/"},"language":{"name":"en","url":"http://pokeapi.co/api/v2/language/9/"}},{"text":"When held by a POKéMON, it will be\nused in battle to lift confusion.","version_group":{"name":"firered-leafgreen","url":"http://pokeapi.co/api/v2/version-group/7/"},"language":{"name":"en","url":"http://pokeapi.co/api/v2/language/9/"}},{"text":"A hold item that\nheals confusion\nin battle.","version_group":{"name":"emerald","url":"http://pokeapi.co/api/v2/version-group/6/"},"language":{"name":"en","url":"http://pokeapi.co/api/v2/language/9/"}},{"text":"A hold item that\nheals confusion\nin battle.","version_group":{"name":"ruby-sapphire","url":"http://pokeapi.co/api/v2/version-group/5/"},"language":{"name":"en","url":"http://pokeapi.co/api/v2/language/9/"}}],"game_indices":[{"game_index":156,"generation":{"name":"generation-vi","url":"http://pokeapi.co/api/v2/generation/6/"}},{"game_index":156,"generation":{"name":"generation-v","url":"http://pokeapi.co/api/v2/generation/5/"}},{"game_index":156,"generation":{"name":"generation-iv","url":"http://pokeapi.co/api/v2/generation/4/"}},{"game_index":140,"generation":{"name":"generation-iii","url":"http://pokeapi.co/api/v2/generation/3/"}}],"names":[{"name":"Persim Berry","language":{"name":"en","url":"http://pokeapi.co/api/v2/language/9/"}},{"name":"Baccaki","language":{"name":"it","url":"http://pokeapi.co/api/v2/language/8/"}},{"name":"Baya Caquic","language":{"name":"es","url":"http://pokeapi.co/api/v2/language/7/"}},{"name":"Persimbeere","language":{"name":"de","url":"http://pokeapi.co/api/v2/language/6/"}},{"name":"Baie Kika","language":{"name":"fr","url":"http://pokeapi.co/api/v2/language/5/"}},{"name":"시몬열매","language":{"name":"ko","url":"http://pokeapi.co/api/v2/language/3/"}},{"name":"キーのみ","language":{"name":"ja","url":"http://pokeapi.co/api/v2/language/1/"}}],"held_by_pokemon":[{"pokemon":{"name":"girafarig","url":"http://pokeapi.co/api/v2/pokemon/203/"},"version_details":[{"rarity":5,"version":{"name":"white-2","url":"http://pokeapi.co/api/v2/version/22/"}},{"rarity":5,"version":{"name":"black-2","url":"http://pokeapi.co/api/v2/version/21/"}},{"rarity":5,"version":{"name":"white","url":"http://pokeapi.co/api/v2/version/18/"}},{"rarity":5,"version":{"name":"black","url":"http://pokeapi.co/api/v2/version/17/"}},{"rarity":5,"version":{"name":"soulsilver","url":"http://pokeapi.co/api/v2/version/16/"}},{"rarity":5,"version":{"name":"heartgold","url":"http://pokeapi.co/api/v2/version/15/"}},{"rarity":5,"version":{"name":"platinum","url":"http://pokeapi.co/api/v2/version/14/"}},{"rarity":5,"version":{"name":"pearl","url":"http://pokeapi.co/api/v2/version/13/"}},{"rarity":5,"version":{"name":"diamond","url":"http://pokeapi.co/api/v2/version/12/"}},{"rarity":5,"version":{"name":"leafgreen","url":"http://pokeapi.co/api/v2/version/11/"}},{"rarity":5,"version":{"name":"firered","url":"http://pokeapi.co/api/v2/version/10/"}},{"rarity":5,"version":{"name":"emerald","url":"http://pokeapi.co/api/v2/version/9/"}},{"rarity":5,"version":{"name":"sapphire","url":"http://pokeapi.co/api/v2/version/8/"}},{"rarity":5,"version":{"name":"ruby","url":"http://pokeapi.co/api/v2/version/7/"}}]},{"pokemon":{"name":"spoink","url":"http://pokeapi.co/api/v2/pokemon/325/"},"version_details":[{"rarity":50,"version":{"name":"white-2","url":"http://pokeapi.co/api/v2/version/22/"}},{"rarity":50,"version":{"name":"black-2","url":"http://pokeapi.co/api/v2/version/21/"}}]},{"pokemon":{"name":"grumpig","url":"http://pokeapi.co/api/v2/pokemon/326/"},"version_details":[{"rarity":50,"version":{"name":"white-2","url":"http://pokeapi.co/api/v2/version/22/"}},{"rarity":50,"version":{"name":"black-2","url":"http://pokeapi.co/api/v2/version/21/"}}]},{"pokemon":{"name":"seviper","url":"http://pokeapi.co/api/v2/pokemon/336/"},"version_details":[{"rarity":100,"version":{"name":"y","url":"http://pokeapi.co/api/v2/version/24/"}},{"rarity":100,"version":{"name":"x","url":"http://pokeapi.co/api/v2/version/23/"}}]},{"pokemon":{"name":"kecleon","url":"http://pokeapi.co/api/v2/pokemon/352/"},"version_details":[{"rarity":5,"version":{"name":"white-2","url":"http://pokeapi.co/api/v2/version/22/"}},{"rarity":5,"version":{"name":"black-2","url":"http://pokeapi.co/api/v2/version/21/"}},{"rarity":5,"version":{"name":"white","url":"http://pokeapi.co/api/v2/version/18/"}},{"rarity":5,"version":{"name":"black","url":"http://pokeapi.co/api/v2/version/17/"}},{"rarity":5,"version":{"name":"soulsilver","url":"http://pokeapi.co/api/v2/version/16/"}},{"rarity":5,"version":{"name":"heartgold","url":"http://pokeapi.co/api/v2/version/15/"}},{"rarity":5,"version":{"name":"platinum","url":"http://pokeapi.co/api/v2/version/14/"}},{"rarity":5,"version":{"name":"pearl","url":"http://pokeapi.co/api/v2/version/13/"}},{"rarity":5,"version":{"name":"diamond","url":"http://pokeapi.co/api/v2/version/12/"}},{"rarity":5,"version":{"name":"leafgreen","url":"http://pokeapi.co/api/v2/version/11/"}},{"rarity":5,"version":{"name":"firered","url":"http://pokeapi.co/api/v2/version/10/"}},{"rarity":5,"version":{"name":"emerald","url":"http://pokeapi.co/api/v2/version/9/"}},{"rarity":5,"version":{"name":"sapphire","url":"http://pokeapi.co/api/v2/version/8/"}},{"rarity":5,"version":{"name":"ruby","url":"http://pokeapi.co/api/v2/version/7/"}}]},{"pokemon":{"name":"tympole","url":"http://pokeapi.co/api/v2/pokemon/535/"},"version_details":[{"rarity":50,"version":{"name":"white","url":"http://pokeapi.co/api/v2/version/18/"}},{"rarity":50,"version":{"name":"black","url":"http://pokeapi.co/api/v2/version/17/"}}]},{"pokemon":{"name":"palpitoad","url":"http://pokeapi.co/api/v2/pokemon/536/"},"version_details":[{"rarity":50,"version":{"name":"white","url":"http://pokeapi.co/api/v2/version/18/"}},{"rarity":50,"version":{"name":"black","url":"http://pokeapi.co/api/v2/version/17/"}}]},{"pokemon":{"name":"seismitoad","url":"http://pokeapi.co/api/v2/pokemon/537/"},"version_details":[{"rarity":50,"version":{"name":"white","url":"http://pokeapi.co/api/v2/version/18/"}},{"rarity":50,"version":{"name":"black","url":"http://pokeapi.co/api/v2/version/17/"}}]},{"pokemon":{"name":"gothita","url":"http://pokeapi.co/api/v2/pokemon/574/"},"version_details":[{"rarity":50,"version":{"name":"white-2","url":"http://pokeapi.co/api/v2/version/22/"}},{"rarity":50,"version":{"name":"black-2","url":"http://pokeapi.co/api/v2/version/21/"}}]},{"pokemon":{"name":"gothorita","url":"http://pokeapi.co/api/v2/pokemon/575/"},"version_details":[{"rarity":50,"version":{"name":"white-2","url":"http://pokeapi.co/api/v2/version/22/"}},{"rarity":50,"version":{"name":"black-2","url":"http://pokeapi.co/api/v2/version/21/"}}]},{"pokemon":{"name":"gothitelle","url":"http://pokeapi.co/api/v2/pokemon/576/"},"version_details":[{"rarity":50,"version":{"name":"white-2","url":"http://pokeapi.co/api/v2/version/22/"}},{"rarity":50,"version":{"name":"black-2","url":"http://pokeapi.co/api/v2/version/21/"}}]},{"pokemon":{"name":"solosis","url":"http://pokeapi.co/api/v2/pokemon/577/"},"version_details":[{"rarity":50,"version":{"name":"white-2","url":"http://pokeapi.co/api/v2/version/22/"}},{"rarity":50,"version":{"name":"black-2","url":"http://pokeapi.co/api/v2/version/21/"}}]},{"pokemon":{"name":"duosion","url":"http://pokeapi.co/api/v2/pokemon/578/"},"version_details":[{"rarity":50,"version":{"name":"white-2","url":"http://pokeapi.co/api/v2/version/22/"}},{"rarity":50,"version":{"name":"black-2","url":"http://pokeapi.co/api/v2/version/21/"}}]},{"pokemon":{"name":"reuniclus","url":"http://pokeapi.co/api/v2/pokemon/579/"},"version_details":[{"rarity":50,"version":{"name":"white-2","url":"http://pokeapi.co/api/v2/version/22/"}},{"rarity":50,"version":{"name":"black-2","url":"http://pokeapi.co/api/v2/version/21/"}}]}],"baby_trigger_for":null}