{"id":1,"name":"master-ball","cost":0,"fling_power":null,"fling_effect":null,"attributes":[{"name":"countable","url":"http://pokeapi.co/api/v2/item-attribute/1/"},{"name":"consumable","url":"http://pokeapi.co/api/v2/item-attribute/2/"},{"name":"usable-in-battle","url":"http://pokeapi.co/api/v2/item-attribute/4/"},{"name":"holdable","url":"http://pokeapi.co/api/v2/item-attribute/5/"}],"category":{"name":"standard-balls","url":"http://pokeapi.co/api/v2/item-category/34/"},"effect_entries":[{"effect":"Used in battle\n:   Catches a wild Pokémon without fail.\n\n    If used in a trainer battle, nothing happens and the ball is lost.","short_effect":"Catches a wild Pokémon every time.","language":{"name":"en","url":"http://pokeapi.co/api/v2/language/9/"}}],"flavor_text_entries":[{"text":"野生の　ポケモンを　必ず\n捕まえることが　できる\n最高　性能の　ボール。","version_group":{"name":"x-y","url":"http://pokeapi.co/api/v2/version-group/15/"},"language":{"name":"ja-kanji","url":"http://pokeapi.co/api/v2/language/11/"}},{"text":"The best Poké Ball with the ultimate\nlevel of performance. With it, you will\ncatch any wild Pokémon without fail.","version_group":{"name":"x-y","url":"http://pokeapi.co/api/v2/version-group/15/"},"language":{"name":"en","url":"http://pokeapi.co/api/v2/language/9/"}},{"text":"La Poké Ball dalle prestazioni migliori:\ncattura qualsiasi Pokémon selvatico senza\nmai fallire.","version_group":{"name":"x-y","url":"http://pokeapi.co/api/v2/version-group/15/"},"language":{"name":"it","url":"http://pokeapi.co/api/v2/language/8/"}},{"text":"La Poké Ball definitiva. Atrapa cualquier Pokémon\nsalvaje y no falla nunca.","version_group":{"name":"x-y","url":"http://pokeapi.co/api/v2/version-group/15/"},"language":{"name":"es","url":"http://pokeapi.co/api/v2/language/7/"}},{"text":"Der beste Ball! Damit fängst du garantiert jedes\nwilde Pokémon.","version_group":{"name":"x-y","url":"http://pokeapi.co/api/v2/version-group/15/"},"language":{"name":"de","url":"http://pokeapi.co/api/v2/language/6/"}},{"text":"Assurément la Ball la plus performante.\nElle permet de capturer à coup sûr un Pokémon\nsauvage.","version_group":{"name":"x-y","url":"http://pokeapi.co/api/v2/version-group/15/"},"language":{"name":"fr","url":"http://pokeapi.co/api/v2/language/5/"}},{"text":"야생 포켓몬을 반드시\n잡을 수 있는\n최고 성능의 볼.","version_group":{"name":"x-y","url":"http://pokeapi.co/api/v2/version-group/15/"},"language":{"name":"ko","url":"http://pokeapi.co/api/v2/language/3/"}},{"text":"やせいの　ポケモンを　かならず\nつかまえることが　できる\nさいこう　せいのうの　ボール。","version_group":{"name":"x-y","url":"http://pokeapi.co/api/v2/version-group/15/"},"language":{"name":"ja","url":"http://pokeapi.co/api/v2/language/1/"}},{"text":"The best Ball with the ultimate level of\nperformance. It will catch any wild\nPokémon without fail.","version_group":{"name":"black-2-white-2","url":"http://pokeapi.co/api/v2/version-group/14/"},"language":{"name":"en","url":"http://pokeapi.co/api/v2/language/9/"}},{"text":"The best Ball with the ultimate level of\nperformance. It will catch any wild\nPokémon without fail.","version_group":{"name":"black-white","url":"http://pokeapi.co/api/v2/version-group/11/"},"language":{"name":"en","url":"http://pokeapi.co/api/v2/language/9/"}},{"text":"Assurément la Ball la plus performante.\nElle permet de capturer à coup sûr un\nPokémon sauvage.","version_group":{"name":"black-white","url":"http://pokeapi.co/api/v2/version-group/11/"},"language":{"name":"fr","url":"http://pokeapi.co/api/v2/language/5/"}},{"text":"The best Ball with the ultimate level of\nperformance. It will catch any wild\nPokémon without fail.","version_group":{"name":"heartgold-soulsilver","url":"http://pokeapi.co/api/v2/version-group/10/"},"language":{"name":"en","url":"http://pokeapi.co/api/v2/language/9/"}},{"text":"The best Ball with the ultimate level of\nperformance. It will catch any wild\nPokémon without fail.","version_group":{"name":"platinum","url":"http://pokeapi.co/api/v2/version-group/9/"},"language":{"name":"en","url":"http://pokeapi.co/api/v2/language/9/"}},{"text":"The best Ball with the ultimate level of\nperformance. It will catch any wild\nPokémon without fail.","version_group":{"name":"diamond-pearl","url":"http://pokeapi.co/api/v2/version-group/8/"},"language":{"name":"en","url":"http://pokeapi.co/api/v2/language/9/"}},{"text":"The best BALL with the ultimate\nperformance. It will catch any wild\nPOKéMON without fail.","version_group":{"name":"firered-leafgreen","url":"http://pokeapi.co/api/v2/version-group/7/"},"language":{"name":"en","url":"http://pokeapi.co/api/v2/language/9/"}},{"text":"The best BALL that\ncatches a POKéMON\nwithout fail.","version_group":{"name":"emerald","url":"http://pokeapi.co/api/v2/version-group/6/"},"language":{"name":"en","url":"http://pokeapi.co/api/v2/language/9/"}},{"text":"The best BALL that\ncatches a POKéMON\nwithout fail.","version_group":{"name":"ruby-sapphire","url":"http://pokeapi.co/api/v2/version-group/5/"},"language":{"name":"en","url":"http://pokeapi.co/api/v2/language/9/"}}],"game_indices":[{"game_index":1,"generation":{"name":"generation-vi","url":"http://pokeapi.co/api/v2/generation/6/"}},{"game_index":1,"generation":{"name":"generation-v","url":"http://pokeapi.co/api/v2/generation/5/"}},{"game_index":1,"generation":{"name":"generation-iv","url":"http://pokeapi.co/api/v2/generation/4/"}},{"game_index":1,"generation":{"name":"generation-iii","url":"http://pokeapi.co/api/v2/generation/3/"}}],"names":[{"name":"Master Ball","language":{"name":"en","url":"http://pokeapi.co/api/v2/language/9/"}},{"name":"Master Ball","language":{"name":"it","url":"http://pokeapi.co/api/v2/language/8/"}},{"name":"Master Ball","language":{"name":"es","url":"http://pokeapi.co/api/v2/language/7/"}},{"name":"Meisterball","language":{"name":"de","url":"http://pokeapi.co/api/v2/language/6/"}},{"name":"Master Ball","language":{"name":"fr","url":"http://pokeapi.co/api/v2/language/5/"}},{"name":"마스터볼","language":{"name":"ko","url":"http://pokeapi.co/api/v2/language/3/"}},{"name":"マスターボール","language":{"name":"ja","url":"http://pokeapi.co/api/v2/language/1/"}}],"held_by_pokemon":[],"baby_trigger_for":null}