{"id":108,"name":"dusk-stone","cost":2100,"fling_power":80,"fling_effect":null,"attributes":[],"category":{"name":"evolution","url":"http://pokeapi.co/api/v2/item-category/10/"},"effect_entries":[{"effect":"Used on a party Pokémon\n:   Evolves a lampent into chandelure, a misdreavus into mismagius, or a murkrow into honchkrow.","short_effect":"Evolves a Lampent into Chandelure, a Misdreavus into Mismagius, or a Murkrow into Honchkrow.","language":{"name":"en","url":"http://pokeapi.co/api/v2/language/9/"}}],"flavor_text_entries":[{"text":"ある　特定の　ポケモンを\n進化させる　不思議な　石。\nやみのように　暗い。","version_group":{"name":"x-y","url":"http://pokeapi.co/api/v2/version-group/15/"},"language":{"name":"ja-kanji","url":"http://pokeapi.co/api/v2/language/11/"}},{"text":"A peculiar stone that can make\ncertain species of Pokémon evolve.\nIt holds shadows as dark as can be.","version_group":{"name":"x-y","url":"http://pokeapi.co/api/v2/version-group/15/"},"language":{"name":"en","url":"http://pokeapi.co/api/v2/language/9/"}},{"text":"Pietra particolare che fa evolvere determinate\nspecie di Pokémon. È scura come le tenebre.","version_group":{"name":"x-y","url":"http://pokeapi.co/api/v2/version-group/15/"},"language":{"name":"it","url":"http://pokeapi.co/api/v2/language/8/"}},{"text":"Una piedra peculiar que hace evolucionar a\nalgunos Pokémon. Es oscura como la noche.","version_group":{"name":"x-y","url":"http://pokeapi.co/api/v2/version-group/15/"},"language":{"name":"es","url":"http://pokeapi.co/api/v2/language/7/"}},{"text":"Dieser besondere, düstere Stein hilft\nmanchen Pokémon bei ihrer Evolution.","version_group":{"name":"x-y","url":"http://pokeapi.co/api/v2/version-group/15/"},"language":{"name":"de","url":"http://pokeapi.co/api/v2/language/6/"}},{"text":"Une pierre étrange qui fait évoluer certaines\nespèces de Pokémon. Elle est sombre comme\nune nuit sans lune.","version_group":{"name":"x-y","url":"http://pokeapi.co/api/v2/version-group/15/"},"language":{"name":"fr","url":"http://pokeapi.co/api/v2/language/5/"}},{"text":"어느 특정 포켓몬을\n진화시키는 이상한 돌.\n칠흑처럼 어둡다.","version_group":{"name":"x-y","url":"http://pokeapi.co/api/v2/version-group/15/"},"language":{"name":"ko","url":"http://pokeapi.co/api/v2/language/3/"}},{"text":"ある　とくていの　ポケモンを\nしんかさせる　ふしぎな　いし。\nやみのように　くらい。","version_group":{"name":"x-y","url":"http://pokeapi.co/api/v2/version-group/15/"},"language":{"name":"ja","url":"http://pokeapi.co/api/v2/language/1/"}},{"text":"A peculiar stone that makes certain\nspecies of Pokémon evolve.\nIt is as dark as dark can be.","version_group":{"name":"black-2-white-2","url":"http://pokeapi.co/api/v2/version-group/14/"},"language":{"name":"en","url":"http://pokeapi.co/api/v2/language/9/"}},{"text":"A peculiar stone that makes certain\nspecies of Pokémon evolve.\nIt is as dark as dark can be.","version_group":{"name":"black-white","url":"http://pokeapi.co/api/v2/version-group/11/"},"language":{"name":"en","url":"http://pokeapi.co/api/v2/language/9/"}},{"text":"Pierre étrange qui fait évoluer\ncertaines espèces de Pokémon. Elle\nest sombre comme une nuit sans lune.","version_group":{"name":"black-white","url":"http://pokeapi.co/api/v2/version-group/11/"},"language":{"name":"fr","url":"http://pokeapi.co/api/v2/language/5/"}},{"text":"A peculiar stone that makes certain\nspecies of Pokémon evolve.\nIt is as dark as dark can be.","version_group":{"name":"heartgold-soulsilver","url":"http://pokeapi.co/api/v2/version-group/10/"},"language":{"name":"en","url":"http://pokeapi.co/api/v2/language/9/"}},{"text":"A peculiar stone that makes certain\nspecies of Pokémon evolve.\nIt is as dark as dark can be.","version_group":{"name":"platinum","url":"http://pokeapi.co/api/v2/version-group/9/"},"language":{"name":"en","url":"http://pokeapi.co/api/v2/language/9/"}},{"text":"A peculiar stone that makes certain\nspecies of Pokémon evolve.\nIt is as dark as dark can be.","version_group":{"name":"diamond-pearl","url":"http://pokeapi.co/api/v2/version-group/8/"},"language":{"name":"en","url":"http://pokeapi.co/api/v2/language/9/"}}],"game_indices":[{"game_index":108,"generation":{"name":"generation-vi","url":"http://pokeapi.co/api/v2/generation/6/"}},{"game_index":108,"generation":{"name":"generation-v","url":"http://pokeapi.co/api/v2/generation/5/"}},{"game_index":108,"generation":{"name":"generation-iv","url":"http://pokeapi.co/api/v2/generation/4/"}}],"names":[{"name":"Dusk Stone","language":{"name":"en","url":"http://pokeapi.co/api/v2/language/9/"}},{"name":"Neropietra","language":{"name":"it","url":"http://pokeapi.co/api/v2/language/8/"}},{"name":"Piedra Noche","language":{"name":"es","url":"http://pokeapi.co/api/v2/language/7/"}},{"name":"Finsterstein","language":{"name":"de","url":"http://pokeapi.co/api/v2/language/6/"}},{"name":"Pierre Nuit","language":{"name":"fr","url":"http://pokeapi.co/api/v2/language/5/"}},{"name":"어둠의돌","language":{"name":"ko","url":"http://pokeapi.co/api/v2/language/3/"}},{"name":"やみのいし","language":{"name":"ja","url":"http://pokeapi.co/api/v2/language/1/"}}],"held_by_pokemon":[],"baby_trigger_for":null}