{"id":106,"name":"rare-bone","cost":10000,"fling_power":100,"fling_effect":null,"attributes":[{"name":"underground","url":"http://pokeapi.co/api/v2/item-attribute/8/"}],"category":{"name":"loot","url":"http://pokeapi.co/api/v2/item-category/24/"},"effect_entries":[{"effect":"Vendor trash.","short_effect":"Sell for 5000 Pokédollars, or to Bone Man for 10000 Pokédollars.","language":{"name":"en","url":"http://pokeapi.co/api/v2/language/9/"}}],"flavor_text_entries":[{"text":"ポケモン考古学の　うえで\nとても　貴重な　ホネ。\nショップで　高く　売れる。","version_group":{"name":"x-y","url":"http://pokeapi.co/api/v2/version-group/15/"},"language":{"name":"ja-kanji","url":"http://pokeapi.co/api/v2/language/11/"}},{"text":"A rare bone that is extremely valuable\nfor the study of Pokémon archeology.\nIt can be sold for a high price to shops.","version_group":{"name":"x-y","url":"http://pokeapi.co/api/v2/version-group/15/"},"language":{"name":"en","url":"http://pokeapi.co/api/v2/language/9/"}},{"text":"Osso di grande valore per l’archeologia\nPokémon. Può essere venduto nei negozi\na un prezzo piuttosto alto.","version_group":{"name":"x-y","url":"http://pokeapi.co/api/v2/version-group/15/"},"language":{"name":"it","url":"http://pokeapi.co/api/v2/language/8/"}},{"text":"Un hueso de gran valor para la arqueología\nPokémon. Puede alcanzar un alto precio en las\ntiendas.","version_group":{"name":"x-y","url":"http://pokeapi.co/api/v2/version-group/15/"},"language":{"name":"es","url":"http://pokeapi.co/api/v2/language/7/"}},{"text":"Dieser Knochen erfreut jeden Pokémon-\nArchäologen. Er ist von hohem Wert.","version_group":{"name":"x-y","url":"http://pokeapi.co/api/v2/version-group/15/"},"language":{"name":"de","url":"http://pokeapi.co/api/v2/language/6/"}},{"text":"Un os d’une grande valeur pour l’archéologie\nPokémon. Peut être vendu à bon prix aux\nmagasins.","version_group":{"name":"x-y","url":"http://pokeapi.co/api/v2/version-group/15/"},"language":{"name":"fr","url":"http://pokeapi.co/api/v2/language/5/"}},{"text":"포켓몬 고고학에 있어\n매우 귀중한 뼈.\n상점에서 비싸게 팔린다.","version_group":{"name":"x-y","url":"http://pokeapi.co/api/v2/version-group/15/"},"language":{"name":"ko","url":"http://pokeapi.co/api/v2/language/3/"}},{"text":"ポケモンこうこがくの　うえで\nとても　きちょうな　ホネ。\nショップで　たかく　うれる。","version_group":{"name":"x-y","url":"http://pokeapi.co/api/v2/version-group/15/"},"language":{"name":"ja","url":"http://pokeapi.co/api/v2/language/1/"}},{"text":"A bone that is extremely valuable for\nPokémon archeology. It can be sold\nfor a high price to shops.","version_group":{"name":"black-2-white-2","url":"http://pokeapi.co/api/v2/version-group/14/"},"language":{"name":"en","url":"http://pokeapi.co/api/v2/language/9/"}},{"text":"A bone that is extremely valuable for\nPokémon archeology. It can be sold\nfor a high price to shops.","version_group":{"name":"black-white","url":"http://pokeapi.co/api/v2/version-group/11/"},"language":{"name":"en","url":"http://pokeapi.co/api/v2/language/9/"}},{"text":"Un os d’une grande valeur pour\nl’archéologie Pokémon. Peut être\nvendu à bon prix aux magasins.","version_group":{"name":"black-white","url":"http://pokeapi.co/api/v2/version-group/11/"},"language":{"name":"fr","url":"http://pokeapi.co/api/v2/language/5/"}},{"text":"A bone that is extremely valuable for\nPokémon archaeology. It can be sold\nfor a high price to shops.","version_group":{"name":"heartgold-soulsilver","url":"http://pokeapi.co/api/v2/version-group/10/"},"language":{"name":"en","url":"http://pokeapi.co/api/v2/language/9/"}},{"text":"A bone that is extremely valuable for\nPokémon archaeology. It can be sold\nfor a high price to shops.","version_group":{"name":"platinum","url":"http://pokeapi.co/api/v2/version-group/9/"},"language":{"name":"en","url":"http://pokeapi.co/api/v2/language/9/"}},{"text":"A bone that is extremely valuable for\nPokémon archaeology. It can be sold\nfor a high price to shops.","version_group":{"name":"diamond-pearl","url":"http://pokeapi.co/api/v2/version-group/8/"},"language":{"name":"en","url":"http://pokeapi.co/api/v2/language/9/"}}],"game_indices":[{"game_index":106,"generation":{"name":"generation-vi","url":"http://pokeapi.co/api/v2/generation/6/"}},{"game_index":106,"generation":{"name":"generation-v","url":"http://pokeapi.co/api/v2/generation/5/"}},{"game_index":106,"generation":{"name":"generation-iv","url":"http://pokeapi.co/api/v2/generation/4/"}}],"names":[{"name":"Rare Bone","language":{"name":"en","url":"http://pokeapi.co/api/v2/language/9/"}},{"name":"Osso Raro","language":{"name":"it","url":"http://pokeapi.co/api/v2/language/8/"}},{"name":"Hueso Raro","language":{"name":"es","url":"http://pokeapi.co/api/v2/language/7/"}},{"name":"Steinknochen","language":{"name":"de","url":"http://pokeapi.co/api/v2/language/6/"}},{"name":"Os Rare","language":{"name":"fr","url":"http://pokeapi.co/api/v2/language/5/"}},{"name":"귀중한뼈","language":{"name":"ko","url":"http://pokeapi.co/api/v2/language/3/"}},{"name":"きちょうなホネ","language":{"name":"ja","url":"http://pokeapi.co/api/v2/language/1/"}}],"held_by_pokemon":[{"pokemon":{"name":"dwebble","url":"http://pokeapi.co/api/v2/pokemon/557/"},"version_details":[{"rarity":1,"version":{"name":"white-2","url":"http://pokeapi.co/api/v2/version/22/"}},{"rarity":1,"version":{"name":"black-2","url":"http://pokeapi.co/api/v2/version/21/"}},{"rarity":1,"version":{"name":"white","url":"http://pokeapi.co/api/v2/version/18/"}},{"rarity":1,"version":{"name":"black","url":"http://pokeapi.co/api/v2/version/17/"}}]},{"pokemon":{"name":"crustle","url":"http://pokeapi.co/api/v2/pokemon/558/"},"version_details":[{"rarity":1,"version":{"name":"white-2","url":"http://pokeapi.co/api/v2/version/22/"}},{"rarity":1,"version":{"name":"black-2","url":"http://pokeapi.co/api/v2/version/21/"}},{"rarity":1,"version":{"name":"white","url":"http://pokeapi.co/api/v2/version/18/"}},{"rarity":1,"version":{"name":"black","url":"http://pokeapi.co/api/v2/version/17/"}}]}],"baby_trigger_for":null}