{"id":344,"name":"tm40","cost":3000,"fling_power":null,"fling_effect":null,"attributes":[],"category":{"name":"all-machines","url":"http://pokeapi.co/api/v2/item-category/37/"},"effect_entries":[{"effect":"Teaches Aerial Ace to a compatible Pokémon.","short_effect":"Teaches Aerial Ace to a compatible Pokémon. (Gen II: Defense Curl Gen I: Skull Bash)","language":{"name":"en","url":"http://pokeapi.co/api/v2/language/9/"}}],"flavor_text_entries":[{"text":"素早い　動きで\n相手を　ほんろうして　切りつける。\n攻撃は　必ず　命中する。","version_group":{"name":"x-y","url":"http://pokeapi.co/api/v2/version-group/15/"},"language":{"name":"ja-kanji","url":"http://pokeapi.co/api/v2/language/11/"}},{"text":"The user confounds the target with\nspeed, then slashes.\nThis attack never misses.","version_group":{"name":"x-y","url":"http://pokeapi.co/api/v2/version-group/15/"},"language":{"name":"en","url":"http://pokeapi.co/api/v2/language/9/"}},{"text":"Chi la usa attacca il nemico a grande velocità.\nQuesta mossa è infallibile.","version_group":{"name":"x-y","url":"http://pokeapi.co/api/v2/version-group/15/"},"language":{"name":"it","url":"http://pokeapi.co/api/v2/language/8/"}},{"text":"Quien lo usa ataca con una descarga eléctrica y\npuede utilizar la electricidad restante para subir\nsu Ataque Especial.","version_group":{"name":"x-y","url":"http://pokeapi.co/api/v2/version-group/15/"},"language":{"name":"es","url":"http://pokeapi.co/api/v2/language/7/"}},{"text":"Der Anwender irritiert das Ziel durch\nSchnelligkeit, bevor er angreift.\nDiese Attacke trifft ihr Ziel immer.","version_group":{"name":"x-y","url":"http://pokeapi.co/api/v2/version-group/15/"},"language":{"name":"de","url":"http://pokeapi.co/api/v2/language/6/"}},{"text":"Le lanceur prend l’ennemi de vitesse et le lacère.\nN’échoue jamais.","version_group":{"name":"x-y","url":"http://pokeapi.co/api/v2/version-group/15/"},"language":{"name":"fr","url":"http://pokeapi.co/api/v2/language/5/"}},{"text":"재빠른 움직임으로\n상대를 농락해 벤다.\n공격은 반드시 명중한다.","version_group":{"name":"x-y","url":"http://pokeapi.co/api/v2/version-group/15/"},"language":{"name":"ko","url":"http://pokeapi.co/api/v2/language/3/"}},{"text":"すばやい　うごきで　ほんろうする。\nこうげきは　かならず　あいてに\nめいちゅうする。","version_group":{"name":"x-y","url":"http://pokeapi.co/api/v2/version-group/15/"},"language":{"name":"ja","url":"http://pokeapi.co/api/v2/language/1/"}},{"text":"The user confounds the target\nwith speed, then slashes.\nThe attack lands without fail.","version_group":{"name":"black-2-white-2","url":"http://pokeapi.co/api/v2/version-group/14/"},"language":{"name":"en","url":"http://pokeapi.co/api/v2/language/9/"}},{"text":"The user confounds the target\nwith speed, then slashes.\nThe attack lands without fail.","version_group":{"name":"black-white","url":"http://pokeapi.co/api/v2/version-group/11/"},"language":{"name":"en","url":"http://pokeapi.co/api/v2/language/9/"}},{"text":"Le lanceur prend l’ennemi de vitesse\net le lacère. N’échoue jamais.","version_group":{"name":"black-white","url":"http://pokeapi.co/api/v2/version-group/11/"},"language":{"name":"fr","url":"http://pokeapi.co/api/v2/language/5/"}},{"text":"The user confounds the foe with speed,\nthen strikes. The attack lands without\nfail.","version_group":{"name":"heartgold-soulsilver","url":"http://pokeapi.co/api/v2/version-group/10/"},"language":{"name":"en","url":"http://pokeapi.co/api/v2/language/9/"}},{"text":"The user confounds the foe with speed,\nthen strikes. The attack lands without\nfail.","version_group":{"name":"platinum","url":"http://pokeapi.co/api/v2/version-group/9/"},"language":{"name":"en","url":"http://pokeapi.co/api/v2/language/9/"}},{"text":"The user confounds the foe with speed,\nthen strikes. The attack lands without\nfail.","version_group":{"name":"diamond-pearl","url":"http://pokeapi.co/api/v2/version-group/8/"},"language":{"name":"en","url":"http://pokeapi.co/api/v2/language/9/"}},{"text":"An extremely fast\nattack against one\ntarget. It can’t be\nevaded.","version_group":{"name":"firered-leafgreen","url":"http://pokeapi.co/api/v2/version-group/7/"},"language":{"name":"en","url":"http://pokeapi.co/api/v2/language/9/"}},{"text":"An extremely fast\nattack that can’t\nbe avoided.","version_group":{"name":"emerald","url":"http://pokeapi.co/api/v2/version-group/6/"},"language":{"name":"en","url":"http://pokeapi.co/api/v2/language/9/"}},{"text":"An extremely fast\nattack that can’t\nbe avoided.","version_group":{"name":"ruby-sapphire","url":"http://pokeapi.co/api/v2/version-group/5/"},"language":{"name":"en","url":"http://pokeapi.co/api/v2/language/9/"}}],"game_indices":[{"game_index":367,"generation":{"name":"generation-vi","url":"http://pokeapi.co/api/v2/generation/6/"}},{"game_index":367,"generation":{"name":"generation-v","url":"http://pokeapi.co/api/v2/generation/5/"}},{"game_index":367,"generation":{"name":"generation-iv","url":"http://pokeapi.co/api/v2/generation/4/"}},{"game_index":328,"generation":{"name":"generation-iii","url":"http://pokeapi.co/api/v2/generation/3/"}}],"names":[{"name":"TM40","language":{"name":"en","url":"http://pokeapi.co/api/v2/language/9/"}},{"name":"MT40","language":{"name":"it","url":"http://pokeapi.co/api/v2/language/8/"}},{"name":"MT40","language":{"name":"es","url":"http://pokeapi.co/api/v2/language/7/"}},{"name":"TM40","language":{"name":"de","url":"http://pokeapi.co/api/v2/language/6/"}},{"name":"CT40","language":{"name":"fr","url":"http://pokeapi.co/api/v2/language/5/"}},{"name":"기술머신40","language":{"name":"ko","url":"http://pokeapi.co/api/v2/language/3/"}},{"name":"わざマシン４０","language":{"name":"ja","url":"http://pokeapi.co/api/v2/language/1/"}}],"held_by_pokemon":[],"baby_trigger_for":null}