{"id":115,"name":"flame-mail","cost":50,"fling_power":null,"fling_effect":null,"attributes":[],"category":{"name":"all-mail","url":"http://pokeapi.co/api/v2/item-category/25/"},"effect_entries":[{"effect":"Used to send short messages to other players via Pokémon trading.  Trainer may compose a message from a finite list of words when giving this item to a Pokémon.  Once taken and read, a message may be erased and this item can be reused, or the message may be stored in the trainer's PC.\n\nHeld\n:   Holder cannot be placed in the PC.  Any move attempting to remove this item from the holder will fail.","short_effect":"Lets a Trainer write a message and send it via Pokémon trade.","language":{"name":"en","url":"http://pokeapi.co/api/v2/language/9/"}}],"flavor_text_entries":[{"text":"Stationery featuring a print of flames\nin blazing red.\nLet a Pokémon hold it for delivery.","version_group":{"name":"heartgold-soulsilver","url":"http://pokeapi.co/api/v2/version-group/10/"},"language":{"name":"en","url":"http://pokeapi.co/api/v2/language/9/"}},{"text":"Stationery featuring a print of flames\nin blazing red.\nLet a Pokémon hold it for delivery.","version_group":{"name":"platinum","url":"http://pokeapi.co/api/v2/version-group/9/"},"language":{"name":"en","url":"http://pokeapi.co/api/v2/language/9/"}},{"text":"Stationery featuring a print of flames\nin blazing red.\nLet a Pokémon hold it for delivery.","version_group":{"name":"diamond-pearl","url":"http://pokeapi.co/api/v2/version-group/8/"},"language":{"name":"en","url":"http://pokeapi.co/api/v2/language/9/"}}],"game_indices":[{"game_index":138,"generation":{"name":"generation-iv","url":"http://pokeapi.co/api/v2/generation/4/"}}],"names":[{"name":"Flame Mail","language":{"name":"en","url":"http://pokeapi.co/api/v2/language/9/"}},{"name":"Mess. Fiamma","language":{"name":"it","url":"http://pokeapi.co/api/v2/language/8/"}},{"name":"Carta Fuego","language":{"name":"es","url":"http://pokeapi.co/api/v2/language/7/"}},{"name":"Feuerbrief","language":{"name":"de","url":"http://pokeapi.co/api/v2/language/6/"}},{"name":"Lettre Feu","language":{"name":"fr","url":"http://pokeapi.co/api/v2/language/5/"}},{"name":"フレイムメール","language":{"name":"ja","url":"http://pokeapi.co/api/v2/language/1/"}}],"held_by_pokemon":[],"baby_trigger_for":null}