{"id":197,"name":"choice-band","cost":100,"fling_power":10,"fling_effect":null,"attributes":[{"name":"holdable","url":"http://pokeapi.co/api/v2/item-attribute/5/"},{"name":"holdable-active","url":"http://pokeapi.co/api/v2/item-attribute/7/"}],"category":{"name":"choice","url":"http://pokeapi.co/api/v2/item-category/13/"},"effect_entries":[{"effect":"Held in battle\n:   Holder has 1.5× its Attack.  When the holder attempts to use a move, all its other moves are disabled until it leaves battle or loses this item.\n\n    The restriction ends even if this item is swapped for another Choice item\nvia trick or switcheroo.","short_effect":"Held: Increases Attack by 50%, but restricts the holder to only one move.","language":{"name":"en","url":"http://pokeapi.co/api/v2/language/9/"}}],"flavor_text_entries":[{"text":"ちょっと　こだわった　ハチマキ。\n持たせると　攻撃は　あがるが\n同じ　技しか　だせなくなる。","version_group":{"name":"x-y","url":"http://pokeapi.co/api/v2/version-group/15/"},"language":{"name":"ja-kanji","url":"http://pokeapi.co/api/v2/language/11/"}},{"text":"An item to be held by a Pokémon.\nThis curious headband boosts Attack\nbut only allows the use of one move.","version_group":{"name":"x-y","url":"http://pokeapi.co/api/v2/version-group/15/"},"language":{"name":"en","url":"http://pokeapi.co/api/v2/language/9/"}},{"text":"Strumento da dare a un Pokémon.\nQuesta benda aumenta l’Attacco, ma permette\nl’uso di una sola mossa.","version_group":{"name":"x-y","url":"http://pokeapi.co/api/v2/version-group/15/"},"language":{"name":"it","url":"http://pokeapi.co/api/v2/language/8/"}},{"text":"Debe llevarla un Pokémon. La suavidad de la\narena fortalece los movimientos de tipo Tierra.","version_group":{"name":"x-y","url":"http://pokeapi.co/api/v2/version-group/15/"},"language":{"name":"es","url":"http://pokeapi.co/api/v2/language/7/"}},{"text":"Ein Item, das von einem Pokémon getragen\nwerden kann. Es stärkt den Angriffs-Wert,\naber nur eine Attacke ist einsetzbar.","version_group":{"name":"x-y","url":"http://pokeapi.co/api/v2/version-group/15/"},"language":{"name":"de","url":"http://pokeapi.co/api/v2/language/6/"}},{"text":"Objet à tenir. Ce bandeau augmente l’Attaque,\nmais ne permet d’utiliser qu’une seule capacité\npar combat.","version_group":{"name":"x-y","url":"http://pokeapi.co/api/v2/version-group/15/"},"language":{"name":"fr","url":"http://pokeapi.co/api/v2/language/5/"}},{"text":"기술을 구애받는 머리띠.\n지니게 하면 공격은 올라가지만\n똑같은 기술밖에 쓰지 못한다.","version_group":{"name":"x-y","url":"http://pokeapi.co/api/v2/version-group/15/"},"language":{"name":"ko","url":"http://pokeapi.co/api/v2/language/3/"}},{"text":"ちょっと　こだわった　ハチマキ。\nもたせると　こうげきは　あがるが\nおなじ　わざしか　だせなくなる。","version_group":{"name":"x-y","url":"http://pokeapi.co/api/v2/version-group/15/"},"language":{"name":"ja","url":"http://pokeapi.co/api/v2/language/1/"}},{"text":"An item to be held by a Pokémon.\nThis headband ups Attack, but allows\nthe use of only one of its moves.","version_group":{"name":"black-2-white-2","url":"http://pokeapi.co/api/v2/version-group/14/"},"language":{"name":"en","url":"http://pokeapi.co/api/v2/language/9/"}},{"text":"An item to be held by a Pokémon.\nThis headband ups Attack, but allows\nthe use of only one of its moves.","version_group":{"name":"black-white","url":"http://pokeapi.co/api/v2/version-group/11/"},"language":{"name":"en","url":"http://pokeapi.co/api/v2/language/9/"}},{"text":"Objet à tenir. Ce bandeau monte\nl’Attaque, mais ne permet d’utiliser\nqu’une seule capacité par combat.","version_group":{"name":"black-white","url":"http://pokeapi.co/api/v2/version-group/11/"},"language":{"name":"fr","url":"http://pokeapi.co/api/v2/language/5/"}},{"text":"An item to be held by a Pokémon.\nThis headband ups Attack, but allows\nthe use of only one kind of move.","version_group":{"name":"heartgold-soulsilver","url":"http://pokeapi.co/api/v2/version-group/10/"},"language":{"name":"en","url":"http://pokeapi.co/api/v2/language/9/"}},{"text":"An item to be held by a Pokémon.\nThis headband ups Attack, but allows\nthe use of only one kind of move.","version_group":{"name":"platinum","url":"http://pokeapi.co/api/v2/version-group/9/"},"language":{"name":"en","url":"http://pokeapi.co/api/v2/language/9/"}},{"text":"An item to be held by a Pokémon.\nThis headband ups Attack, but allows\nthe use of only one kind of move.","version_group":{"name":"diamond-pearl","url":"http://pokeapi.co/api/v2/version-group/8/"},"language":{"name":"en","url":"http://pokeapi.co/api/v2/language/9/"}},{"text":"An item to be held by a POKéMON.\nIt powers up one move, which\nbecomes the only usable one.","version_group":{"name":"firered-leafgreen","url":"http://pokeapi.co/api/v2/version-group/7/"},"language":{"name":"en","url":"http://pokeapi.co/api/v2/language/9/"}},{"text":"Raises a move’s\npower, but permits\nonly that move.","version_group":{"name":"emerald","url":"http://pokeapi.co/api/v2/version-group/6/"},"language":{"name":"en","url":"http://pokeapi.co/api/v2/language/9/"}},{"text":"Raises a move’s\npower, but permits\nonly that move.","version_group":{"name":"ruby-sapphire","url":"http://pokeapi.co/api/v2/version-group/5/"},"language":{"name":"en","url":"http://pokeapi.co/api/v2/language/9/"}}],"game_indices":[{"game_index":220,"generation":{"name":"generation-vi","url":"http://pokeapi.co/api/v2/generation/6/"}},{"game_index":220,"generation":{"name":"generation-v","url":"http://pokeapi.co/api/v2/generation/5/"}},{"game_index":220,"generation":{"name":"generation-iv","url":"http://pokeapi.co/api/v2/generation/4/"}},{"game_index":186,"generation":{"name":"generation-iii","url":"http://pokeapi.co/api/v2/generation/3/"}}],"names":[{"name":"Choice Band","language":{"name":"en","url":"http://pokeapi.co/api/v2/language/9/"}},{"name":"Bendascelta","language":{"name":"it","url":"http://pokeapi.co/api/v2/language/8/"}},{"name":"Cinta Elegida","language":{"name":"es","url":"http://pokeapi.co/api/v2/language/7/"}},{"name":"Wahlband","language":{"name":"de","url":"http://pokeapi.co/api/v2/language/6/"}},{"name":"Bandeau Choix","language":{"name":"fr","url":"http://pokeapi.co/api/v2/language/5/"}},{"name":"구애머리띠","language":{"name":"ko","url":"http://pokeapi.co/api/v2/language/3/"}},{"name":"こだわりハチマキ","language":{"name":"ja","url":"http://pokeapi.co/api/v2/language/1/"}}],"held_by_pokemon":[],"baby_trigger_for":null}