{"id":31,"name":"soda-pop","cost":300,"fling_power":30,"fling_effect":null,"attributes":[{"name":"countable","url":"http://pokeapi.co/api/v2/item-attribute/1/"},{"name":"consumable","url":"http://pokeapi.co/api/v2/item-attribute/2/"},{"name":"usable-overworld","url":"http://pokeapi.co/api/v2/item-attribute/3/"},{"name":"usable-in-battle","url":"http://pokeapi.co/api/v2/item-attribute/4/"},{"name":"holdable","url":"http://pokeapi.co/api/v2/item-attribute/5/"}],"category":{"name":"healing","url":"http://pokeapi.co/api/v2/item-category/27/"},"effect_entries":[{"effect":"Used on a party Pokémon\n:   Restores 60 HP.","short_effect":"Restores 60 HP.","language":{"name":"en","url":"http://pokeapi.co/api/v2/language/9/"}}],"flavor_text_entries":[{"text":"シュワっと　はじける　ソーダ。\nポケモン　１匹の　ＨＰを\n６０だけ　回復する。","version_group":{"name":"x-y","url":"http://pokeapi.co/api/v2/version-group/15/"},"language":{"name":"ja-kanji","url":"http://pokeapi.co/api/v2/language/11/"}},{"text":"A highly carbonated soda drink.\nWhen consumed, it restores\n60 HP to an injured Pokémon.","version_group":{"name":"x-y","url":"http://pokeapi.co/api/v2/version-group/15/"},"language":{"name":"en","url":"http://pokeapi.co/api/v2/language/9/"}},{"text":"Bevanda frizzante.\nRestituisce 60 PS a un Pokémon.","version_group":{"name":"x-y","url":"http://pokeapi.co/api/v2/version-group/15/"},"language":{"name":"it","url":"http://pokeapi.co/api/v2/language/8/"}},{"text":"Chispeante bebida gaseosa que restaura 60 PS\nde un Pokémon.","version_group":{"name":"x-y","url":"http://pokeapi.co/api/v2/version-group/15/"},"language":{"name":"es","url":"http://pokeapi.co/api/v2/language/7/"}},{"text":"Ein sprudelndes Mineralwasser, das die KP\neines Pokémon um 60 Punkte auffüllt.","version_group":{"name":"x-y","url":"http://pokeapi.co/api/v2/version-group/15/"},"language":{"name":"de","url":"http://pokeapi.co/api/v2/language/6/"}},{"text":"Une boisson pétillante.\nRestaure 60 PV d’un Pokémon.","version_group":{"name":"x-y","url":"http://pokeapi.co/api/v2/version-group/15/"},"language":{"name":"fr","url":"http://pokeapi.co/api/v2/language/5/"}},{"text":"싸하고 톡 쏘는 사이다.\n포켓몬 1마리의 HP를\n60만큼 회복한다.","version_group":{"name":"x-y","url":"http://pokeapi.co/api/v2/version-group/15/"},"language":{"name":"ko","url":"http://pokeapi.co/api/v2/language/3/"}},{"text":"シュワっと　はじける　ソーダ。\nポケモン　１ひきの　ＨＰを\n６０だけ　かいふくする。","version_group":{"name":"x-y","url":"http://pokeapi.co/api/v2/version-group/15/"},"language":{"name":"ja","url":"http://pokeapi.co/api/v2/language/1/"}},{"text":"A fizzy soda drink.\nIt restores the HP of one Pokémon by\n60 points.","version_group":{"name":"black-2-white-2","url":"http://pokeapi.co/api/v2/version-group/14/"},"language":{"name":"en","url":"http://pokeapi.co/api/v2/language/9/"}},{"text":"A fizzy soda drink.\nIt restores the HP of one Pokémon by\n60 points.","version_group":{"name":"black-white","url":"http://pokeapi.co/api/v2/version-group/11/"},"language":{"name":"en","url":"http://pokeapi.co/api/v2/language/9/"}},{"text":"Une boisson pétillante.\nRestaure 60 PV à un Pokémon.","version_group":{"name":"black-white","url":"http://pokeapi.co/api/v2/version-group/11/"},"language":{"name":"fr","url":"http://pokeapi.co/api/v2/language/5/"}},{"text":"A fizzy soda drink.\nIt restores the HP of one Pokémon by\n60 points.","version_group":{"name":"heartgold-soulsilver","url":"http://pokeapi.co/api/v2/version-group/10/"},"language":{"name":"en","url":"http://pokeapi.co/api/v2/language/9/"}},{"text":"A fizzy soda drink.\nIt restores the HP of one Pokémon by\n60 points.","version_group":{"name":"platinum","url":"http://pokeapi.co/api/v2/version-group/9/"},"language":{"name":"en","url":"http://pokeapi.co/api/v2/language/9/"}},{"text":"A fizzy soda drink.\nIt restores the HP of one Pokémon by\n60 points.","version_group":{"name":"diamond-pearl","url":"http://pokeapi.co/api/v2/version-group/8/"},"language":{"name":"en","url":"http://pokeapi.co/api/v2/language/9/"}},{"text":"A fizzy soda drink.\nIt restores the HP of one POKéMON\nby 60 points.","version_group":{"name":"firered-leafgreen","url":"http://pokeapi.co/api/v2/version-group/7/"},"language":{"name":"en","url":"http://pokeapi.co/api/v2/language/9/"}},{"text":"A fizzy soda drink\nthat restores HP\nby 60 points.","version_group":{"name":"emerald","url":"http://pokeapi.co/api/v2/version-group/6/"},"language":{"name":"en","url":"http://pokeapi.co/api/v2/language/9/"}},{"text":"A fizzy soda drink\nthat restores HP\nby 60 points.","version_group":{"name":"ruby-sapphire","url":"http://pokeapi.co/api/v2/version-group/5/"},"language":{"name":"en","url":"http://pokeapi.co/api/v2/language/9/"}}],"game_indices":[{"game_index":31,"generation":{"name":"generation-vi","url":"http://pokeapi.co/api/v2/generation/6/"}},{"game_index":31,"generation":{"name":"generation-v","url":"http://pokeapi.co/api/v2/generation/5/"}},{"game_index":31,"generation":{"name":"generation-iv","url":"http://pokeapi.co/api/v2/generation/4/"}},{"game_index":27,"generation":{"name":"generation-iii","url":"http://pokeapi.co/api/v2/generation/3/"}}],"names":[{"name":"Soda Pop","language":{"name":"en","url":"http://pokeapi.co/api/v2/language/9/"}},{"name":"Gassosa","language":{"name":"it","url":"http://pokeapi.co/api/v2/language/8/"}},{"name":"Refresco","language":{"name":"es","url":"http://pokeapi.co/api/v2/language/7/"}},{"name":"Sprudel","language":{"name":"de","url":"http://pokeapi.co/api/v2/language/6/"}},{"name":"Soda Cool","language":{"name":"fr","url":"http://pokeapi.co/api/v2/language/5/"}},{"name":"미네랄사이다","language":{"name":"ko","url":"http://pokeapi.co/api/v2/language/3/"}},{"name":"サイコソーダ","language":{"name":"ja","url":"http://pokeapi.co/api/v2/language/1/"}}],"held_by_pokemon":[],"baby_trigger_for":null}