{"id":112,"name":"adamant-orb","cost":10000,"fling_power":60,"fling_effect":null,"attributes":[{"name":"holdable","url":"http://pokeapi.co/api/v2/item-attribute/5/"}],"category":{"name":"species-specific","url":"http://pokeapi.co/api/v2/item-category/18/"},"effect_entries":[{"effect":"Held by dialga\n:   Holder's dragon- and steel-type moves have 1.2× their usual power.","short_effect":"Boosts the damage from Dialga's Dragon-type and Steel-type moves by 20%.","language":{"name":"en","url":"http://pokeapi.co/api/v2/language/9/"}}],"flavor_text_entries":[{"text":"ディアルガに　持たせると　ドラゴンと\nはがねタイプの　技の　威力が\nあがる　光り　輝く　珠。","version_group":{"name":"x-y","url":"http://pokeapi.co/api/v2/version-group/15/"},"language":{"name":"ja-kanji","url":"http://pokeapi.co/api/v2/language/11/"}},{"text":"A brightly gleaming orb to be held by\nDialga. It boosts the power of Dragon-​\nand Steel-type moves when it is held.","version_group":{"name":"x-y","url":"http://pokeapi.co/api/v2/version-group/15/"},"language":{"name":"en","url":"http://pokeapi.co/api/v2/language/9/"}},{"text":"Sfera molto luminosa da dare a Dialga.\nPotenzia le mosse di tipo Drago e Acciaio.","version_group":{"name":"x-y","url":"http://pokeapi.co/api/v2/version-group/15/"},"language":{"name":"it","url":"http://pokeapi.co/api/v2/language/8/"}},{"text":"Los Pokémon pueden llevarla o usarla para\ncurarse las quemaduras.","version_group":{"name":"x-y","url":"http://pokeapi.co/api/v2/version-group/15/"},"language":{"name":"es","url":"http://pokeapi.co/api/v2/language/7/"}},{"text":"Ein hell leuchtender Orb. Verstärkt Attacken vom\nTyp Drache und Stahl, wenn Dialga ihn trägt.","version_group":{"name":"x-y","url":"http://pokeapi.co/api/v2/version-group/15/"},"language":{"name":"de","url":"http://pokeapi.co/api/v2/language/6/"}},{"text":"Un orbe très brillant destiné à Dialga.\nAugmente la puissance des capacités de type\nDragon et Acier.","version_group":{"name":"x-y","url":"http://pokeapi.co/api/v2/version-group/15/"},"language":{"name":"fr","url":"http://pokeapi.co/api/v2/language/5/"}},{"text":"디아루가에게 지니게 하면 드래곤과\n강철타입 기술의 위력이 올라가는\n반짝반짝 빛나는 구슬.","version_group":{"name":"x-y","url":"http://pokeapi.co/api/v2/version-group/15/"},"language":{"name":"ko","url":"http://pokeapi.co/api/v2/language/3/"}},{"text":"ディアルガに　もたせると　ドラゴンと\nはがねタイプの　わざの　いりょくが\nあがる　ひかり　かがやく　たま。","version_group":{"name":"x-y","url":"http://pokeapi.co/api/v2/version-group/15/"},"language":{"name":"ja","url":"http://pokeapi.co/api/v2/language/1/"}},{"text":"A brightly gleaming orb to be held by\nDialga. It boosts the power of Dragon-​\nand Steel-type moves.","version_group":{"name":"black-2-white-2","url":"http://pokeapi.co/api/v2/version-group/14/"},"language":{"name":"en","url":"http://pokeapi.co/api/v2/language/9/"}},{"text":"A brightly gleaming orb to be held by\nDialga. It boosts the power of Dragon-​\nand Steel-type moves.","version_group":{"name":"black-white","url":"http://pokeapi.co/api/v2/version-group/11/"},"language":{"name":"en","url":"http://pokeapi.co/api/v2/language/9/"}},{"text":"Orbe très brillant destiné à Dialga.\nAugmente la puissance des capacités\nde type Dragon et Acier.","version_group":{"name":"black-white","url":"http://pokeapi.co/api/v2/version-group/11/"},"language":{"name":"fr","url":"http://pokeapi.co/api/v2/language/5/"}},{"text":"A brightly gleaming orb to be held by\nDIALGA. It boosts the power of Dragon-​\nand Steel-type moves.","version_group":{"name":"heartgold-soulsilver","url":"http://pokeapi.co/api/v2/version-group/10/"},"language":{"name":"en","url":"http://pokeapi.co/api/v2/language/9/"}},{"text":"A brightly gleaming orb to be held by\nDIALGA. It boosts the power of Dragon-​\nand Steel-type moves.","version_group":{"name":"platinum","url":"http://pokeapi.co/api/v2/version-group/9/"},"language":{"name":"en","url":"http://pokeapi.co/api/v2/language/9/"}},{"text":"A brightly gleaming orb to be held by\nDIALGA. It boosts the power of Dragon-​\nand Steel-type moves.","version_group":{"name":"diamond-pearl","url":"http://pokeapi.co/api/v2/version-group/8/"},"language":{"name":"en","url":"http://pokeapi.co/api/v2/language/9/"}}],"game_indices":[{"game_index":135,"generation":{"name":"generation-vi","url":"http://pokeapi.co/api/v2/generation/6/"}},{"game_index":135,"generation":{"name":"generation-v","url":"http://pokeapi.co/api/v2/generation/5/"}},{"game_index":135,"generation":{"name":"generation-iv","url":"http://pokeapi.co/api/v2/generation/4/"}}],"names":[{"name":"Adamant Orb","language":{"name":"en","url":"http://pokeapi.co/api/v2/language/9/"}},{"name":"Adamasfera","language":{"name":"it","url":"http://pokeapi.co/api/v2/language/8/"}},{"name":"Diamansfera","language":{"name":"es","url":"http://pokeapi.co/api/v2/language/7/"}},{"name":"Adamant-Orb","language":{"name":"de","url":"http://pokeapi.co/api/v2/language/6/"}},{"name":"Orbe Adamant","language":{"name":"fr","url":"http://pokeapi.co/api/v2/language/5/"}},{"name":"금강옥","language":{"name":"ko","url":"http://pokeapi.co/api/v2/language/3/"}},{"name":"こんごうだま","language":{"name":"ja","url":"http://pokeapi.co/api/v2/language/1/"}}],"held_by_pokemon":[],"baby_trigger_for":null}