{"id":333,"name":"tm29","cost":3000,"fling_power":null,"fling_effect":null,"attributes":[],"category":{"name":"all-machines","url":"http://pokeapi.co/api/v2/item-category/37/"},"effect_entries":[{"effect":"Teaches Psychic to a compatible Pokémon.","short_effect":"Teaches Psychic to a compatible Pokémon.","language":{"name":"en","url":"http://pokeapi.co/api/v2/language/9/"}}],"flavor_text_entries":[{"text":"強い　念力を　相手に　送って\n攻撃する。相手の　特防を\nさげることが　ある。","version_group":{"name":"x-y","url":"http://pokeapi.co/api/v2/version-group/15/"},"language":{"name":"ja-kanji","url":"http://pokeapi.co/api/v2/language/11/"}},{"text":"The target is hit by a strong telekinetic\nforce. This may also lower the target’s\nSp. Def stat.","version_group":{"name":"x-y","url":"http://pokeapi.co/api/v2/version-group/15/"},"language":{"name":"en","url":"http://pokeapi.co/api/v2/language/9/"}},{"text":"Il nemico viene colpito da una potente forza\ntelecinetica che può anche ridurne la Difesa\nSpeciale.","version_group":{"name":"x-y","url":"http://pokeapi.co/api/v2/version-group/15/"},"language":{"name":"it","url":"http://pokeapi.co/api/v2/language/8/"}},{"text":"Quien lo usa ataca y roba el objeto que lleva su\nobjetivo simultáneamente. Si ya lleva un objeto,\nno podrá robar.","version_group":{"name":"x-y","url":"http://pokeapi.co/api/v2/version-group/15/"},"language":{"name":"es","url":"http://pokeapi.co/api/v2/language/7/"}},{"text":"Ein mächtiger Strahl telekinetischer Energie trifft\ndas Ziel. Die Spezial-Verteidigung des Zieles\nsinkt eventuell.","version_group":{"name":"x-y","url":"http://pokeapi.co/api/v2/version-group/15/"},"language":{"name":"de","url":"http://pokeapi.co/api/v2/language/6/"}},{"text":"Une puissante force télékinésique frappe\nl’ennemi. Peut aussi faire baisser sa Défense\nSpéciale.","version_group":{"name":"x-y","url":"http://pokeapi.co/api/v2/version-group/15/"},"language":{"name":"fr","url":"http://pokeapi.co/api/v2/language/5/"}},{"text":"강한 염동력을 상대에게 보내어\n공격한다. 상대의 특수방어를\n떨어뜨릴 때가 있다.","version_group":{"name":"x-y","url":"http://pokeapi.co/api/v2/version-group/15/"},"language":{"name":"ko","url":"http://pokeapi.co/api/v2/language/3/"}},{"text":"つよい　ねんりきを　おくって\nこうげきする。　あいての　とくぼうを\nさげることが　ある。","version_group":{"name":"x-y","url":"http://pokeapi.co/api/v2/version-group/15/"},"language":{"name":"ja","url":"http://pokeapi.co/api/v2/language/1/"}},{"text":"The target is hit by a strong\ntelekinetic force. It may also reduce\nthe target’s Sp. Def stat.","version_group":{"name":"black-2-white-2","url":"http://pokeapi.co/api/v2/version-group/14/"},"language":{"name":"en","url":"http://pokeapi.co/api/v2/language/9/"}},{"text":"The target is hit by a strong\ntelekinetic force. It may also reduce\nthe target’s Sp. Def stat.","version_group":{"name":"black-white","url":"http://pokeapi.co/api/v2/version-group/11/"},"language":{"name":"en","url":"http://pokeapi.co/api/v2/language/9/"}},{"text":"Une puissante force télékinésique\nfrappe l’ennemi. Peut aussi faire\nbaisser sa Défense Spéciale.","version_group":{"name":"black-white","url":"http://pokeapi.co/api/v2/version-group/11/"},"language":{"name":"fr","url":"http://pokeapi.co/api/v2/language/5/"}},{"text":"The foe is hit by a strong telekinetic\nforce. It may also reduce the foe’s\nSp. Def stat.","version_group":{"name":"heartgold-soulsilver","url":"http://pokeapi.co/api/v2/version-group/10/"},"language":{"name":"en","url":"http://pokeapi.co/api/v2/language/9/"}},{"text":"The foe is hit by a strong telekinetic\nforce. It may also reduce the foe’s\nSp. Def stat.","version_group":{"name":"platinum","url":"http://pokeapi.co/api/v2/version-group/9/"},"language":{"name":"en","url":"http://pokeapi.co/api/v2/language/9/"}},{"text":"The foe is hit by a strong telekinetic\nforce. It may also reduce the foe’s\nSp. Def stat.","version_group":{"name":"diamond-pearl","url":"http://pokeapi.co/api/v2/version-group/8/"},"language":{"name":"en","url":"http://pokeapi.co/api/v2/language/9/"}},{"text":"A strong telekinetic\nattack. It may also\nlower the foe’s\nSP. DEF stat.","version_group":{"name":"firered-leafgreen","url":"http://pokeapi.co/api/v2/version-group/7/"},"language":{"name":"en","url":"http://pokeapi.co/api/v2/language/9/"}},{"text":"A powerful psychic\nattack that may\nlower SP. DEF.","version_group":{"name":"emerald","url":"http://pokeapi.co/api/v2/version-group/6/"},"language":{"name":"en","url":"http://pokeapi.co/api/v2/language/9/"}},{"text":"A powerful psychic\nattack that may\nlower SP. DEF.","version_group":{"name":"ruby-sapphire","url":"http://pokeapi.co/api/v2/version-group/5/"},"language":{"name":"en","url":"http://pokeapi.co/api/v2/language/9/"}}],"game_indices":[{"game_index":356,"generation":{"name":"generation-vi","url":"http://pokeapi.co/api/v2/generation/6/"}},{"game_index":356,"generation":{"name":"generation-v","url":"http://pokeapi.co/api/v2/generation/5/"}},{"game_index":356,"generation":{"name":"generation-iv","url":"http://pokeapi.co/api/v2/generation/4/"}},{"game_index":317,"generation":{"name":"generation-iii","url":"http://pokeapi.co/api/v2/generation/3/"}}],"names":[{"name":"TM29","language":{"name":"en","url":"http://pokeapi.co/api/v2/language/9/"}},{"name":"MT29","language":{"name":"it","url":"http://pokeapi.co/api/v2/language/8/"}},{"name":"MT29","language":{"name":"es","url":"http://pokeapi.co/api/v2/language/7/"}},{"name":"TM29","language":{"name":"de","url":"http://pokeapi.co/api/v2/language/6/"}},{"name":"CT29","language":{"name":"fr","url":"http://pokeapi.co/api/v2/language/5/"}},{"name":"기술머신29","language":{"name":"ko","url":"http://pokeapi.co/api/v2/language/3/"}},{"name":"わざマシン２９","language":{"name":"ja","url":"http://pokeapi.co/api/v2/language/1/"}}],"held_by_pokemon":[],"baby_trigger_for":null}