{"id":229,"name":"up-grade","cost":2100,"fling_power":30,"fling_effect":null,"attributes":[],"category":{"name":"evolution","url":"http://pokeapi.co/api/v2/item-category/10/"},"effect_entries":[{"effect":"Held by Porygon: Evolves the holder into Porygon2 when traded.","short_effect":"Traded on a Porygon: Holder evolves into Porygon2.","language":{"name":"en","url":"http://pokeapi.co/api/v2/language/9/"}}],"flavor_text_entries":[{"text":"中に　いろんな　情報が\nつまった　透明な　機械。\nシルフ　カンパニー製。","version_group":{"name":"x-y","url":"http://pokeapi.co/api/v2/version-group/15/"},"language":{"name":"ja-kanji","url":"http://pokeapi.co/api/v2/language/11/"}},{"text":"A transparent device somehow\nfilled with all sorts of data.\nIt was produced by Silph Co.","version_group":{"name":"x-y","url":"http://pokeapi.co/api/v2/version-group/15/"},"language":{"name":"en","url":"http://pokeapi.co/api/v2/language/9/"}},{"text":"Apparecchio trasparente pieno zeppo di dati\ndi ogni tipo. È un prodotto della Silph SpA.","version_group":{"name":"x-y","url":"http://pokeapi.co/api/v2/version-group/15/"},"language":{"name":"it","url":"http://pokeapi.co/api/v2/language/8/"}},{"text":"Prolonga la duración de barreras como Reflejo y\nPantalla de Luz. Debe llevarla un Pokémon.","version_group":{"name":"x-y","url":"http://pokeapi.co/api/v2/version-group/15/"},"language":{"name":"es","url":"http://pokeapi.co/api/v2/language/7/"}},{"text":"Ein durchsichtiges Gerät. Es enthält alle\nmöglichen Daten. Hergestellt von Silph Co.","version_group":{"name":"x-y","url":"http://pokeapi.co/api/v2/version-group/15/"},"language":{"name":"de","url":"http://pokeapi.co/api/v2/language/6/"}},{"text":"Un dispositif transparent rempli de données\ndiverses et variées. Fabriqué par la Sylphe SARL.","version_group":{"name":"x-y","url":"http://pokeapi.co/api/v2/version-group/15/"},"language":{"name":"fr","url":"http://pokeapi.co/api/v2/language/5/"}},{"text":"안에 여러 가지 정보가\n가득한 투명한 기계다.\n실프주식회사 제품.","version_group":{"name":"x-y","url":"http://pokeapi.co/api/v2/version-group/15/"},"language":{"name":"ko","url":"http://pokeapi.co/api/v2/language/3/"}},{"text":"なかに　いろんな　じょうほうが\nつまった　とうめいな　きかい。\nシルフ　カンパニーせい。","version_group":{"name":"x-y","url":"http://pokeapi.co/api/v2/version-group/15/"},"language":{"name":"ja","url":"http://pokeapi.co/api/v2/language/1/"}},{"text":"A transparent device filled with all\nsorts of data.\nIt was produced by Silph Co.","version_group":{"name":"black-2-white-2","url":"http://pokeapi.co/api/v2/version-group/14/"},"language":{"name":"en","url":"http://pokeapi.co/api/v2/language/9/"}},{"text":"A transparent device filled with all\nsorts of data.\nIt was produced by Silph Co.","version_group":{"name":"black-white","url":"http://pokeapi.co/api/v2/version-group/11/"},"language":{"name":"en","url":"http://pokeapi.co/api/v2/language/9/"}},{"text":"Dispositif transparent rempli de\ndonnées diverses et variées.\nFabriqué par la Sylphe SARL.","version_group":{"name":"black-white","url":"http://pokeapi.co/api/v2/version-group/11/"},"language":{"name":"fr","url":"http://pokeapi.co/api/v2/language/5/"}},{"text":"A transparent device filled with all\nsorts of data.\nIt was produced by Silph Co.","version_group":{"name":"heartgold-soulsilver","url":"http://pokeapi.co/api/v2/version-group/10/"},"language":{"name":"en","url":"http://pokeapi.co/api/v2/language/9/"}},{"text":"A transparent device filled with all\nsorts of data.\nIt was produced by Silph Co.","version_group":{"name":"platinum","url":"http://pokeapi.co/api/v2/version-group/9/"},"language":{"name":"en","url":"http://pokeapi.co/api/v2/language/9/"}},{"text":"A transparent device filled with all\nsorts of data.\nIt was produced by Silph Co.","version_group":{"name":"diamond-pearl","url":"http://pokeapi.co/api/v2/version-group/8/"},"language":{"name":"en","url":"http://pokeapi.co/api/v2/language/9/"}},{"text":"A transparent device filled with all\nsorts of data.\nIt is made by SILPH CO.","version_group":{"name":"firered-leafgreen","url":"http://pokeapi.co/api/v2/version-group/7/"},"language":{"name":"en","url":"http://pokeapi.co/api/v2/language/9/"}},{"text":"A peculiar box made\nby SILPH CO.","version_group":{"name":"emerald","url":"http://pokeapi.co/api/v2/version-group/6/"},"language":{"name":"en","url":"http://pokeapi.co/api/v2/language/9/"}},{"text":"A peculiar box made\nby SILPH CO.","version_group":{"name":"ruby-sapphire","url":"http://pokeapi.co/api/v2/version-group/5/"},"language":{"name":"en","url":"http://pokeapi.co/api/v2/language/9/"}}],"game_indices":[{"game_index":252,"generation":{"name":"generation-vi","url":"http://pokeapi.co/api/v2/generation/6/"}},{"game_index":252,"generation":{"name":"generation-v","url":"http://pokeapi.co/api/v2/generation/5/"}},{"game_index":252,"generation":{"name":"generation-iv","url":"http://pokeapi.co/api/v2/generation/4/"}},{"game_index":218,"generation":{"name":"generation-iii","url":"http://pokeapi.co/api/v2/generation/3/"}}],"names":[{"name":"Up-Grade","language":{"name":"en","url":"http://pokeapi.co/api/v2/language/9/"}},{"name":"Upgrade","language":{"name":"it","url":"http://pokeapi.co/api/v2/language/8/"}},{"name":"Mejora","language":{"name":"es","url":"http://pokeapi.co/api/v2/language/7/"}},{"name":"Up-Grade","language":{"name":"de","url":"http://pokeapi.co/api/v2/language/6/"}},{"name":"Améliorator","language":{"name":"fr","url":"http://pokeapi.co/api/v2/language/5/"}},{"name":"업그레이드","language":{"name":"ko","url":"http://pokeapi.co/api/v2/language/3/"}},{"name":"アップグレード","language":{"name":"ja","url":"http://pokeapi.co/api/v2/language/1/"}}],"held_by_pokemon":[{"pokemon":{"name":"porygon2","url":"http://pokeapi.co/api/v2/pokemon/233/"},"version_details":[{"rarity":100,"version":{"name":"leafgreen","url":"http://pokeapi.co/api/v2/version/11/"}},{"rarity":100,"version":{"name":"firered","url":"http://pokeapi.co/api/v2/version/10/"}}]}],"baby_trigger_for":null}