{"id":350,"name":"tm46","cost":2000,"fling_power":null,"fling_effect":null,"attributes":[],"category":{"name":"all-machines","url":"http://pokeapi.co/api/v2/item-category/37/"},"effect_entries":[{"effect":"Teaches Thief to a compatible Pokémon.","short_effect":"Teaches Thief to a compatible Pokémon. (Gen I: Psywave)","language":{"name":"en","url":"http://pokeapi.co/api/v2/language/9/"}}],"flavor_text_entries":[{"text":"攻撃と　同時に　道具を　盗む。\n自分が　道具を　持っている　場合は\n盗めない。","version_group":{"name":"x-y","url":"http://pokeapi.co/api/v2/version-group/15/"},"language":{"name":"ja-kanji","url":"http://pokeapi.co/api/v2/language/11/"}},{"text":"The user attacks and steals the target’s\nheld item simultaneously. The user can’t\nsteal anything if it already holds an item.","version_group":{"name":"x-y","url":"http://pokeapi.co/api/v2/version-group/15/"},"language":{"name":"en","url":"http://pokeapi.co/api/v2/language/9/"}},{"text":"Chi la usa attacca il bersaglio e può rubargli\nlo strumento, se non ne ha già uno.","version_group":{"name":"x-y","url":"http://pokeapi.co/api/v2/version-group/15/"},"language":{"name":"it","url":"http://pokeapi.co/api/v2/language/8/"}},{"text":"Impide que el objetivo utilice el objeto que lleve\ny que su Entrenador use objetos sobre él.","version_group":{"name":"x-y","url":"http://pokeapi.co/api/v2/version-group/15/"},"language":{"name":"es","url":"http://pokeapi.co/api/v2/language/7/"}},{"text":"Der Anwender greift an und stiehlt dem Ziel\ngleichzeitig ein Item, sofern er selbst gerade\nkein Item trägt.","version_group":{"name":"x-y","url":"http://pokeapi.co/api/v2/version-group/15/"},"language":{"name":"de","url":"http://pokeapi.co/api/v2/language/6/"}},{"text":"Le lanceur attaque la cible et vole son objet.\nLe lanceur ne peut rien voler s’il tient déjà\nun objet.","version_group":{"name":"x-y","url":"http://pokeapi.co/api/v2/version-group/15/"},"language":{"name":"fr","url":"http://pokeapi.co/api/v2/language/5/"}},{"text":"공격과 동시에 도구를 훔친다.\n자신이 도구를 지니고 있을 경우에는\n훔칠 수 없다.","version_group":{"name":"x-y","url":"http://pokeapi.co/api/v2/version-group/15/"},"language":{"name":"ko","url":"http://pokeapi.co/api/v2/language/3/"}},{"text":"こうげきと　どうじに　もちものを\nぬすむ。　じぶんに　もちものが\nあると　しっぱいする。","version_group":{"name":"x-y","url":"http://pokeapi.co/api/v2/version-group/15/"},"language":{"name":"ja","url":"http://pokeapi.co/api/v2/language/1/"}},{"text":"The user attacks and steals the\ntarget’s held item simultaneously. It\ncan’t steal if the user holds an item.","version_group":{"name":"black-2-white-2","url":"http://pokeapi.co/api/v2/version-group/14/"},"language":{"name":"en","url":"http://pokeapi.co/api/v2/language/9/"}},{"text":"The user attacks and steals the\ntarget’s held item simultaneously. It\ncan’t steal if the user holds an item.","version_group":{"name":"black-white","url":"http://pokeapi.co/api/v2/version-group/11/"},"language":{"name":"en","url":"http://pokeapi.co/api/v2/language/9/"}},{"text":"Le lanceur attaque la cible et vole\nson objet. Le lanceur ne peut rien\nvoler s’il tient déjà un objet.","version_group":{"name":"black-white","url":"http://pokeapi.co/api/v2/version-group/11/"},"language":{"name":"fr","url":"http://pokeapi.co/api/v2/language/5/"}},{"text":"The user attacks and steals the foe’s\nheld item simultaneously. It can’t\nsteal if the user holds an item.","version_group":{"name":"heartgold-soulsilver","url":"http://pokeapi.co/api/v2/version-group/10/"},"language":{"name":"en","url":"http://pokeapi.co/api/v2/language/9/"}},{"text":"The user attacks and steals the foe’s\nheld item simultaneously. It can’t\nsteal if the user holds an item.","version_group":{"name":"platinum","url":"http://pokeapi.co/api/v2/version-group/9/"},"language":{"name":"en","url":"http://pokeapi.co/api/v2/language/9/"}},{"text":"The user attacks and steals the foe’s\nheld item simultaneously. It can’t\nsteal if the user holds an item.","version_group":{"name":"diamond-pearl","url":"http://pokeapi.co/api/v2/version-group/8/"},"language":{"name":"en","url":"http://pokeapi.co/api/v2/language/9/"}},{"text":"An attack that may\ntake the foe’s held\nitem if the user\nisn’t holding one.","version_group":{"name":"firered-leafgreen","url":"http://pokeapi.co/api/v2/version-group/7/"},"language":{"name":"en","url":"http://pokeapi.co/api/v2/language/9/"}},{"text":"While attacking,\nit may steal the\nfoe’s held item.","version_group":{"name":"emerald","url":"http://pokeapi.co/api/v2/version-group/6/"},"language":{"name":"en","url":"http://pokeapi.co/api/v2/language/9/"}},{"text":"While attacking,\nit may steal the\nfoe’s held item.","version_group":{"name":"ruby-sapphire","url":"http://pokeapi.co/api/v2/version-group/5/"},"language":{"name":"en","url":"http://pokeapi.co/api/v2/language/9/"}}],"game_indices":[{"game_index":373,"generation":{"name":"generation-vi","url":"http://pokeapi.co/api/v2/generation/6/"}},{"game_index":373,"generation":{"name":"generation-v","url":"http://pokeapi.co/api/v2/generation/5/"}},{"game_index":373,"generation":{"name":"generation-iv","url":"http://pokeapi.co/api/v2/generation/4/"}},{"game_index":334,"generation":{"name":"generation-iii","url":"http://pokeapi.co/api/v2/generation/3/"}}],"names":[{"name":"TM46","language":{"name":"en","url":"http://pokeapi.co/api/v2/language/9/"}},{"name":"MT46","language":{"name":"it","url":"http://pokeapi.co/api/v2/language/8/"}},{"name":"MT46","language":{"name":"es","url":"http://pokeapi.co/api/v2/language/7/"}},{"name":"TM46","language":{"name":"de","url":"http://pokeapi.co/api/v2/language/6/"}},{"name":"CT46","language":{"name":"fr","url":"http://pokeapi.co/api/v2/language/5/"}},{"name":"기술머신46","language":{"name":"ko","url":"http://pokeapi.co/api/v2/language/3/"}},{"name":"わざマシン４６","language":{"name":"ja","url":"http://pokeapi.co/api/v2/language/1/"}}],"held_by_pokemon":[],"baby_trigger_for":null}