{"id":343,"name":"tm39","cost":2000,"fling_power":null,"fling_effect":null,"attributes":[],"category":{"name":"all-machines","url":"http://pokeapi.co/api/v2/item-category/37/"},"effect_entries":[{"effect":"Teaches Rock Tomb to a compatible Pokémon.","short_effect":"Teaches Rock Tomb to a compatible Pokémon. (Gen II & I: Swift)","language":{"name":"en","url":"http://pokeapi.co/api/v2/language/9/"}}],"flavor_text_entries":[{"text":"岩石を　投げつけて　攻撃する。\n相手の　動きを　封じることで\n素早さを　さげる。","version_group":{"name":"x-y","url":"http://pokeapi.co/api/v2/version-group/15/"},"language":{"name":"ja-kanji","url":"http://pokeapi.co/api/v2/language/11/"}},{"text":"Boulders are hurled at the target.\nThis also lowers the target’s Speed\nstat by preventing its movement.","version_group":{"name":"x-y","url":"http://pokeapi.co/api/v2/version-group/15/"},"language":{"name":"en","url":"http://pokeapi.co/api/v2/language/9/"}},{"text":"Colpisce il nemico con rocce. Inoltre, lo rallenta\nriducendone la Velocità.","version_group":{"name":"x-y","url":"http://pokeapi.co/api/v2/version-group/15/"},"language":{"name":"it","url":"http://pokeapi.co/api/v2/language/8/"}},{"text":"El usuario ataca al objetivo arrojando el objeto\nque lleve. La potencia y los efectos dependen\ndel objeto arrojado.","version_group":{"name":"x-y","url":"http://pokeapi.co/api/v2/version-group/15/"},"language":{"name":"es","url":"http://pokeapi.co/api/v2/language/7/"}},{"text":"Das Ziel wird mit Felsen beworfen.\nSenkt den Initiative-Wert des Zieles.","version_group":{"name":"x-y","url":"http://pokeapi.co/api/v2/version-group/15/"},"language":{"name":"de","url":"http://pokeapi.co/api/v2/language/6/"}},{"text":"Des rochers frappent l’ennemi.\nRéduit aussi sa Vitesse en l’empêchant de se\ndéplacer.","version_group":{"name":"x-y","url":"http://pokeapi.co/api/v2/version-group/15/"},"language":{"name":"fr","url":"http://pokeapi.co/api/v2/language/5/"}},{"text":"암석을 내던져서 공격한다.\n상대의 움직임을 봉인함으로써\n스피드를 떨어뜨린다.","version_group":{"name":"x-y","url":"http://pokeapi.co/api/v2/version-group/15/"},"language":{"name":"ko","url":"http://pokeapi.co/api/v2/language/3/"}},{"text":"いわを　なげつけ　こうげきする。\nおちた　いわが　うごきを　ふうじて\nあいての　すばやさを　さげる。","version_group":{"name":"x-y","url":"http://pokeapi.co/api/v2/version-group/15/"},"language":{"name":"ja","url":"http://pokeapi.co/api/v2/language/1/"}},{"text":"Boulders are hurled at the target. It\nalso lowers the target’s Speed by\npreventing its movement.","version_group":{"name":"black-2-white-2","url":"http://pokeapi.co/api/v2/version-group/14/"},"language":{"name":"en","url":"http://pokeapi.co/api/v2/language/9/"}},{"text":"Boulders are hurled at the target. It\nalso lowers the target’s Speed by\npreventing its movement.","version_group":{"name":"black-white","url":"http://pokeapi.co/api/v2/version-group/11/"},"language":{"name":"en","url":"http://pokeapi.co/api/v2/language/9/"}},{"text":"Des rochers frappent l’ennemi. Réduit\naussi sa Vitesse en l’empêchant de\nse déplacer.","version_group":{"name":"black-white","url":"http://pokeapi.co/api/v2/version-group/11/"},"language":{"name":"fr","url":"http://pokeapi.co/api/v2/language/5/"}},{"text":"Large boulders are hurled at the foe\nto inflict damage. It lowers the foe’s\nSpeed.","version_group":{"name":"heartgold-soulsilver","url":"http://pokeapi.co/api/v2/version-group/10/"},"language":{"name":"en","url":"http://pokeapi.co/api/v2/language/9/"}},{"text":"Large boulders are hurled at the foe\nto inflict damage. It lowers the foe’s\nSpeed.","version_group":{"name":"platinum","url":"http://pokeapi.co/api/v2/version-group/9/"},"language":{"name":"en","url":"http://pokeapi.co/api/v2/language/9/"}},{"text":"Large boulders are hurled at the foe\nto inflict damage. It may also make the\ntarget flinch.","version_group":{"name":"diamond-pearl","url":"http://pokeapi.co/api/v2/version-group/8/"},"language":{"name":"en","url":"http://pokeapi.co/api/v2/language/9/"}},{"text":"Boulders are hurled\nat the foe. It also\nlowers the foe’s\nSPEED if it hits.","version_group":{"name":"firered-leafgreen","url":"http://pokeapi.co/api/v2/version-group/7/"},"language":{"name":"en","url":"http://pokeapi.co/api/v2/language/9/"}},{"text":"Stops the foe from\nmoving with rocks.\nMay lower SPEED.","version_group":{"name":"emerald","url":"http://pokeapi.co/api/v2/version-group/6/"},"language":{"name":"en","url":"http://pokeapi.co/api/v2/language/9/"}},{"text":"Stops the foe from\nmoving with rocks.\nMay lower SPEED.","version_group":{"name":"ruby-sapphire","url":"http://pokeapi.co/api/v2/version-group/5/"},"language":{"name":"en","url":"http://pokeapi.co/api/v2/language/9/"}}],"game_indices":[{"game_index":366,"generation":{"name":"generation-vi","url":"http://pokeapi.co/api/v2/generation/6/"}},{"game_index":366,"generation":{"name":"generation-v","url":"http://pokeapi.co/api/v2/generation/5/"}},{"game_index":366,"generation":{"name":"generation-iv","url":"http://pokeapi.co/api/v2/generation/4/"}},{"game_index":327,"generation":{"name":"generation-iii","url":"http://pokeapi.co/api/v2/generation/3/"}}],"names":[{"name":"TM39","language":{"name":"en","url":"http://pokeapi.co/api/v2/language/9/"}},{"name":"MT39","language":{"name":"it","url":"http://pokeapi.co/api/v2/language/8/"}},{"name":"MT39","language":{"name":"es","url":"http://pokeapi.co/api/v2/language/7/"}},{"name":"TM39","language":{"name":"de","url":"http://pokeapi.co/api/v2/language/6/"}},{"name":"CT39","language":{"name":"fr","url":"http://pokeapi.co/api/v2/language/5/"}},{"name":"기술머신39","language":{"name":"ko","url":"http://pokeapi.co/api/v2/language/3/"}},{"name":"わざマシン３９","language":{"name":"ja","url":"http://pokeapi.co/api/v2/language/1/"}}],"held_by_pokemon":[],"baby_trigger_for":null}