{"id":201,"name":"cleanse-tag","cost":200,"fling_power":30,"fling_effect":null,"attributes":[{"name":"holdable","url":"http://pokeapi.co/api/v2/item-attribute/5/"}],"category":{"name":"training","url":"http://pokeapi.co/api/v2/item-category/16/"},"effect_entries":[{"effect":"Held by lead Pokémon: Prevents wild battles with Pokémon that are lower level than the holder.","short_effect":"Prevents wild encounters of level lower than your party's lead Pokémon.","language":{"name":"en","url":"http://pokeapi.co/api/v2/language/9/"}}],"flavor_text_entries":[{"text":"１番　前の　ポケモンに\n持たせると　野生ポケモンが\nでて　きにくくなる。","version_group":{"name":"x-y","url":"http://pokeapi.co/api/v2/version-group/15/"},"language":{"name":"ja-kanji","url":"http://pokeapi.co/api/v2/language/11/"}},{"text":"An item to be held by a Pokémon.\nIt helps keep wild Pokémon away if\nthe holder is the head of the party.","version_group":{"name":"x-y","url":"http://pokeapi.co/api/v2/version-group/15/"},"language":{"name":"en","url":"http://pokeapi.co/api/v2/language/9/"}},{"text":"Strumento da dare a un Pokémon.\nSe chi ce l’ha è il primo della squadra, aiuta\nad allontanare i Pokémon selvatici.","version_group":{"name":"x-y","url":"http://pokeapi.co/api/v2/version-group/15/"},"language":{"name":"it","url":"http://pokeapi.co/api/v2/language/8/"}},{"text":"Debe llevarlo un Pokémon. Aumenta la\nconcentración y fortalece los movimientos\nde tipo Lucha.","version_group":{"name":"x-y","url":"http://pokeapi.co/api/v2/version-group/15/"},"language":{"name":"es","url":"http://pokeapi.co/api/v2/language/7/"}},{"text":"Ein Item zum Tragen. Reduziert Begegnungen mit\nwilden Pokémon, wenn der Träger an erster Stelle\nsteht.","version_group":{"name":"x-y","url":"http://pokeapi.co/api/v2/version-group/15/"},"language":{"name":"de","url":"http://pokeapi.co/api/v2/language/6/"}},{"text":"Objet à tenir. Aide à repousser les Pokémon\nsauvages si le porteur est le premier Pokémon\nde l’équipe.","version_group":{"name":"x-y","url":"http://pokeapi.co/api/v2/version-group/15/"},"language":{"name":"fr","url":"http://pokeapi.co/api/v2/language/5/"}},{"text":"맨 앞의 포켓몬에게\n지니게 하면 야생 포켓몬이\n나타날 확률이 낮아진다.","version_group":{"name":"x-y","url":"http://pokeapi.co/api/v2/version-group/15/"},"language":{"name":"ko","url":"http://pokeapi.co/api/v2/language/3/"}},{"text":"いちばん　まえの　ポケモンに\nもたせると　やせいポケモンが\nでて　きにくくなる。","version_group":{"name":"x-y","url":"http://pokeapi.co/api/v2/version-group/15/"},"language":{"name":"ja","url":"http://pokeapi.co/api/v2/language/1/"}},{"text":"An item to be held by a Pokémon.\nIt helps keep wild Pokémon away if the\nholder is the first one in the party.","version_group":{"name":"black-2-white-2","url":"http://pokeapi.co/api/v2/version-group/14/"},"language":{"name":"en","url":"http://pokeapi.co/api/v2/language/9/"}},{"text":"An item to be held by a Pokémon.\nIt helps keep wild Pokémon away if the\nholder is the first one in the party.","version_group":{"name":"black-white","url":"http://pokeapi.co/api/v2/version-group/11/"},"language":{"name":"en","url":"http://pokeapi.co/api/v2/language/9/"}},{"text":"Objet à tenir. Aide à repousser les\nPokémon sauvages si le porteur est\nle premier Pokémon de l’équipe.","version_group":{"name":"black-white","url":"http://pokeapi.co/api/v2/version-group/11/"},"language":{"name":"fr","url":"http://pokeapi.co/api/v2/language/5/"}},{"text":"An item to be held by a Pokémon.\nIt helps keep wild Pokémon away if the\nholder is the first one in the party.","version_group":{"name":"heartgold-soulsilver","url":"http://pokeapi.co/api/v2/version-group/10/"},"language":{"name":"en","url":"http://pokeapi.co/api/v2/language/9/"}},{"text":"An item to be held by a Pokémon.\nIt helps keep wild Pokémon away if the\nholder is the first one in the party.","version_group":{"name":"platinum","url":"http://pokeapi.co/api/v2/version-group/9/"},"language":{"name":"en","url":"http://pokeapi.co/api/v2/language/9/"}},{"text":"An item to be held by a Pokémon.\nIt helps keep wild Pokémon away if the\nholder is the first one in the party.","version_group":{"name":"diamond-pearl","url":"http://pokeapi.co/api/v2/version-group/8/"},"language":{"name":"en","url":"http://pokeapi.co/api/v2/language/9/"}},{"text":"An item to be held by a POKéMON.\nIt repels wild POKéMON if the\nholder is first in the party.","version_group":{"name":"firered-leafgreen","url":"http://pokeapi.co/api/v2/version-group/7/"},"language":{"name":"en","url":"http://pokeapi.co/api/v2/language/9/"}},{"text":"A hold item that\nhelps repel wild\nPOKéMON.","version_group":{"name":"emerald","url":"http://pokeapi.co/api/v2/version-group/6/"},"language":{"name":"en","url":"http://pokeapi.co/api/v2/language/9/"}},{"text":"A hold item that\nhelps repel wild\nPOKéMON.","version_group":{"name":"ruby-sapphire","url":"http://pokeapi.co/api/v2/version-group/5/"},"language":{"name":"en","url":"http://pokeapi.co/api/v2/language/9/"}}],"game_indices":[{"game_index":224,"generation":{"name":"generation-vi","url":"http://pokeapi.co/api/v2/generation/6/"}},{"game_index":224,"generation":{"name":"generation-v","url":"http://pokeapi.co/api/v2/generation/5/"}},{"game_index":224,"generation":{"name":"generation-iv","url":"http://pokeapi.co/api/v2/generation/4/"}},{"game_index":190,"generation":{"name":"generation-iii","url":"http://pokeapi.co/api/v2/generation/3/"}}],"names":[{"name":"Cleanse Tag","language":{"name":"en","url":"http://pokeapi.co/api/v2/language/9/"}},{"name":"Velopuro","language":{"name":"it","url":"http://pokeapi.co/api/v2/language/8/"}},{"name":"Amuleto","language":{"name":"es","url":"http://pokeapi.co/api/v2/language/7/"}},{"name":"Schutzband","language":{"name":"de","url":"http://pokeapi.co/api/v2/language/6/"}},{"name":"Rune Purifiante","language":{"name":"fr","url":"http://pokeapi.co/api/v2/language/5/"}},{"name":"순결의부적","language":{"name":"ko","url":"http://pokeapi.co/api/v2/language/3/"}},{"name":"きよめのおふだ","language":{"name":"ja","url":"http://pokeapi.co/api/v2/language/1/"}}],"held_by_pokemon":[],"baby_trigger_for":null}