{"id":352,"name":"tm48","cost":3000,"fling_power":null,"fling_effect":null,"attributes":[],"category":{"name":"all-machines","url":"http://pokeapi.co/api/v2/item-category/37/"},"effect_entries":[{"effect":"Teaches Skill Swap to a compatible Pokémon.","short_effect":"Teaches Round to a compatible Pokémon. (Gen IV & III: Skill Swap Gen II: Fire Punch Gen I: Rock Slide)","language":{"name":"en","url":"http://pokeapi.co/api/v2/language/9/"}}],"flavor_text_entries":[{"text":"歌で　相手を　攻撃する。\nみんなで　輪唱すると　続けて\nだすことが　でき　威力も　あがる。","version_group":{"name":"x-y","url":"http://pokeapi.co/api/v2/version-group/15/"},"language":{"name":"ja-kanji","url":"http://pokeapi.co/api/v2/language/11/"}},{"text":"The user attacks the target with a song.\nOthers can join in the Round and make\nthe attack do greater damage.","version_group":{"name":"x-y","url":"http://pokeapi.co/api/v2/version-group/15/"},"language":{"name":"en","url":"http://pokeapi.co/api/v2/language/9/"}},{"text":"Attacca il bersaglio con una melodia. Se usata\ndurante lo stesso turno da più Pokémon, i danni\ninflitti aumentano.","version_group":{"name":"x-y","url":"http://pokeapi.co/api/v2/version-group/15/"},"language":{"name":"it","url":"http://pokeapi.co/api/v2/language/8/"}},{"text":"Quien lo usa ataca con una afilada garra de\nsombras. Su índice de golpe crítico es muy alto.","version_group":{"name":"x-y","url":"http://pokeapi.co/api/v2/version-group/15/"},"language":{"name":"es","url":"http://pokeapi.co/api/v2/language/7/"}},{"text":"Angriff mit Gesang. Singt der Anwender mit allen\nim Kanon, kann er die Attacke mehrfach auslösen\nund die Stärke steigt.","version_group":{"name":"x-y","url":"http://pokeapi.co/api/v2/version-group/15/"},"language":{"name":"de","url":"http://pokeapi.co/api/v2/language/6/"}},{"text":"Le lanceur attaque l’ennemi en chantant.\nSi plusieurs Pokémon déclenchent cette attaque\nà la suite, l’effet augmente.","version_group":{"name":"x-y","url":"http://pokeapi.co/api/v2/version-group/15/"},"language":{"name":"fr","url":"http://pokeapi.co/api/v2/language/5/"}},{"text":"노래로 상대를 공격한다.\n함께 돌림노래를 하면 계속해서\n쓸 수 있고 위력도 올라간다.","version_group":{"name":"x-y","url":"http://pokeapi.co/api/v2/version-group/15/"},"language":{"name":"ko","url":"http://pokeapi.co/api/v2/language/3/"}},{"text":"うたで　あいてを　こうげきする。\nみんなで　つかうと　れんぞくで\nだせて　いりょくも　あがる。","version_group":{"name":"x-y","url":"http://pokeapi.co/api/v2/version-group/15/"},"language":{"name":"ja","url":"http://pokeapi.co/api/v2/language/1/"}},{"text":"The user attacks the target with a\nsong. Others can join in the Round and\nmake the attack do greater damage.","version_group":{"name":"black-2-white-2","url":"http://pokeapi.co/api/v2/version-group/14/"},"language":{"name":"en","url":"http://pokeapi.co/api/v2/language/9/"}},{"text":"The user attacks the target with a\nsong. Others can join in the Round and\nmake the attack do greater damage.","version_group":{"name":"black-white","url":"http://pokeapi.co/api/v2/version-group/11/"},"language":{"name":"en","url":"http://pokeapi.co/api/v2/language/9/"}},{"text":"Le lanceur chante et attaque l’ennemi.\nSi plusieurs Pokémon déclenchent cette\nattaque à la suite, l’effet augmente.","version_group":{"name":"black-white","url":"http://pokeapi.co/api/v2/version-group/11/"},"language":{"name":"fr","url":"http://pokeapi.co/api/v2/language/5/"}},{"text":"The user employs its psychic power to\nexchange abilities with the foe.\n","version_group":{"name":"heartgold-soulsilver","url":"http://pokeapi.co/api/v2/version-group/10/"},"language":{"name":"en","url":"http://pokeapi.co/api/v2/language/9/"}},{"text":"The user employs its psychic power to\nexchange abilities with the foe.\n","version_group":{"name":"platinum","url":"http://pokeapi.co/api/v2/version-group/9/"},"language":{"name":"en","url":"http://pokeapi.co/api/v2/language/9/"}},{"text":"The user employs its psychic power to\nexchange abilities with the foe.\n","version_group":{"name":"diamond-pearl","url":"http://pokeapi.co/api/v2/version-group/8/"},"language":{"name":"en","url":"http://pokeapi.co/api/v2/language/9/"}},{"text":"The user employs\nits psychic power\nto swap abilities\nwith the foe.","version_group":{"name":"firered-leafgreen","url":"http://pokeapi.co/api/v2/version-group/7/"},"language":{"name":"en","url":"http://pokeapi.co/api/v2/language/9/"}},{"text":"Switches abilities\nwith the foe on the\nturn this is used.","version_group":{"name":"emerald","url":"http://pokeapi.co/api/v2/version-group/6/"},"language":{"name":"en","url":"http://pokeapi.co/api/v2/language/9/"}},{"text":"Switches abilities\nwith the foe on the\nturn this is used.","version_group":{"name":"ruby-sapphire","url":"http://pokeapi.co/api/v2/version-group/5/"},"language":{"name":"en","url":"http://pokeapi.co/api/v2/language/9/"}}],"game_indices":[{"game_index":375,"generation":{"name":"generation-vi","url":"http://pokeapi.co/api/v2/generation/6/"}},{"game_index":375,"generation":{"name":"generation-v","url":"http://pokeapi.co/api/v2/generation/5/"}},{"game_index":375,"generation":{"name":"generation-iv","url":"http://pokeapi.co/api/v2/generation/4/"}},{"game_index":336,"generation":{"name":"generation-iii","url":"http://pokeapi.co/api/v2/generation/3/"}}],"names":[{"name":"TM48","language":{"name":"en","url":"http://pokeapi.co/api/v2/language/9/"}},{"name":"MT48","language":{"name":"it","url":"http://pokeapi.co/api/v2/language/8/"}},{"name":"MT48","language":{"name":"es","url":"http://pokeapi.co/api/v2/language/7/"}},{"name":"TM48","language":{"name":"de","url":"http://pokeapi.co/api/v2/language/6/"}},{"name":"CT48","language":{"name":"fr","url":"http://pokeapi.co/api/v2/language/5/"}},{"name":"기술머신48","language":{"name":"ko","url":"http://pokeapi.co/api/v2/language/3/"}},{"name":"わざマシン４８","language":{"name":"ja","url":"http://pokeapi.co/api/v2/language/1/"}}],"held_by_pokemon":[],"baby_trigger_for":null}