{"id":196,"name":"mental-herb","cost":100,"fling_power":10,"fling_effect":{"name":"herb-effect","url":"http://pokeapi.co/api/v2/item-fling-effect/4/"},"attributes":[{"name":"holdable","url":"http://pokeapi.co/api/v2/item-attribute/5/"},{"name":"holdable-active","url":"http://pokeapi.co/api/v2/item-attribute/7/"}],"category":{"name":"held-items","url":"http://pokeapi.co/api/v2/item-category/12/"},"effect_entries":[{"effect":"Held in battle\n:   When the holder is attracted, it consumes this item to cure the attraction.","short_effect":"Held: Consumed to cure infatuation. Gen V: Also removes Taunt, Encore, Torment, Disable, and Cursed Body.","language":{"name":"en","url":"http://pokeapi.co/api/v2/language/9/"}}],"flavor_text_entries":[{"text":"持たせた　ポケモンが　自由に\n技を　だせなくなったときに\n１度だけ　回復する。","version_group":{"name":"x-y","url":"http://pokeapi.co/api/v2/version-group/15/"},"language":{"name":"ja-kanji","url":"http://pokeapi.co/api/v2/language/11/"}},{"text":"An item to be held by a Pokémon.\nIt snaps the holder out of infatuation.\nIt can be used only once.","version_group":{"name":"x-y","url":"http://pokeapi.co/api/v2/version-group/15/"},"language":{"name":"en","url":"http://pokeapi.co/api/v2/language/9/"}},{"text":"Strumento monouso da dare a un\nPokémon. Ne annulla l’infatuazione.","version_group":{"name":"x-y","url":"http://pokeapi.co/api/v2/version-group/15/"},"language":{"name":"it","url":"http://pokeapi.co/api/v2/language/8/"}},{"text":"Asombrosa esfera que debe llevar Pikachu y que\naumenta su Ataque y su Ataque Especial.","version_group":{"name":"x-y","url":"http://pokeapi.co/api/v2/version-group/15/"},"language":{"name":"es","url":"http://pokeapi.co/api/v2/language/7/"}},{"text":"Ein Item, das einem Pokémon zum Tragen\ngegeben werden kann. Hilft einmalig bei\neingeschränktem Handlungsspielraum.","version_group":{"name":"x-y","url":"http://pokeapi.co/api/v2/version-group/15/"},"language":{"name":"de","url":"http://pokeapi.co/api/v2/language/6/"}},{"text":"Objet à tenir. Empêche le Pokémon\nde tomber amoureux.\nNe peut être utilisé qu’une fois.","version_group":{"name":"x-y","url":"http://pokeapi.co/api/v2/version-group/15/"},"language":{"name":"fr","url":"http://pokeapi.co/api/v2/language/5/"}},{"text":"지니게 한 포켓몬은\n헤롱헤롱 상태가 되었을 때\n한 번만 회복한다.","version_group":{"name":"x-y","url":"http://pokeapi.co/api/v2/version-group/15/"},"language":{"name":"ko","url":"http://pokeapi.co/api/v2/language/3/"}},{"text":"もたせた　ポケモンが　じゆうに\nわざを　だせなくなったときに\nいちどだけ　かいふくする。","version_group":{"name":"x-y","url":"http://pokeapi.co/api/v2/version-group/15/"},"language":{"name":"ja","url":"http://pokeapi.co/api/v2/language/1/"}},{"text":"An item to be held by a Pokémon. It\nsnaps the holder out of infatuation.\nIt can be used only once.","version_group":{"name":"black-2-white-2","url":"http://pokeapi.co/api/v2/version-group/14/"},"language":{"name":"en","url":"http://pokeapi.co/api/v2/language/9/"}},{"text":"An item to be held by a Pokémon. It\nsnaps the holder out of infatuation.\nIt can be used only once.","version_group":{"name":"black-white","url":"http://pokeapi.co/api/v2/version-group/11/"},"language":{"name":"en","url":"http://pokeapi.co/api/v2/language/9/"}},{"text":"Objet à tenir qui annule l’attirance\nd’un Pokémon. Ne peut être utilisé\nqu’une fois.","version_group":{"name":"black-white","url":"http://pokeapi.co/api/v2/version-group/11/"},"language":{"name":"fr","url":"http://pokeapi.co/api/v2/language/5/"}},{"text":"An item to be held by a Pokémon. It\nsnaps the holder out of infatuation.\nIt can be used only once.","version_group":{"name":"heartgold-soulsilver","url":"http://pokeapi.co/api/v2/version-group/10/"},"language":{"name":"en","url":"http://pokeapi.co/api/v2/language/9/"}},{"text":"An item to be held by a Pokémon. It\nsnaps the holder out of infatuation.\nIt can be used only once.","version_group":{"name":"platinum","url":"http://pokeapi.co/api/v2/version-group/9/"},"language":{"name":"en","url":"http://pokeapi.co/api/v2/language/9/"}},{"text":"An item to be held by a Pokémon. It\nsnaps the holder out of infatuation.\nIt can be used only once.","version_group":{"name":"diamond-pearl","url":"http://pokeapi.co/api/v2/version-group/8/"},"language":{"name":"en","url":"http://pokeapi.co/api/v2/language/9/"}},{"text":"An item to be held by a POKéMON.\nIt snaps the holder out of\ninfatuation. It can be used once.","version_group":{"name":"firered-leafgreen","url":"http://pokeapi.co/api/v2/version-group/7/"},"language":{"name":"en","url":"http://pokeapi.co/api/v2/language/9/"}},{"text":"A hold item that\nsnaps POKéMON out\nof infatuation.","version_group":{"name":"emerald","url":"http://pokeapi.co/api/v2/version-group/6/"},"language":{"name":"en","url":"http://pokeapi.co/api/v2/language/9/"}},{"text":"A hold item that\nsnaps POKéMON out\nof infatuation.","version_group":{"name":"ruby-sapphire","url":"http://pokeapi.co/api/v2/version-group/5/"},"language":{"name":"en","url":"http://pokeapi.co/api/v2/language/9/"}}],"game_indices":[{"game_index":219,"generation":{"name":"generation-vi","url":"http://pokeapi.co/api/v2/generation/6/"}},{"game_index":219,"generation":{"name":"generation-v","url":"http://pokeapi.co/api/v2/generation/5/"}},{"game_index":219,"generation":{"name":"generation-iv","url":"http://pokeapi.co/api/v2/generation/4/"}},{"game_index":185,"generation":{"name":"generation-iii","url":"http://pokeapi.co/api/v2/generation/3/"}}],"names":[{"name":"Mental Herb","language":{"name":"en","url":"http://pokeapi.co/api/v2/language/9/"}},{"name":"Mentalerba","language":{"name":"it","url":"http://pokeapi.co/api/v2/language/8/"}},{"name":"Hierba Mental","language":{"name":"es","url":"http://pokeapi.co/api/v2/language/7/"}},{"name":"Mentalkraut","language":{"name":"de","url":"http://pokeapi.co/api/v2/language/6/"}},{"name":"Herbe Mental","language":{"name":"fr","url":"http://pokeapi.co/api/v2/language/5/"}},{"name":"멘탈허브","language":{"name":"ko","url":"http://pokeapi.co/api/v2/language/3/"}},{"name":"メンタルハーブ","language":{"name":"ja","url":"http://pokeapi.co/api/v2/language/1/"}}],"held_by_pokemon":[{"pokemon":{"name":"sewaddle","url":"http://pokeapi.co/api/v2/pokemon/540/"},"version_details":[{"rarity":5,"version":{"name":"y","url":"http://pokeapi.co/api/v2/version/24/"}},{"rarity":5,"version":{"name":"x","url":"http://pokeapi.co/api/v2/version/23/"}},{"rarity":5,"version":{"name":"white-2","url":"http://pokeapi.co/api/v2/version/22/"}},{"rarity":5,"version":{"name":"black-2","url":"http://pokeapi.co/api/v2/version/21/"}},{"rarity":5,"version":{"name":"white","url":"http://pokeapi.co/api/v2/version/18/"}},{"rarity":5,"version":{"name":"black","url":"http://pokeapi.co/api/v2/version/17/"}}]},{"pokemon":{"name":"swadloon","url":"http://pokeapi.co/api/v2/pokemon/541/"},"version_details":[{"rarity":5,"version":{"name":"y","url":"http://pokeapi.co/api/v2/version/24/"}},{"rarity":5,"version":{"name":"x","url":"http://pokeapi.co/api/v2/version/23/"}},{"rarity":5,"version":{"name":"white-2","url":"http://pokeapi.co/api/v2/version/22/"}},{"rarity":5,"version":{"name":"black-2","url":"http://pokeapi.co/api/v2/version/21/"}},{"rarity":5,"version":{"name":"white","url":"http://pokeapi.co/api/v2/version/18/"}},{"rarity":5,"version":{"name":"black","url":"http://pokeapi.co/api/v2/version/17/"}}]},{"pokemon":{"name":"leavanny","url":"http://pokeapi.co/api/v2/pokemon/542/"},"version_details":[{"rarity":5,"version":{"name":"y","url":"http://pokeapi.co/api/v2/version/24/"}},{"rarity":5,"version":{"name":"x","url":"http://pokeapi.co/api/v2/version/23/"}},{"rarity":5,"version":{"name":"white-2","url":"http://pokeapi.co/api/v2/version/22/"}},{"rarity":5,"version":{"name":"black-2","url":"http://pokeapi.co/api/v2/version/21/"}},{"rarity":5,"version":{"name":"white","url":"http://pokeapi.co/api/v2/version/18/"}},{"rarity":5,"version":{"name":"black","url":"http://pokeapi.co/api/v2/version/17/"}}]},{"pokemon":{"name":"pancham","url":"http://pokeapi.co/api/v2/pokemon/674/"},"version_details":[{"rarity":5,"version":{"name":"y","url":"http://pokeapi.co/api/v2/version/24/"}},{"rarity":5,"version":{"name":"x","url":"http://pokeapi.co/api/v2/version/23/"}}]},{"pokemon":{"name":"pangoro","url":"http://pokeapi.co/api/v2/pokemon/675/"},"version_details":[{"rarity":5,"version":{"name":"y","url":"http://pokeapi.co/api/v2/version/24/"}},{"rarity":5,"version":{"name":"x","url":"http://pokeapi.co/api/v2/version/23/"}}]}],"baby_trigger_for":null}