{"id":303,"name":"razor-claw","cost":2100,"fling_power":80,"fling_effect":null,"attributes":[{"name":"holdable","url":"http://pokeapi.co/api/v2/item-attribute/5/"},{"name":"holdable-active","url":"http://pokeapi.co/api/v2/item-attribute/7/"}],"category":{"name":"held-items","url":"http://pokeapi.co/api/v2/item-category/12/"},"effect_entries":[{"effect":"Held: Raises the holder's critical hit counter by 1.\nHeld by Sneasel: Evolves the holder into Weavile when it levels up during the night.","short_effect":"Held: Raises the holder's critical hit ratio by one stage. Held by a Sneasel while levelling up at night: Holder evolves into Weavile.","language":{"name":"en","url":"http://pokeapi.co/api/v2/language/9/"}}],"flavor_text_entries":[{"text":"鋭く　とがった　ツメ。\n持たせると　技が　急所に\n当たりやすくなる。","version_group":{"name":"x-y","url":"http://pokeapi.co/api/v2/version-group/15/"},"language":{"name":"ja-kanji","url":"http://pokeapi.co/api/v2/language/11/"}},{"text":"An item to be held by a Pokémon.\nThis sharply hooked claw increases\nthe holder’s critical-hit ratio.","version_group":{"name":"x-y","url":"http://pokeapi.co/api/v2/version-group/15/"},"language":{"name":"en","url":"http://pokeapi.co/api/v2/language/9/"}},{"text":"Strumento da dare a un Pokémon.\nArtiglio che aumenta la probabilità di sferrare\nbrutti colpi.","version_group":{"name":"x-y","url":"http://pokeapi.co/api/v2/version-group/15/"},"language":{"name":"it","url":"http://pokeapi.co/api/v2/language/8/"}},{"text":"Impresionante pared de luz que reduce el daño\nde los ataques especiales durante cinco turnos.","version_group":{"name":"x-y","url":"http://pokeapi.co/api/v2/version-group/15/"},"language":{"name":"es","url":"http://pokeapi.co/api/v2/language/7/"}},{"text":"Ein Item zum Tragen. Die scharfe Klaue erhöht die\nVolltrefferquote des Trägers.","version_group":{"name":"x-y","url":"http://pokeapi.co/api/v2/version-group/15/"},"language":{"name":"de","url":"http://pokeapi.co/api/v2/language/6/"}},{"text":"Objet à tenir. Une griffe crochue et pointue\naugmentant le taux de critiques.","version_group":{"name":"x-y","url":"http://pokeapi.co/api/v2/version-group/15/"},"language":{"name":"fr","url":"http://pokeapi.co/api/v2/language/5/"}},{"text":"날카롭고 뾰족한 손톱.\n지니게 하면 기술이\n급소에 맞기 쉬워진다.","version_group":{"name":"x-y","url":"http://pokeapi.co/api/v2/version-group/15/"},"language":{"name":"ko","url":"http://pokeapi.co/api/v2/language/3/"}},{"text":"するどく　とがった　ツメ。\nもたせると　わざが　きゅうしょに\nあたりやすくなる。","version_group":{"name":"x-y","url":"http://pokeapi.co/api/v2/version-group/15/"},"language":{"name":"ja","url":"http://pokeapi.co/api/v2/language/1/"}},{"text":"An item to be held by a Pokémon.\nIt is a sharply hooked claw that ups\nthe holder’s critical-hit ratio.","version_group":{"name":"black-2-white-2","url":"http://pokeapi.co/api/v2/version-group/14/"},"language":{"name":"en","url":"http://pokeapi.co/api/v2/language/9/"}},{"text":"An item to be held by a Pokémon.\nIt is a sharply hooked claw that ups\nthe holder’s critical-hit ratio.","version_group":{"name":"black-white","url":"http://pokeapi.co/api/v2/version-group/11/"},"language":{"name":"en","url":"http://pokeapi.co/api/v2/language/9/"}},{"text":"Objet à tenir. Griffe crochue\net pointue augmentant le taux\nde critiques.","version_group":{"name":"black-white","url":"http://pokeapi.co/api/v2/version-group/11/"},"language":{"name":"fr","url":"http://pokeapi.co/api/v2/language/5/"}},{"text":"An item to be held by a Pokémon.\nIt is a sharply hooked claw that ups\nthe holder’s critical-hit ratio.","version_group":{"name":"heartgold-soulsilver","url":"http://pokeapi.co/api/v2/version-group/10/"},"language":{"name":"en","url":"http://pokeapi.co/api/v2/language/9/"}},{"text":"An item to be held by a Pokémon.\nIt is a sharply hooked claw that ups\nthe holder’s critical-hit ratio.","version_group":{"name":"platinum","url":"http://pokeapi.co/api/v2/version-group/9/"},"language":{"name":"en","url":"http://pokeapi.co/api/v2/language/9/"}},{"text":"An item to be held by a Pokémon.\nIt is a sharply hooked claw that ups\nthe holder’s critical-hit ratio.","version_group":{"name":"diamond-pearl","url":"http://pokeapi.co/api/v2/version-group/8/"},"language":{"name":"en","url":"http://pokeapi.co/api/v2/language/9/"}}],"game_indices":[{"game_index":326,"generation":{"name":"generation-vi","url":"http://pokeapi.co/api/v2/generation/6/"}},{"game_index":326,"generation":{"name":"generation-v","url":"http://pokeapi.co/api/v2/generation/5/"}},{"game_index":326,"generation":{"name":"generation-iv","url":"http://pokeapi.co/api/v2/generation/4/"}}],"names":[{"name":"Razor Claw","language":{"name":"en","url":"http://pokeapi.co/api/v2/language/9/"}},{"name":"Affilartigli","language":{"name":"it","url":"http://pokeapi.co/api/v2/language/8/"}},{"name":"Garra Afilada","language":{"name":"es","url":"http://pokeapi.co/api/v2/language/7/"}},{"name":"Scharfklaue","language":{"name":"de","url":"http://pokeapi.co/api/v2/language/6/"}},{"name":"Griffe Rasoir","language":{"name":"fr","url":"http://pokeapi.co/api/v2/language/5/"}},{"name":"예리한손톱","language":{"name":"ko","url":"http://pokeapi.co/api/v2/language/3/"}},{"name":"するどいツメ","language":{"name":"ja","url":"http://pokeapi.co/api/v2/language/1/"}}],"held_by_pokemon":[],"baby_trigger_for":null}