{"id":105,"name":"skull-fossil","cost":1000,"fling_power":100,"fling_effect":null,"attributes":[{"name":"underground","url":"http://pokeapi.co/api/v2/item-attribute/8/"}],"category":{"name":"dex-completion","url":"http://pokeapi.co/api/v2/item-category/35/"},"effect_entries":[{"effect":"Give to a scientist in the mining museum in oreburgh city or the Museum of Science in pewter city to receive a cranidos.","short_effect":"Can be revived into a Cranidos.","language":{"name":"en","url":"http://pokeapi.co/api/v2/language/9/"}}],"flavor_text_entries":[{"text":"大昔　地上で　暮らした\n古代ポケモンの　カセキ。\n頭の　一部らしい。","version_group":{"name":"x-y","url":"http://pokeapi.co/api/v2/version-group/15/"},"language":{"name":"ja-kanji","url":"http://pokeapi.co/api/v2/language/11/"}},{"text":"A fossil from a prehistoric Pokémon\nthat once lived on the land. It appears\nas though it’s part of a head.","version_group":{"name":"x-y","url":"http://pokeapi.co/api/v2/version-group/15/"},"language":{"name":"en","url":"http://pokeapi.co/api/v2/language/9/"}},{"text":"Fossile di un Pokémon preistorico che viveva\nsulla terraferma. Sembra far parte di un teschio.","version_group":{"name":"x-y","url":"http://pokeapi.co/api/v2/version-group/15/"},"language":{"name":"it","url":"http://pokeapi.co/api/v2/language/8/"}},{"text":"Fósil de un Pokémon prehistórico terrestre.\nParece ser parte de una cabeza.","version_group":{"name":"x-y","url":"http://pokeapi.co/api/v2/version-group/15/"},"language":{"name":"es","url":"http://pokeapi.co/api/v2/language/7/"}},{"text":"Das Fossil eines uralten Pokémon, das an Land\nlebte. Es sieht wie ein Schädel aus.","version_group":{"name":"x-y","url":"http://pokeapi.co/api/v2/version-group/15/"},"language":{"name":"de","url":"http://pokeapi.co/api/v2/language/6/"}},{"text":"Le fossile d’un Pokémon préhistorique terrestre.\nOn dirait une partie d’un crâne.","version_group":{"name":"x-y","url":"http://pokeapi.co/api/v2/version-group/15/"},"language":{"name":"fr","url":"http://pokeapi.co/api/v2/language/5/"}},{"text":"오랜 옛날 지상에서 살았던\n고대 포켓몬의 화석.\n머리의 일부인 듯하다.","version_group":{"name":"x-y","url":"http://pokeapi.co/api/v2/version-group/15/"},"language":{"name":"ko","url":"http://pokeapi.co/api/v2/language/3/"}},{"text":"おおむかし　ちじょうで　くらした\nこだい　ポケモンの　カセキ。\nあたまの　いちぶ　らしい。","version_group":{"name":"x-y","url":"http://pokeapi.co/api/v2/version-group/15/"},"language":{"name":"ja","url":"http://pokeapi.co/api/v2/language/1/"}},{"text":"A fossil from a prehistoric Pokémon\nthat lived on the land. It appears to\nbe part of a head.","version_group":{"name":"black-2-white-2","url":"http://pokeapi.co/api/v2/version-group/14/"},"language":{"name":"en","url":"http://pokeapi.co/api/v2/language/9/"}},{"text":"A fossil from a prehistoric Pokémon\nthat lived on the land. It appears to\nbe part of a head.","version_group":{"name":"black-white","url":"http://pokeapi.co/api/v2/version-group/11/"},"language":{"name":"en","url":"http://pokeapi.co/api/v2/language/9/"}},{"text":"Fossile d’un Pokémon préhistorique\nterrestre. On dirait une partie d’un\ncrâne.","version_group":{"name":"black-white","url":"http://pokeapi.co/api/v2/version-group/11/"},"language":{"name":"fr","url":"http://pokeapi.co/api/v2/language/5/"}},{"text":"A fossil from a prehistoric Pokémon\nthat lived on the land. It appears to\nbe part of a head.","version_group":{"name":"heartgold-soulsilver","url":"http://pokeapi.co/api/v2/version-group/10/"},"language":{"name":"en","url":"http://pokeapi.co/api/v2/language/9/"}},{"text":"A fossil from a prehistoric Pokémon\nthat lived on the land. It appears to\nbe part of a head.","version_group":{"name":"platinum","url":"http://pokeapi.co/api/v2/version-group/9/"},"language":{"name":"en","url":"http://pokeapi.co/api/v2/language/9/"}},{"text":"A fossil from a prehistoric Pokémon\nthat lived on the land. It appears to\nbe part of a head.","version_group":{"name":"diamond-pearl","url":"http://pokeapi.co/api/v2/version-group/8/"},"language":{"name":"en","url":"http://pokeapi.co/api/v2/language/9/"}}],"game_indices":[{"game_index":105,"generation":{"name":"generation-vi","url":"http://pokeapi.co/api/v2/generation/6/"}},{"game_index":105,"generation":{"name":"generation-v","url":"http://pokeapi.co/api/v2/generation/5/"}},{"game_index":105,"generation":{"name":"generation-iv","url":"http://pokeapi.co/api/v2/generation/4/"}}],"names":[{"name":"Skull Fossil","language":{"name":"en","url":"http://pokeapi.co/api/v2/language/9/"}},{"name":"Fossilcranio","language":{"name":"it","url":"http://pokeapi.co/api/v2/language/8/"}},{"name":"Fósil Cráneo","language":{"name":"es","url":"http://pokeapi.co/api/v2/language/7/"}},{"name":"Kopffossil","language":{"name":"de","url":"http://pokeapi.co/api/v2/language/6/"}},{"name":"Fossile Crâne","language":{"name":"fr","url":"http://pokeapi.co/api/v2/language/5/"}},{"name":"두개의화석","language":{"name":"ko","url":"http://pokeapi.co/api/v2/language/3/"}},{"name":"ずがいのカセキ","language":{"name":"ja","url":"http://pokeapi.co/api/v2/language/1/"}}],"held_by_pokemon":[],"baby_trigger_for":null}