{"id":232,"name":"lax-incense","cost":9600,"fling_power":10,"fling_effect":null,"attributes":[{"name":"holdable","url":"http://pokeapi.co/api/v2/item-attribute/5/"},{"name":"holdable-active","url":"http://pokeapi.co/api/v2/item-attribute/7/"}],"category":{"name":"held-items","url":"http://pokeapi.co/api/v2/item-category/12/"},"effect_entries":[{"effect":"Held: Increases the holder's Evasion by 5%.","short_effect":"Held: Holder's evasion is increased by 5%. Breeding: Wobbuffet begets a Wynaut Egg.","language":{"name":"en","url":"http://pokeapi.co/api/v2/language/9/"}}],"flavor_text_entries":[{"text":"持たせると　御香の　不思議な\n香りが　相手を　まどわせて\n技が　命中　しにくくなる。","version_group":{"name":"x-y","url":"http://pokeapi.co/api/v2/version-group/15/"},"language":{"name":"ja-kanji","url":"http://pokeapi.co/api/v2/language/11/"}},{"text":"An item to be held by a Pokémon.\nThe beguiling aroma of this incense\nmay cause attacks to miss its holder.","version_group":{"name":"x-y","url":"http://pokeapi.co/api/v2/version-group/15/"},"language":{"name":"en","url":"http://pokeapi.co/api/v2/language/9/"}},{"text":"Strumento da dare a un Pokémon.\nIl suo aroma intenso riduce la precisione\ndel nemico.","version_group":{"name":"x-y","url":"http://pokeapi.co/api/v2/version-group/15/"},"language":{"name":"it","url":"http://pokeapi.co/api/v2/language/8/"}},{"text":"Extraña esfera que envenena gravemente al\nPokémon que la lleva en combate.","version_group":{"name":"x-y","url":"http://pokeapi.co/api/v2/version-group/15/"},"language":{"name":"es","url":"http://pokeapi.co/api/v2/language/7/"}},{"text":"Ein Item zum Tragen. Das verwirrende Aroma\nsenkt die Genauigkeit des Gegners.","version_group":{"name":"x-y","url":"http://pokeapi.co/api/v2/version-group/15/"},"language":{"name":"de","url":"http://pokeapi.co/api/v2/language/6/"}},{"text":"Objet à tenir. Le parfum trompeur de cet encens\nbaisse la Précision de l’ennemi.","version_group":{"name":"x-y","url":"http://pokeapi.co/api/v2/version-group/15/"},"language":{"name":"fr","url":"http://pokeapi.co/api/v2/language/5/"}},{"text":"지니게 하면 향로의 이상한\n향기가 상대를 혼란시켜\n기술이 명중하기 어려워진다.","version_group":{"name":"x-y","url":"http://pokeapi.co/api/v2/version-group/15/"},"language":{"name":"ko","url":"http://pokeapi.co/api/v2/language/3/"}},{"text":"もたせると　おこうの　ふしぎな\nかおりが　あいてを　まどわせて\nわざが　めいちゅう　しにくくなる。","version_group":{"name":"x-y","url":"http://pokeapi.co/api/v2/version-group/15/"},"language":{"name":"ja","url":"http://pokeapi.co/api/v2/language/1/"}},{"text":"An item to be held by a Pokémon. The\ntricky aroma of this incense may make\nattacks miss the holder.","version_group":{"name":"black-2-white-2","url":"http://pokeapi.co/api/v2/version-group/14/"},"language":{"name":"en","url":"http://pokeapi.co/api/v2/language/9/"}},{"text":"An item to be held by a Pokémon. The\ntricky aroma of this incense may make\nattacks miss the holder.","version_group":{"name":"black-white","url":"http://pokeapi.co/api/v2/version-group/11/"},"language":{"name":"en","url":"http://pokeapi.co/api/v2/language/9/"}},{"text":"Objet à tenir. Le parfum trompeur\nde cet encens baisse la Précision de\nl’ennemi.","version_group":{"name":"black-white","url":"http://pokeapi.co/api/v2/version-group/11/"},"language":{"name":"fr","url":"http://pokeapi.co/api/v2/language/5/"}},{"text":"An item to be held by a Pokémon. The\ntricky aroma of this incense lowers the\nfoe’s accuracy.","version_group":{"name":"heartgold-soulsilver","url":"http://pokeapi.co/api/v2/version-group/10/"},"language":{"name":"en","url":"http://pokeapi.co/api/v2/language/9/"}},{"text":"An item to be held by a Pokémon. The\ntricky aroma of this incense lowers the\nfoe’s accuracy.","version_group":{"name":"platinum","url":"http://pokeapi.co/api/v2/version-group/9/"},"language":{"name":"en","url":"http://pokeapi.co/api/v2/language/9/"}},{"text":"An item to be held by a Pokémon. The\ntricky aroma of this incense lowers the\nfoe’s accuracy.","version_group":{"name":"diamond-pearl","url":"http://pokeapi.co/api/v2/version-group/8/"},"language":{"name":"en","url":"http://pokeapi.co/api/v2/language/9/"}},{"text":"An item to be held by a POKéMON.\nIts tricky aroma slightly reduces\nthe foe’s accuracy.","version_group":{"name":"firered-leafgreen","url":"http://pokeapi.co/api/v2/version-group/7/"},"language":{"name":"en","url":"http://pokeapi.co/api/v2/language/9/"}},{"text":"A hold item that\nslightly lowers the\nfoe’s accuracy.","version_group":{"name":"emerald","url":"http://pokeapi.co/api/v2/version-group/6/"},"language":{"name":"en","url":"http://pokeapi.co/api/v2/language/9/"}},{"text":"A hold item that\nslightly lowers the\nfoe’s accuracy.","version_group":{"name":"ruby-sapphire","url":"http://pokeapi.co/api/v2/version-group/5/"},"language":{"name":"en","url":"http://pokeapi.co/api/v2/language/9/"}}],"game_indices":[{"game_index":255,"generation":{"name":"generation-vi","url":"http://pokeapi.co/api/v2/generation/6/"}},{"game_index":255,"generation":{"name":"generation-v","url":"http://pokeapi.co/api/v2/generation/5/"}},{"game_index":255,"generation":{"name":"generation-iv","url":"http://pokeapi.co/api/v2/generation/4/"}},{"game_index":221,"generation":{"name":"generation-iii","url":"http://pokeapi.co/api/v2/generation/3/"}}],"names":[{"name":"Lax Incense","language":{"name":"en","url":"http://pokeapi.co/api/v2/language/9/"}},{"name":"Distraroma","language":{"name":"it","url":"http://pokeapi.co/api/v2/language/8/"}},{"name":"Incienso Suave","language":{"name":"es","url":"http://pokeapi.co/api/v2/language/7/"}},{"name":"Laxrauch","language":{"name":"de","url":"http://pokeapi.co/api/v2/language/6/"}},{"name":"Encens Doux","language":{"name":"fr","url":"http://pokeapi.co/api/v2/language/5/"}},{"name":"무사태평향로","language":{"name":"ko","url":"http://pokeapi.co/api/v2/language/3/"}},{"name":"のんきのおこう","language":{"name":"ja","url":"http://pokeapi.co/api/v2/language/1/"}}],"held_by_pokemon":[],"baby_trigger_for":{"url":"http://pokeapi.co/api/v2/evolution-chain/100/"}}