{"id":177,"name":"chilan-berry","cost":20,"fling_power":10,"fling_effect":null,"attributes":[{"name":"holdable-active","url":"http://pokeapi.co/api/v2/item-attribute/7/"}],"category":{"name":"type-protection","url":"http://pokeapi.co/api/v2/item-category/7/"},"effect_entries":[{"effect":"Held in battle\n:   When the holder would take normal-type damage, it consumes this item to halve the amount of damage taken.","short_effect":"Held: Consumed when struck by a Normal-type attack to halve the damage.","language":{"name":"en","url":"http://pokeapi.co/api/v2/language/9/"}}],"flavor_text_entries":[{"text":"ポケモンに　持たせると\nノーマル技を　受けたとき\n威力が　弱まる。","version_group":{"name":"x-y","url":"http://pokeapi.co/api/v2/version-group/15/"},"language":{"name":"ja-kanji","url":"http://pokeapi.co/api/v2/language/11/"}},{"text":"If held by a Pokémon, this Berry\nwill lessen the damage taken\nfrom one Normal-type attack.","version_group":{"name":"x-y","url":"http://pokeapi.co/api/v2/version-group/15/"},"language":{"name":"en","url":"http://pokeapi.co/api/v2/language/9/"}},{"text":"Se un Pokémon ha questa bacca, l’attacco\ndi tipo Normale del nemico viene indebolito.","version_group":{"name":"x-y","url":"http://pokeapi.co/api/v2/version-group/15/"},"language":{"name":"it","url":"http://pokeapi.co/api/v2/language/8/"}},{"text":"Garra ligera y afilada que permite que el Pokémon\nque la lleve ataque a veces el primero.","version_group":{"name":"x-y","url":"http://pokeapi.co/api/v2/version-group/15/"},"language":{"name":"es","url":"http://pokeapi.co/api/v2/language/7/"}},{"text":"Als getragenes Item schwächt diese Beere\nAttacken des Angreifers vom Typ Normal.","version_group":{"name":"x-y","url":"http://pokeapi.co/api/v2/version-group/15/"},"language":{"name":"de","url":"http://pokeapi.co/api/v2/language/6/"}},{"text":"Tenue, cette Baie affaiblit une attaque ennemie\nde type Normal.","version_group":{"name":"x-y","url":"http://pokeapi.co/api/v2/version-group/15/"},"language":{"name":"fr","url":"http://pokeapi.co/api/v2/language/5/"}},{"text":"포켓몬에게 지니게 하면\n노말 기술을 당했을 때\n위력이 약해진다.","version_group":{"name":"x-y","url":"http://pokeapi.co/api/v2/version-group/15/"},"language":{"name":"ko","url":"http://pokeapi.co/api/v2/language/3/"}},{"text":"ポケモンに　もたせると\nノーマル　わざを　うけたとき\nいりょくが　よわまる。","version_group":{"name":"x-y","url":"http://pokeapi.co/api/v2/version-group/15/"},"language":{"name":"ja","url":"http://pokeapi.co/api/v2/language/1/"}},{"text":"Weakens a Normal-type attack against\nthe Pokémon holding this berry.","version_group":{"name":"black-2-white-2","url":"http://pokeapi.co/api/v2/version-group/14/"},"language":{"name":"en","url":"http://pokeapi.co/api/v2/language/9/"}},{"text":"Weakens a Normal-type attack against\nthe Pokémon holding this berry.","version_group":{"name":"black-white","url":"http://pokeapi.co/api/v2/version-group/11/"},"language":{"name":"en","url":"http://pokeapi.co/api/v2/language/9/"}},{"text":"Tenue, cette Baie affaiblit une attaque\nennemie de type Normal.","version_group":{"name":"black-white","url":"http://pokeapi.co/api/v2/version-group/11/"},"language":{"name":"fr","url":"http://pokeapi.co/api/v2/language/5/"}},{"text":"If held by a Pokémon, it weakens a foe’s\nNormal-type attack.","version_group":{"name":"heartgold-soulsilver","url":"http://pokeapi.co/api/v2/version-group/10/"},"language":{"name":"en","url":"http://pokeapi.co/api/v2/language/9/"}},{"text":"A Poffin ingredient. If held by a\nPokémon, it weakens a foe’s\nNormal-type attack.","version_group":{"name":"platinum","url":"http://pokeapi.co/api/v2/version-group/9/"},"language":{"name":"en","url":"http://pokeapi.co/api/v2/language/9/"}},{"text":"A Poffin ingredient. If held by a\nPokémon, it weakens a foe’s\nNormal-type attack.","version_group":{"name":"diamond-pearl","url":"http://pokeapi.co/api/v2/version-group/8/"},"language":{"name":"en","url":"http://pokeapi.co/api/v2/language/9/"}}],"game_indices":[{"game_index":200,"generation":{"name":"generation-vi","url":"http://pokeapi.co/api/v2/generation/6/"}},{"game_index":200,"generation":{"name":"generation-v","url":"http://pokeapi.co/api/v2/generation/5/"}},{"game_index":200,"generation":{"name":"generation-iv","url":"http://pokeapi.co/api/v2/generation/4/"}}],"names":[{"name":"Chilan Berry","language":{"name":"en","url":"http://pokeapi.co/api/v2/language/9/"}},{"name":"Baccacinlan","language":{"name":"it","url":"http://pokeapi.co/api/v2/language/8/"}},{"name":"Baya Chilan","language":{"name":"es","url":"http://pokeapi.co/api/v2/language/7/"}},{"name":"Latchibeere","language":{"name":"de","url":"http://pokeapi.co/api/v2/language/6/"}},{"name":"Baie Zalis","language":{"name":"fr","url":"http://pokeapi.co/api/v2/language/5/"}},{"name":"카리열매","language":{"name":"ko","url":"http://pokeapi.co/api/v2/language/3/"}},{"name":"ホズのみ","language":{"name":"ja","url":"http://pokeapi.co/api/v2/language/1/"}}],"held_by_pokemon":[{"pokemon":{"name":"rattata","url":"http://pokeapi.co/api/v2/pokemon/19/"},"version_details":[{"rarity":5,"version":{"name":"white","url":"http://pokeapi.co/api/v2/version/18/"}},{"rarity":5,"version":{"name":"black","url":"http://pokeapi.co/api/v2/version/17/"}},{"rarity":5,"version":{"name":"soulsilver","url":"http://pokeapi.co/api/v2/version/16/"}},{"rarity":5,"version":{"name":"heartgold","url":"http://pokeapi.co/api/v2/version/15/"}},{"rarity":5,"version":{"name":"platinum","url":"http://pokeapi.co/api/v2/version/14/"}},{"rarity":5,"version":{"name":"pearl","url":"http://pokeapi.co/api/v2/version/13/"}},{"rarity":5,"version":{"name":"diamond","url":"http://pokeapi.co/api/v2/version/12/"}}]},{"pokemon":{"name":"raticate","url":"http://pokeapi.co/api/v2/pokemon/20/"},"version_details":[{"rarity":5,"version":{"name":"white","url":"http://pokeapi.co/api/v2/version/18/"}},{"rarity":5,"version":{"name":"black","url":"http://pokeapi.co/api/v2/version/17/"}},{"rarity":5,"version":{"name":"soulsilver","url":"http://pokeapi.co/api/v2/version/16/"}},{"rarity":5,"version":{"name":"heartgold","url":"http://pokeapi.co/api/v2/version/15/"}},{"rarity":5,"version":{"name":"platinum","url":"http://pokeapi.co/api/v2/version/14/"}},{"rarity":5,"version":{"name":"pearl","url":"http://pokeapi.co/api/v2/version/13/"}},{"rarity":5,"version":{"name":"diamond","url":"http://pokeapi.co/api/v2/version/12/"}}]}],"baby_trigger_for":null}