{"id":357,"name":"tm53","cost":3000,"fling_power":null,"fling_effect":null,"attributes":[],"category":{"name":"all-machines","url":"http://pokeapi.co/api/v2/item-category/37/"},"effect_entries":[{"effect":"Teaches Energy Ball to a compatible Pokémon.","short_effect":"Teaches Energy Ball to a compatible Pokémon.","language":{"name":"en","url":"http://pokeapi.co/api/v2/language/9/"}}],"flavor_text_entries":[{"text":"自然から　集めた\n命の力を　発射する。\n相手の　特防を　さげることが　ある。","version_group":{"name":"x-y","url":"http://pokeapi.co/api/v2/version-group/15/"},"language":{"name":"ja-kanji","url":"http://pokeapi.co/api/v2/language/11/"}},{"text":"The user draws power from nature and\nfires it at the target. This may also\nlower the target’s Sp. Def.","version_group":{"name":"x-y","url":"http://pokeapi.co/api/v2/version-group/15/"},"language":{"name":"en","url":"http://pokeapi.co/api/v2/language/9/"}},{"text":"Chi la usa attinge energia dalla natura e la scaglia\ncontro il nemico. Può anche ridurne la Difesa\nSpeciale.","version_group":{"name":"x-y","url":"http://pokeapi.co/api/v2/version-group/15/"},"language":{"name":"it","url":"http://pokeapi.co/api/v2/language/8/"}},{"text":"Lanza una luz cegadora que reduce la Precisión\ndel objetivo.","version_group":{"name":"x-y","url":"http://pokeapi.co/api/v2/version-group/15/"},"language":{"name":"es","url":"http://pokeapi.co/api/v2/language/7/"}},{"text":"Entfesselt die Kraft der Natur gegen das Ziel.\nDessen Spezial-Verteidigung sinkt eventuell.","version_group":{"name":"x-y","url":"http://pokeapi.co/api/v2/version-group/15/"},"language":{"name":"de","url":"http://pokeapi.co/api/v2/language/6/"}},{"text":"Utilise les pouvoirs de la nature pour attaquer\nl’ennemi. Peut aussi baisser sa Défense Spéciale.","version_group":{"name":"x-y","url":"http://pokeapi.co/api/v2/version-group/15/"},"language":{"name":"fr","url":"http://pokeapi.co/api/v2/language/5/"}},{"text":"자연으로부터 모은\n생명의 힘을 발사한다. 상대의\n특수방어를 떨어뜨릴 때가 있다.","version_group":{"name":"x-y","url":"http://pokeapi.co/api/v2/version-group/15/"},"language":{"name":"ko","url":"http://pokeapi.co/api/v2/language/3/"}},{"text":"いのちの　ちからを　あつめて\nこうげきする。　あたった　あいての\nとくぼうを　さげることが　ある。","version_group":{"name":"x-y","url":"http://pokeapi.co/api/v2/version-group/15/"},"language":{"name":"ja","url":"http://pokeapi.co/api/v2/language/1/"}},{"text":"The user draws power from nature and\nfires it at the target. It may also\nlower the target’s Sp. Def.","version_group":{"name":"black-2-white-2","url":"http://pokeapi.co/api/v2/version-group/14/"},"language":{"name":"en","url":"http://pokeapi.co/api/v2/language/9/"}},{"text":"The user draws power from nature and\nfires it at the target. It may also\nlower the target’s Sp. Def.","version_group":{"name":"black-white","url":"http://pokeapi.co/api/v2/version-group/11/"},"language":{"name":"en","url":"http://pokeapi.co/api/v2/language/9/"}},{"text":"Utilise les pouvoirs de la nature pour\nattaquer l’ennemi. Peut aussi baisser\nla Défense Spéciale de l’ennemi.","version_group":{"name":"black-white","url":"http://pokeapi.co/api/v2/version-group/11/"},"language":{"name":"fr","url":"http://pokeapi.co/api/v2/language/5/"}},{"text":"The user draws power from nature and\nfires it at the foe. It may also lower\nthe target’s Sp. Def.","version_group":{"name":"heartgold-soulsilver","url":"http://pokeapi.co/api/v2/version-group/10/"},"language":{"name":"en","url":"http://pokeapi.co/api/v2/language/9/"}},{"text":"The user draws power from nature and\nfires it at the foe. It may also lower\nthe target’s Sp. Def.","version_group":{"name":"platinum","url":"http://pokeapi.co/api/v2/version-group/9/"},"language":{"name":"en","url":"http://pokeapi.co/api/v2/language/9/"}},{"text":"The user draws power from nature and\nfires it at the foe. It may also lower\nthe target’s Sp. Def.","version_group":{"name":"diamond-pearl","url":"http://pokeapi.co/api/v2/version-group/8/"},"language":{"name":"en","url":"http://pokeapi.co/api/v2/language/9/"}}],"game_indices":[{"game_index":380,"generation":{"name":"generation-vi","url":"http://pokeapi.co/api/v2/generation/6/"}},{"game_index":380,"generation":{"name":"generation-v","url":"http://pokeapi.co/api/v2/generation/5/"}},{"game_index":380,"generation":{"name":"generation-iv","url":"http://pokeapi.co/api/v2/generation/4/"}}],"names":[{"name":"TM53","language":{"name":"en","url":"http://pokeapi.co/api/v2/language/9/"}},{"name":"MT53","language":{"name":"it","url":"http://pokeapi.co/api/v2/language/8/"}},{"name":"MT53","language":{"name":"es","url":"http://pokeapi.co/api/v2/language/7/"}},{"name":"TM53","language":{"name":"de","url":"http://pokeapi.co/api/v2/language/6/"}},{"name":"CT53","language":{"name":"fr","url":"http://pokeapi.co/api/v2/language/5/"}},{"name":"기술머신53","language":{"name":"ko","url":"http://pokeapi.co/api/v2/language/3/"}},{"name":"わざマシン５３","language":{"name":"ja","url":"http://pokeapi.co/api/v2/language/1/"}}],"held_by_pokemon":[],"baby_trigger_for":null}