{"id":338,"name":"tm34","cost":3000,"fling_power":null,"fling_effect":null,"attributes":[],"category":{"name":"all-machines","url":"http://pokeapi.co/api/v2/item-category/37/"},"effect_entries":[{"effect":"Teaches Shock Wave to a compatible Pokémon.","short_effect":"Teaches Sludge Wave to a compatible Pokémon. (Gen IV & III: Shock Wave Gen II: Swagger Gen I: Bide)","language":{"name":"en","url":"http://pokeapi.co/api/v2/language/9/"}}],"flavor_text_entries":[{"text":"ヘドロの　波で　自分の　周りに\nいるものを　攻撃する。\n毒状態に　することが　ある。","version_group":{"name":"x-y","url":"http://pokeapi.co/api/v2/version-group/15/"},"language":{"name":"ja-kanji","url":"http://pokeapi.co/api/v2/language/11/"}},{"text":"The user strikes everything around it by\nswamping the area with a giant sludge wave.\nThis may also poison those hit.","version_group":{"name":"x-y","url":"http://pokeapi.co/api/v2/version-group/15/"},"language":{"name":"en","url":"http://pokeapi.co/api/v2/language/9/"}},{"text":"Lancia un’onda di fango che attacca tutti\ni Pokémon nelle vicinanze. Può anche avvelenarli.","version_group":{"name":"x-y","url":"http://pokeapi.co/api/v2/version-group/15/"},"language":{"name":"it","url":"http://pokeapi.co/api/v2/language/8/"}},{"text":"Alas macizas que golpean al objetivo y pueden\nsubir la Defensa del usuario.","version_group":{"name":"x-y","url":"http://pokeapi.co/api/v2/version-group/15/"},"language":{"name":"es","url":"http://pokeapi.co/api/v2/language/7/"}},{"text":"Greift Pokémon in der Nähe des Anwenders mit\neiner Schlammwelle an. Diese werden eventuell\nvergiftet.","version_group":{"name":"x-y","url":"http://pokeapi.co/api/v2/version-group/15/"},"language":{"name":"de","url":"http://pokeapi.co/api/v2/language/6/"}},{"text":"Une vague de détritus attaque tous les Pokémon\nautour du lanceur. Peut aussi empoisonner.","version_group":{"name":"x-y","url":"http://pokeapi.co/api/v2/version-group/15/"},"language":{"name":"fr","url":"http://pokeapi.co/api/v2/language/5/"}},{"text":"오물의 파장으로 자신의 주위에\n있는 포켓몬을 공격한다.\n독 상태로 만들기도 한다.","version_group":{"name":"x-y","url":"http://pokeapi.co/api/v2/version-group/15/"},"language":{"name":"ko","url":"http://pokeapi.co/api/v2/language/3/"}},{"text":"ヘドロの　なみで　じぶんの　まわりに\nいるものを　こうげきする。\nどくに　することが　ある。","version_group":{"name":"x-y","url":"http://pokeapi.co/api/v2/version-group/15/"},"language":{"name":"ja","url":"http://pokeapi.co/api/v2/language/1/"}},{"text":"It swamps the area around the user\nwith a giant sludge wave.\nIt may also poison those hit.","version_group":{"name":"black-2-white-2","url":"http://pokeapi.co/api/v2/version-group/14/"},"language":{"name":"en","url":"http://pokeapi.co/api/v2/language/9/"}},{"text":"It swamps the area around the user\nwith a giant sludge wave.\nIt may also poison those hit.","version_group":{"name":"black-white","url":"http://pokeapi.co/api/v2/version-group/11/"},"language":{"name":"en","url":"http://pokeapi.co/api/v2/language/9/"}},{"text":"Attaque tout ce qui se trouve autour\navec une vague de crasse. Peut aussi\nempoisonner.","version_group":{"name":"black-white","url":"http://pokeapi.co/api/v2/version-group/11/"},"language":{"name":"fr","url":"http://pokeapi.co/api/v2/language/5/"}},{"text":"The user strikes the foe with a quick\njolt of electricity. This attack cannot\nbe evaded.","version_group":{"name":"heartgold-soulsilver","url":"http://pokeapi.co/api/v2/version-group/10/"},"language":{"name":"en","url":"http://pokeapi.co/api/v2/language/9/"}},{"text":"The user strikes the foe with a quick\njolt of electricity. This attack cannot\nbe evaded.","version_group":{"name":"platinum","url":"http://pokeapi.co/api/v2/version-group/9/"},"language":{"name":"en","url":"http://pokeapi.co/api/v2/language/9/"}},{"text":"The user strikes the foe with a quick\njolt of electricity. This attack cannot\nbe evaded.","version_group":{"name":"diamond-pearl","url":"http://pokeapi.co/api/v2/version-group/8/"},"language":{"name":"en","url":"http://pokeapi.co/api/v2/language/9/"}},{"text":"A rapid jolt of\nelectricity strikes\nthe foe. It can’t\nbe evaded.","version_group":{"name":"firered-leafgreen","url":"http://pokeapi.co/api/v2/version-group/7/"},"language":{"name":"en","url":"http://pokeapi.co/api/v2/language/9/"}},{"text":"Zaps the foe with a\njolt of electricity\nthat never misses.","version_group":{"name":"emerald","url":"http://pokeapi.co/api/v2/version-group/6/"},"language":{"name":"en","url":"http://pokeapi.co/api/v2/language/9/"}},{"text":"Zaps the foe with a\njolt of electricity\nthat never misses.","version_group":{"name":"ruby-sapphire","url":"http://pokeapi.co/api/v2/version-group/5/"},"language":{"name":"en","url":"http://pokeapi.co/api/v2/language/9/"}}],"game_indices":[{"game_index":361,"generation":{"name":"generation-vi","url":"http://pokeapi.co/api/v2/generation/6/"}},{"game_index":361,"generation":{"name":"generation-v","url":"http://pokeapi.co/api/v2/generation/5/"}},{"game_index":361,"generation":{"name":"generation-iv","url":"http://pokeapi.co/api/v2/generation/4/"}},{"game_index":322,"generation":{"name":"generation-iii","url":"http://pokeapi.co/api/v2/generation/3/"}}],"names":[{"name":"TM34","language":{"name":"en","url":"http://pokeapi.co/api/v2/language/9/"}},{"name":"MT34","language":{"name":"it","url":"http://pokeapi.co/api/v2/language/8/"}},{"name":"MT34","language":{"name":"es","url":"http://pokeapi.co/api/v2/language/7/"}},{"name":"TM34","language":{"name":"de","url":"http://pokeapi.co/api/v2/language/6/"}},{"name":"CT34","language":{"name":"fr","url":"http://pokeapi.co/api/v2/language/5/"}},{"name":"기술머신34","language":{"name":"ko","url":"http://pokeapi.co/api/v2/language/3/"}},{"name":"わざマシン３４","language":{"name":"ja","url":"http://pokeapi.co/api/v2/language/1/"}}],"held_by_pokemon":[],"baby_trigger_for":null}