{"id":111,"name":"odd-keystone","cost":2100,"fling_power":80,"fling_effect":null,"attributes":[{"name":"underground","url":"http://pokeapi.co/api/v2/item-attribute/8/"}],"category":{"name":"dex-completion","url":"http://pokeapi.co/api/v2/item-category/35/"},"effect_entries":[{"effect":"Place in the tower on sinnoh route 209.  Check the stone to encounter a spiritomb, as long as the trainer's Underground status card counts at least 32 greetings.","short_effect":"Use on the tower on Route 209 to encounter Spiritomb if you have at least 32 Underground greetings.","language":{"name":"en","url":"http://pokeapi.co/api/v2/language/9/"}}],"flavor_text_entries":[{"text":"これがないと　石の塔が\n崩れてしまう　大事な石。\nときどき　石から　声が聞こえる。","version_group":{"name":"x-y","url":"http://pokeapi.co/api/v2/version-group/15/"},"language":{"name":"ja-kanji","url":"http://pokeapi.co/api/v2/language/11/"}},{"text":"A vital item that is needed to keep a\nstone tower from collapsing. Voices\ncan be heard from it occasionally.","version_group":{"name":"x-y","url":"http://pokeapi.co/api/v2/version-group/15/"},"language":{"name":"en","url":"http://pokeapi.co/api/v2/language/9/"}},{"text":"Strumento importante che impedisce il crollo\ndi un pozzo di pietra. A volte dal suo interno\nprovengono delle voci.","version_group":{"name":"x-y","url":"http://pokeapi.co/api/v2/version-group/15/"},"language":{"name":"it","url":"http://pokeapi.co/api/v2/language/8/"}},{"text":"Vital para impedir que una torre de piedra se\nderrumbe. A veces se oyen voces en su interior.","version_group":{"name":"x-y","url":"http://pokeapi.co/api/v2/version-group/15/"},"language":{"name":"es","url":"http://pokeapi.co/api/v2/language/7/"}},{"text":"Ein wichtiges Item, mit dem ein Steinturm\nrepariert werden kann.","version_group":{"name":"x-y","url":"http://pokeapi.co/api/v2/version-group/15/"},"language":{"name":"de","url":"http://pokeapi.co/api/v2/language/6/"}},{"text":"Un objet très important qui empêche une tour\nen pierre de s’écrouler. Des bruits de voix\nen sortent parfois.","version_group":{"name":"x-y","url":"http://pokeapi.co/api/v2/version-group/15/"},"language":{"name":"fr","url":"http://pokeapi.co/api/v2/language/5/"}},{"text":"이것이 없으면 돌탑이\n무너져버리는 중요한 돌.\n가끔 돌에서 목소리가 들린다.","version_group":{"name":"x-y","url":"http://pokeapi.co/api/v2/version-group/15/"},"language":{"name":"ko","url":"http://pokeapi.co/api/v2/language/3/"}},{"text":"これがないと　いしのとうが\nくずれてしまう　だいじないし。\nときどき　いしから　こえがきこえる。","version_group":{"name":"x-y","url":"http://pokeapi.co/api/v2/version-group/15/"},"language":{"name":"ja","url":"http://pokeapi.co/api/v2/language/1/"}},{"text":"A vital item that is needed to keep a\nstone tower from collapsing. Voices\ncan be heard from it occasionally.","version_group":{"name":"black-2-white-2","url":"http://pokeapi.co/api/v2/version-group/14/"},"language":{"name":"en","url":"http://pokeapi.co/api/v2/language/9/"}},{"text":"A vital item that is needed to keep a\nstone tower from collapsing. Voices\ncan be heard from it occasionally.","version_group":{"name":"black-white","url":"http://pokeapi.co/api/v2/version-group/11/"},"language":{"name":"en","url":"http://pokeapi.co/api/v2/language/9/"}},{"text":"Objet très important qui empêche une\ntour en pierre de s’écrouler. Des\nbruits de voix en sortent parfois.","version_group":{"name":"black-white","url":"http://pokeapi.co/api/v2/version-group/11/"},"language":{"name":"fr","url":"http://pokeapi.co/api/v2/language/5/"}},{"text":"A vital item that is needed to keep a\nstone tower from collapsing. Voices\ncan be heard from it occasionally.","version_group":{"name":"heartgold-soulsilver","url":"http://pokeapi.co/api/v2/version-group/10/"},"language":{"name":"en","url":"http://pokeapi.co/api/v2/language/9/"}},{"text":"A vital item that is needed to keep a\nstone tower from collapsing. Voices\ncan be heard from it occasionally.","version_group":{"name":"platinum","url":"http://pokeapi.co/api/v2/version-group/9/"},"language":{"name":"en","url":"http://pokeapi.co/api/v2/language/9/"}},{"text":"A vital item that is needed to keep a\nstone tower from collapsing. Voices\ncan be heard from it occasionally.","version_group":{"name":"diamond-pearl","url":"http://pokeapi.co/api/v2/version-group/8/"},"language":{"name":"en","url":"http://pokeapi.co/api/v2/language/9/"}}],"game_indices":[{"game_index":111,"generation":{"name":"generation-vi","url":"http://pokeapi.co/api/v2/generation/6/"}},{"game_index":111,"generation":{"name":"generation-v","url":"http://pokeapi.co/api/v2/generation/5/"}},{"game_index":111,"generation":{"name":"generation-iv","url":"http://pokeapi.co/api/v2/generation/4/"}}],"names":[{"name":"Odd Keystone","language":{"name":"en","url":"http://pokeapi.co/api/v2/language/9/"}},{"name":"Roccianima","language":{"name":"it","url":"http://pokeapi.co/api/v2/language/8/"}},{"name":"Piedra Espíritu","language":{"name":"es","url":"http://pokeapi.co/api/v2/language/7/"}},{"name":"Spiritkern","language":{"name":"de","url":"http://pokeapi.co/api/v2/language/6/"}},{"name":"Clé de Voûte","language":{"name":"fr","url":"http://pokeapi.co/api/v2/language/5/"}},{"name":"쐐기돌","language":{"name":"ko","url":"http://pokeapi.co/api/v2/language/3/"}},{"name":"かなめいし","language":{"name":"ja","url":"http://pokeapi.co/api/v2/language/1/"}}],"held_by_pokemon":[],"baby_trigger_for":null}