{"id":130,"name":"aspear-berry","cost":20,"fling_power":10,"fling_effect":{"name":"berry-effect","url":"http://pokeapi.co/api/v2/item-fling-effect/3/"},"attributes":[{"name":"holdable-active","url":"http://pokeapi.co/api/v2/item-attribute/7/"}],"category":{"name":"medicine","url":"http://pokeapi.co/api/v2/item-category/3/"},"effect_entries":[{"effect":"Held in battle\n:   When the holder is frozen, it consumes this item to thaw itself.\n\nUsed on a party Pokémon\n:   Cures freezing.","short_effect":"Held: Consumed when frozen to cure frozen.","language":{"name":"en","url":"http://pokeapi.co/api/v2/language/9/"}}],"flavor_text_entries":[{"text":"ポケモンに　持たせると\nこおりを　回復する。\n","version_group":{"name":"x-y","url":"http://pokeapi.co/api/v2/version-group/15/"},"language":{"name":"ja-kanji","url":"http://pokeapi.co/api/v2/language/11/"}},{"text":"A Berry to be consumed by Pokémon.\nIf a Pokémon holds one, it can recover\nfrom being frozen on its own in battle.","version_group":{"name":"x-y","url":"http://pokeapi.co/api/v2/version-group/15/"},"language":{"name":"en","url":"http://pokeapi.co/api/v2/language/9/"}},{"text":"Se un Pokémon ha questa bacca, guarisce\ndal congelamento.","version_group":{"name":"x-y","url":"http://pokeapi.co/api/v2/version-group/15/"},"language":{"name":"it","url":"http://pokeapi.co/api/v2/language/8/"}},{"text":"Al usarla con un Pokémon, se gana su amistad,\npero también reduce su Ataque de base.","version_group":{"name":"x-y","url":"http://pokeapi.co/api/v2/version-group/15/"},"language":{"name":"es","url":"http://pokeapi.co/api/v2/language/7/"}},{"text":"Gibst du die Beere einem Pokémon zum Tragen,\nheilt diese es von Frost.","version_group":{"name":"x-y","url":"http://pokeapi.co/api/v2/version-group/15/"},"language":{"name":"de","url":"http://pokeapi.co/api/v2/language/6/"}},{"text":"Une Baie qui soigne le gel lorsqu’elle est\ntenue par un Pokémon.","version_group":{"name":"x-y","url":"http://pokeapi.co/api/v2/version-group/15/"},"language":{"name":"fr","url":"http://pokeapi.co/api/v2/language/5/"}},{"text":"포켓몬에게 지니게 하면\n얼음을 회복한다.","version_group":{"name":"x-y","url":"http://pokeapi.co/api/v2/version-group/15/"},"language":{"name":"ko","url":"http://pokeapi.co/api/v2/language/3/"}},{"text":"ポケモンに　もたせると\nこおりを　かいふくする。\n","version_group":{"name":"x-y","url":"http://pokeapi.co/api/v2/version-group/15/"},"language":{"name":"ja","url":"http://pokeapi.co/api/v2/language/1/"}},{"text":"If held by a Pokémon,\nit defrosts it.","version_group":{"name":"black-2-white-2","url":"http://pokeapi.co/api/v2/version-group/14/"},"language":{"name":"en","url":"http://pokeapi.co/api/v2/language/9/"}},{"text":"If held by a Pokémon,\nit defrosts it.","version_group":{"name":"black-white","url":"http://pokeapi.co/api/v2/version-group/11/"},"language":{"name":"en","url":"http://pokeapi.co/api/v2/language/9/"}},{"text":"Baie qui soigne le gel lorsqu’elle\nest tenue par un Pokémon.","version_group":{"name":"black-white","url":"http://pokeapi.co/api/v2/version-group/11/"},"language":{"name":"fr","url":"http://pokeapi.co/api/v2/language/5/"}},{"text":"It may be used or held by a Pokémon to\ndefrost it.\n","version_group":{"name":"heartgold-soulsilver","url":"http://pokeapi.co/api/v2/version-group/10/"},"language":{"name":"en","url":"http://pokeapi.co/api/v2/language/9/"}},{"text":"A Poffin ingredient. It may be used\nor held by a Pokémon to defrost it.\n","version_group":{"name":"platinum","url":"http://pokeapi.co/api/v2/version-group/9/"},"language":{"name":"en","url":"http://pokeapi.co/api/v2/language/9/"}},{"text":"A Poffin ingredient. It may be used\nor held by a Pokémon to defrost it.\n","version_group":{"name":"diamond-pearl","url":"http://pokeapi.co/api/v2/version-group/8/"},"language":{"name":"en","url":"http://pokeapi.co/api/v2/language/9/"}},{"text":"When held by a POKéMON, it will be\nused in battle for defrosting.","version_group":{"name":"firered-leafgreen","url":"http://pokeapi.co/api/v2/version-group/7/"},"language":{"name":"en","url":"http://pokeapi.co/api/v2/language/9/"}},{"text":"A hold item that\ndefrosts POKéMON\nin battle.","version_group":{"name":"emerald","url":"http://pokeapi.co/api/v2/version-group/6/"},"language":{"name":"en","url":"http://pokeapi.co/api/v2/language/9/"}},{"text":"A hold item that\ndefrosts POKéMON\nin battle.","version_group":{"name":"ruby-sapphire","url":"http://pokeapi.co/api/v2/version-group/5/"},"language":{"name":"en","url":"http://pokeapi.co/api/v2/language/9/"}}],"game_indices":[{"game_index":153,"generation":{"name":"generation-vi","url":"http://pokeapi.co/api/v2/generation/6/"}},{"game_index":153,"generation":{"name":"generation-v","url":"http://pokeapi.co/api/v2/generation/5/"}},{"game_index":153,"generation":{"name":"generation-iv","url":"http://pokeapi.co/api/v2/generation/4/"}},{"game_index":137,"generation":{"name":"generation-iii","url":"http://pokeapi.co/api/v2/generation/3/"}}],"names":[{"name":"Aspear Berry","language":{"name":"en","url":"http://pokeapi.co/api/v2/language/9/"}},{"name":"Baccaperina","language":{"name":"it","url":"http://pokeapi.co/api/v2/language/8/"}},{"name":"Baya Perasi","language":{"name":"es","url":"http://pokeapi.co/api/v2/language/7/"}},{"name":"Wilbirbeere","language":{"name":"de","url":"http://pokeapi.co/api/v2/language/6/"}},{"name":"Baie Willia","language":{"name":"fr","url":"http://pokeapi.co/api/v2/language/5/"}},{"name":"배리열매","language":{"name":"ko","url":"http://pokeapi.co/api/v2/language/3/"}},{"name":"ナナシのみ","language":{"name":"ja","url":"http://pokeapi.co/api/v2/language/1/"}}],"held_by_pokemon":[{"pokemon":{"name":"seel","url":"http://pokeapi.co/api/v2/pokemon/86/"},"version_details":[{"rarity":50,"version":{"name":"leafgreen","url":"http://pokeapi.co/api/v2/version/11/"}},{"rarity":50,"version":{"name":"firered","url":"http://pokeapi.co/api/v2/version/10/"}}]},{"pokemon":{"name":"dewgong","url":"http://pokeapi.co/api/v2/pokemon/87/"},"version_details":[{"rarity":50,"version":{"name":"leafgreen","url":"http://pokeapi.co/api/v2/version/11/"}},{"rarity":50,"version":{"name":"firered","url":"http://pokeapi.co/api/v2/version/10/"}}]},{"pokemon":{"name":"jynx","url":"http://pokeapi.co/api/v2/pokemon/124/"},"version_details":[{"rarity":100,"version":{"name":"white-2","url":"http://pokeapi.co/api/v2/version/22/"}},{"rarity":100,"version":{"name":"black-2","url":"http://pokeapi.co/api/v2/version/21/"}},{"rarity":100,"version":{"name":"white","url":"http://pokeapi.co/api/v2/version/18/"}},{"rarity":100,"version":{"name":"black","url":"http://pokeapi.co/api/v2/version/17/"}},{"rarity":100,"version":{"name":"soulsilver","url":"http://pokeapi.co/api/v2/version/16/"}},{"rarity":100,"version":{"name":"heartgold","url":"http://pokeapi.co/api/v2/version/15/"}},{"rarity":100,"version":{"name":"platinum","url":"http://pokeapi.co/api/v2/version/14/"}},{"rarity":100,"version":{"name":"pearl","url":"http://pokeapi.co/api/v2/version/13/"}},{"rarity":100,"version":{"name":"diamond","url":"http://pokeapi.co/api/v2/version/12/"}},{"rarity":100,"version":{"name":"emerald","url":"http://pokeapi.co/api/v2/version/9/"}},{"rarity":100,"version":{"name":"sapphire","url":"http://pokeapi.co/api/v2/version/8/"}},{"rarity":100,"version":{"name":"ruby","url":"http://pokeapi.co/api/v2/version/7/"}}]},{"pokemon":{"name":"swinub","url":"http://pokeapi.co/api/v2/pokemon/220/"},"version_details":[{"rarity":50,"version":{"name":"leafgreen","url":"http://pokeapi.co/api/v2/version/11/"}},{"rarity":50,"version":{"name":"firered","url":"http://pokeapi.co/api/v2/version/10/"}}]},{"pokemon":{"name":"piloswine","url":"http://pokeapi.co/api/v2/pokemon/221/"},"version_details":[{"rarity":50,"version":{"name":"leafgreen","url":"http://pokeapi.co/api/v2/version/11/"}},{"rarity":50,"version":{"name":"firered","url":"http://pokeapi.co/api/v2/version/10/"}}]},{"pokemon":{"name":"smoochum","url":"http://pokeapi.co/api/v2/pokemon/238/"},"version_details":[{"rarity":100,"version":{"name":"white-2","url":"http://pokeapi.co/api/v2/version/22/"}},{"rarity":100,"version":{"name":"black-2","url":"http://pokeapi.co/api/v2/version/21/"}},{"rarity":100,"version":{"name":"white","url":"http://pokeapi.co/api/v2/version/18/"}},{"rarity":100,"version":{"name":"black","url":"http://pokeapi.co/api/v2/version/17/"}},{"rarity":100,"version":{"name":"soulsilver","url":"http://pokeapi.co/api/v2/version/16/"}},{"rarity":100,"version":{"name":"heartgold","url":"http://pokeapi.co/api/v2/version/15/"}},{"rarity":100,"version":{"name":"platinum","url":"http://pokeapi.co/api/v2/version/14/"}},{"rarity":100,"version":{"name":"pearl","url":"http://pokeapi.co/api/v2/version/13/"}},{"rarity":100,"version":{"name":"diamond","url":"http://pokeapi.co/api/v2/version/12/"}},{"rarity":100,"version":{"name":"emerald","url":"http://pokeapi.co/api/v2/version/9/"}},{"rarity":100,"version":{"name":"sapphire","url":"http://pokeapi.co/api/v2/version/8/"}},{"rarity":100,"version":{"name":"ruby","url":"http://pokeapi.co/api/v2/version/7/"}}]},{"pokemon":{"name":"cubchoo","url":"http://pokeapi.co/api/v2/pokemon/613/"},"version_details":[{"rarity":50,"version":{"name":"white-2","url":"http://pokeapi.co/api/v2/version/22/"}},{"rarity":50,"version":{"name":"black-2","url":"http://pokeapi.co/api/v2/version/21/"}},{"rarity":50,"version":{"name":"white","url":"http://pokeapi.co/api/v2/version/18/"}},{"rarity":50,"version":{"name":"black","url":"http://pokeapi.co/api/v2/version/17/"}}]},{"pokemon":{"name":"beartic","url":"http://pokeapi.co/api/v2/pokemon/614/"},"version_details":[{"rarity":50,"version":{"name":"white-2","url":"http://pokeapi.co/api/v2/version/22/"}},{"rarity":50,"version":{"name":"black-2","url":"http://pokeapi.co/api/v2/version/21/"}},{"rarity":50,"version":{"name":"white","url":"http://pokeapi.co/api/v2/version/18/"}},{"rarity":50,"version":{"name":"black","url":"http://pokeapi.co/api/v2/version/17/"}}]}],"baby_trigger_for":null}