{"id":295,"name":"rose-incense","cost":9600,"fling_power":10,"fling_effect":null,"attributes":[{"name":"holdable","url":"http://pokeapi.co/api/v2/item-attribute/5/"},{"name":"holdable-active","url":"http://pokeapi.co/api/v2/item-attribute/7/"}],"category":{"name":"type-enhancement","url":"http://pokeapi.co/api/v2/item-category/19/"},"effect_entries":[{"effect":"Held: Increases the power of the holder's Grass moves by 20%.","short_effect":"Held: Grass-Type moves from holder do 20% more damage. Breeding: Roselia or Roserade beget a Budew Egg.","language":{"name":"en","url":"http://pokeapi.co/api/v2/language/9/"}}],"flavor_text_entries":[{"text":"不思議な　香りの　御香。\n持たせると　くさタイプの\n技の　威力が　あがる。","version_group":{"name":"x-y","url":"http://pokeapi.co/api/v2/version-group/15/"},"language":{"name":"ja-kanji","url":"http://pokeapi.co/api/v2/language/11/"}},{"text":"An item to be held by a Pokémon.\nThis exotic-smelling incense boosts\nthe power of Grass-type moves.","version_group":{"name":"x-y","url":"http://pokeapi.co/api/v2/version-group/15/"},"language":{"name":"en","url":"http://pokeapi.co/api/v2/language/9/"}},{"text":"Strumento da dare a un Pokémon.\nIncenso dal profumo esotico che potenzia\nle mosse di tipo Erba.","version_group":{"name":"x-y","url":"http://pokeapi.co/api/v2/version-group/15/"},"language":{"name":"it","url":"http://pokeapi.co/api/v2/language/8/"}},{"text":"Tensa los músculos de quien lo usa y potencia\nsu Ataque y su Defensa.","version_group":{"name":"x-y","url":"http://pokeapi.co/api/v2/version-group/15/"},"language":{"name":"es","url":"http://pokeapi.co/api/v2/language/7/"}},{"text":"Ein Item zum Tragen. Dieses exotische Duftkraut\nverstärkt Attacken vom Typ Pflanze.","version_group":{"name":"x-y","url":"http://pokeapi.co/api/v2/version-group/15/"},"language":{"name":"de","url":"http://pokeapi.co/api/v2/language/6/"}},{"text":"Objet à tenir. Un encens au parfum exotique\naugmentant la puissance des capacités de\ntype Plante.","version_group":{"name":"x-y","url":"http://pokeapi.co/api/v2/version-group/15/"},"language":{"name":"fr","url":"http://pokeapi.co/api/v2/language/5/"}},{"text":"이상한 향기의 향로.\n지니게 하면 풀타입\n기술의 위력이 올라간다.","version_group":{"name":"x-y","url":"http://pokeapi.co/api/v2/version-group/15/"},"language":{"name":"ko","url":"http://pokeapi.co/api/v2/language/3/"}},{"text":"ふしぎな　かおりの　おこう。\nもたせると　くさタイプの\nわざの　いりょくが　あがる。","version_group":{"name":"x-y","url":"http://pokeapi.co/api/v2/version-group/15/"},"language":{"name":"ja","url":"http://pokeapi.co/api/v2/language/1/"}},{"text":"An item to be held by a Pokémon. It is\nan exotic-smelling incense that boosts\nthe power of Grass-type moves.","version_group":{"name":"black-2-white-2","url":"http://pokeapi.co/api/v2/version-group/14/"},"language":{"name":"en","url":"http://pokeapi.co/api/v2/language/9/"}},{"text":"An item to be held by a Pokémon. It is\nan exotic-smelling incense that boosts\nthe power of Grass-type moves.","version_group":{"name":"black-white","url":"http://pokeapi.co/api/v2/version-group/11/"},"language":{"name":"en","url":"http://pokeapi.co/api/v2/language/9/"}},{"text":"Objet à tenir. Encens au parfum\nexotique augmentant la puissance\ndes capacités de type Plante.","version_group":{"name":"black-white","url":"http://pokeapi.co/api/v2/version-group/11/"},"language":{"name":"fr","url":"http://pokeapi.co/api/v2/language/5/"}},{"text":"An item to be held by a Pokémon. It is\nan exotic-smelling incense that boosts\nthe power of Grass-type moves.","version_group":{"name":"heartgold-soulsilver","url":"http://pokeapi.co/api/v2/version-group/10/"},"language":{"name":"en","url":"http://pokeapi.co/api/v2/language/9/"}},{"text":"An item to be held by a Pokémon. It is\nan exotic-smelling incense that boosts\nthe power of Grass-type moves.","version_group":{"name":"platinum","url":"http://pokeapi.co/api/v2/version-group/9/"},"language":{"name":"en","url":"http://pokeapi.co/api/v2/language/9/"}},{"text":"An item to be held by a Pokémon. It is\nan exotic-smelling incense that boosts\nthe power of Grass-type moves.","version_group":{"name":"diamond-pearl","url":"http://pokeapi.co/api/v2/version-group/8/"},"language":{"name":"en","url":"http://pokeapi.co/api/v2/language/9/"}}],"game_indices":[{"game_index":318,"generation":{"name":"generation-vi","url":"http://pokeapi.co/api/v2/generation/6/"}},{"game_index":318,"generation":{"name":"generation-v","url":"http://pokeapi.co/api/v2/generation/5/"}},{"game_index":318,"generation":{"name":"generation-iv","url":"http://pokeapi.co/api/v2/generation/4/"}}],"names":[{"name":"Rose Incense","language":{"name":"en","url":"http://pokeapi.co/api/v2/language/9/"}},{"name":"Rosaroma","language":{"name":"it","url":"http://pokeapi.co/api/v2/language/8/"}},{"name":"Incienso Floral","language":{"name":"es","url":"http://pokeapi.co/api/v2/language/7/"}},{"name":"Rosenrauch","language":{"name":"de","url":"http://pokeapi.co/api/v2/language/6/"}},{"name":"Encens Fleur","language":{"name":"fr","url":"http://pokeapi.co/api/v2/language/5/"}},{"name":"꽃향로","language":{"name":"ko","url":"http://pokeapi.co/api/v2/language/3/"}},{"name":"おはなのおこう","language":{"name":"ja","url":"http://pokeapi.co/api/v2/language/1/"}}],"held_by_pokemon":[],"baby_trigger_for":{"url":"http://pokeapi.co/api/v2/evolution-chain/158/"}}