{"id":245,"name":"expert-belt","cost":200,"fling_power":10,"fling_effect":null,"attributes":[{"name":"holdable","url":"http://pokeapi.co/api/v2/item-attribute/5/"},{"name":"holdable-active","url":"http://pokeapi.co/api/v2/item-attribute/7/"}],"category":{"name":"held-items","url":"http://pokeapi.co/api/v2/item-category/12/"},"effect_entries":[{"effect":"Held: When the holder hits with a super-effective move, its power is raised by 20%.","short_effect":"Held: Holder's Super Effective moves do 20% extra damage.","language":{"name":"en","url":"http://pokeapi.co/api/v2/language/9/"}}],"flavor_text_entries":[{"text":"使いこまれた　黒い　帯。\n持たせると　効果バツグンの　とき\n技の　威力が　少し　あがる。","version_group":{"name":"x-y","url":"http://pokeapi.co/api/v2/version-group/15/"},"language":{"name":"ja-kanji","url":"http://pokeapi.co/api/v2/language/11/"}},{"text":"An item to be held by a Pokémon.\nIt’s a well-worn belt that slightly boosts\nthe power of supereffective moves.","version_group":{"name":"x-y","url":"http://pokeapi.co/api/v2/version-group/15/"},"language":{"name":"en","url":"http://pokeapi.co/api/v2/language/9/"}},{"text":"Strumento da dare a un Pokémon.\nCintura consumata che potenzia di poco\nle mosse superefficaci.","version_group":{"name":"x-y","url":"http://pokeapi.co/api/v2/version-group/15/"},"language":{"name":"it","url":"http://pokeapi.co/api/v2/language/8/"}},{"text":"Prolonga la duración del movimiento Danza Lluvia\nque use el Pokémon que la lleva.","version_group":{"name":"x-y","url":"http://pokeapi.co/api/v2/version-group/15/"},"language":{"name":"es","url":"http://pokeapi.co/api/v2/language/7/"}},{"text":"Ein Item zum Tragen. Dieser alte Gürtel verstärkt\nsehr effektive Attacken.","version_group":{"name":"x-y","url":"http://pokeapi.co/api/v2/version-group/15/"},"language":{"name":"de","url":"http://pokeapi.co/api/v2/language/6/"}},{"text":"Objet à tenir. Une ceinture usée augmentant\nlégèrement la puissance des capacités super\nefficaces.","version_group":{"name":"x-y","url":"http://pokeapi.co/api/v2/version-group/15/"},"language":{"name":"fr","url":"http://pokeapi.co/api/v2/language/5/"}},{"text":"오래 사용한 까만 띠.\n지니게 하면 효과가 뛰어날 때\n기술의 위력이 조금 올라간다.","version_group":{"name":"x-y","url":"http://pokeapi.co/api/v2/version-group/15/"},"language":{"name":"ko","url":"http://pokeapi.co/api/v2/language/3/"}},{"text":"つかいこまれた　くろい　おび。\nもたせると　こうかばつぐんの　とき\nわざの　いりょくが　すこし　あがる。","version_group":{"name":"x-y","url":"http://pokeapi.co/api/v2/version-group/15/"},"language":{"name":"ja","url":"http://pokeapi.co/api/v2/language/1/"}},{"text":"An item to be held by a Pokémon. It is\na well-worn belt that slightly boosts\nthe power of supereffective moves.","version_group":{"name":"black-2-white-2","url":"http://pokeapi.co/api/v2/version-group/14/"},"language":{"name":"en","url":"http://pokeapi.co/api/v2/language/9/"}},{"text":"An item to be held by a Pokémon. It is\na well-worn belt that slightly boosts\nthe power of supereffective moves.","version_group":{"name":"black-white","url":"http://pokeapi.co/api/v2/version-group/11/"},"language":{"name":"en","url":"http://pokeapi.co/api/v2/language/9/"}},{"text":"Objet à tenir. Ceinture usée\naugmentant légèrement la puissance\ndes capacités super efficaces.","version_group":{"name":"black-white","url":"http://pokeapi.co/api/v2/version-group/11/"},"language":{"name":"fr","url":"http://pokeapi.co/api/v2/language/5/"}},{"text":"An item to be held by a Pokémon. It is\na well-worn belt that slightly boosts\nthe power of supereffective moves.","version_group":{"name":"heartgold-soulsilver","url":"http://pokeapi.co/api/v2/version-group/10/"},"language":{"name":"en","url":"http://pokeapi.co/api/v2/language/9/"}},{"text":"An item to be held by a Pokémon. It is\na well-worn belt that slightly boosts\nthe power of supereffective moves.","version_group":{"name":"platinum","url":"http://pokeapi.co/api/v2/version-group/9/"},"language":{"name":"en","url":"http://pokeapi.co/api/v2/language/9/"}},{"text":"An item to be held by a Pokémon. It is\na well-worn belt that slightly boosts\nthe power of supereffective moves.","version_group":{"name":"diamond-pearl","url":"http://pokeapi.co/api/v2/version-group/8/"},"language":{"name":"en","url":"http://pokeapi.co/api/v2/language/9/"}}],"game_indices":[{"game_index":268,"generation":{"name":"generation-vi","url":"http://pokeapi.co/api/v2/generation/6/"}},{"game_index":268,"generation":{"name":"generation-v","url":"http://pokeapi.co/api/v2/generation/5/"}},{"game_index":268,"generation":{"name":"generation-iv","url":"http://pokeapi.co/api/v2/generation/4/"}}],"names":[{"name":"Expert Belt","language":{"name":"en","url":"http://pokeapi.co/api/v2/language/9/"}},{"name":"Abilcintura","language":{"name":"it","url":"http://pokeapi.co/api/v2/language/8/"}},{"name":"Cinta Experto","language":{"name":"es","url":"http://pokeapi.co/api/v2/language/7/"}},{"name":"Expertengurt","language":{"name":"de","url":"http://pokeapi.co/api/v2/language/6/"}},{"name":"Ceinture Pro","language":{"name":"fr","url":"http://pokeapi.co/api/v2/language/5/"}},{"name":"달인의띠","language":{"name":"ko","url":"http://pokeapi.co/api/v2/language/3/"}},{"name":"たつじんのおび","language":{"name":"ja","url":"http://pokeapi.co/api/v2/language/1/"}}],"held_by_pokemon":[{"pokemon":{"name":"throh","url":"http://pokeapi.co/api/v2/pokemon/538/"},"version_details":[{"rarity":1,"version":{"name":"white-2","url":"http://pokeapi.co/api/v2/version/22/"}},{"rarity":1,"version":{"name":"black-2","url":"http://pokeapi.co/api/v2/version/21/"}},{"rarity":1,"version":{"name":"white","url":"http://pokeapi.co/api/v2/version/18/"}},{"rarity":1,"version":{"name":"black","url":"http://pokeapi.co/api/v2/version/17/"}}]},{"pokemon":{"name":"sawk","url":"http://pokeapi.co/api/v2/pokemon/539/"},"version_details":[{"rarity":1,"version":{"name":"white-2","url":"http://pokeapi.co/api/v2/version/22/"}},{"rarity":1,"version":{"name":"black-2","url":"http://pokeapi.co/api/v2/version/21/"}},{"rarity":1,"version":{"name":"white","url":"http://pokeapi.co/api/v2/version/18/"}},{"rarity":1,"version":{"name":"black","url":"http://pokeapi.co/api/v2/version/17/"}}]}],"baby_trigger_for":null}