{"id":298,"name":"protector","cost":2100,"fling_power":80,"fling_effect":null,"attributes":[],"category":{"name":"evolution","url":"http://pokeapi.co/api/v2/item-category/10/"},"effect_entries":[{"effect":"Held by Rhydon: Evolves the holder into Rhyperior when traded.","short_effect":"Traded on a Rhydon: Holder evolves into Rhyperior.","language":{"name":"en","url":"http://pokeapi.co/api/v2/language/9/"}}],"flavor_text_entries":[{"text":"なにかの　プロテクター。\nとても　硬くて　重い。\nある　ポケモンが　好んでいる。","version_group":{"name":"x-y","url":"http://pokeapi.co/api/v2/version-group/15/"},"language":{"name":"ja-kanji","url":"http://pokeapi.co/api/v2/language/11/"}},{"text":"A protective item of some sort.\nIt is extremely stiff and heavy.\nIt’s loved by a certain Pokémon.","version_group":{"name":"x-y","url":"http://pokeapi.co/api/v2/version-group/15/"},"language":{"name":"en","url":"http://pokeapi.co/api/v2/language/9/"}},{"text":"Strumento protettivo, molto duro e pesante,\nprediletto da un Pokémon in particolare.","version_group":{"name":"x-y","url":"http://pokeapi.co/api/v2/version-group/15/"},"language":{"name":"it","url":"http://pokeapi.co/api/v2/language/8/"}},{"text":"Quien lo usa intensifica el efecto del sol durante\ncinco turnos, lo que potencia los movimientos de\ntipo Fuego.","version_group":{"name":"x-y","url":"http://pokeapi.co/api/v2/version-group/15/"},"language":{"name":"es","url":"http://pokeapi.co/api/v2/language/7/"}},{"text":"Ein schützendes Item. Steif und schwer.\nDas Lieblingsstück eines bestimmten Pokémon.","version_group":{"name":"x-y","url":"http://pokeapi.co/api/v2/version-group/15/"},"language":{"name":"de","url":"http://pokeapi.co/api/v2/language/6/"}},{"text":"Un objet protecteur très dur et très lourd,\napprécié d’un certain Pokémon.","version_group":{"name":"x-y","url":"http://pokeapi.co/api/v2/version-group/15/"},"language":{"name":"fr","url":"http://pokeapi.co/api/v2/language/5/"}},{"text":"무언가의 프로텍터.\n매우 단단하고 무겁다.\n어떤 포켓몬이 좋아하는 물건이다.","version_group":{"name":"x-y","url":"http://pokeapi.co/api/v2/version-group/15/"},"language":{"name":"ko","url":"http://pokeapi.co/api/v2/language/3/"}},{"text":"なにかの　プロテクター。\nとても　かたくて　おもい。\nある　ポケモンが　このんでいる。","version_group":{"name":"x-y","url":"http://pokeapi.co/api/v2/version-group/15/"},"language":{"name":"ja","url":"http://pokeapi.co/api/v2/language/1/"}},{"text":"A protective item of some sort.\nIt is extremely stiff and heavy.\nIt is loved by a certain Pokémon.","version_group":{"name":"black-2-white-2","url":"http://pokeapi.co/api/v2/version-group/14/"},"language":{"name":"en","url":"http://pokeapi.co/api/v2/language/9/"}},{"text":"A protective item of some sort.\nIt is extremely stiff and heavy.\nIt is loved by a certain Pokémon.","version_group":{"name":"black-white","url":"http://pokeapi.co/api/v2/version-group/11/"},"language":{"name":"en","url":"http://pokeapi.co/api/v2/language/9/"}},{"text":"Objet protecteur très dur et très\nlourd, apprécié d’un certain Pokémon.","version_group":{"name":"black-white","url":"http://pokeapi.co/api/v2/version-group/11/"},"language":{"name":"fr","url":"http://pokeapi.co/api/v2/language/5/"}},{"text":"A protective item of some sort.\nIt is extremely stiff and heavy.\nIt is loved by a certain Pokémon.","version_group":{"name":"heartgold-soulsilver","url":"http://pokeapi.co/api/v2/version-group/10/"},"language":{"name":"en","url":"http://pokeapi.co/api/v2/language/9/"}},{"text":"A protective item of some sort.\nIt is extremely stiff and heavy.\nIt is loved by a certain Pokémon.","version_group":{"name":"platinum","url":"http://pokeapi.co/api/v2/version-group/9/"},"language":{"name":"en","url":"http://pokeapi.co/api/v2/language/9/"}},{"text":"A protective item of some sort.\nIt is extremely stiff and heavy.\nIt is loved by a certain Pokémon.","version_group":{"name":"diamond-pearl","url":"http://pokeapi.co/api/v2/version-group/8/"},"language":{"name":"en","url":"http://pokeapi.co/api/v2/language/9/"}}],"game_indices":[{"game_index":321,"generation":{"name":"generation-vi","url":"http://pokeapi.co/api/v2/generation/6/"}},{"game_index":321,"generation":{"name":"generation-v","url":"http://pokeapi.co/api/v2/generation/5/"}},{"game_index":321,"generation":{"name":"generation-iv","url":"http://pokeapi.co/api/v2/generation/4/"}}],"names":[{"name":"Protector","language":{"name":"en","url":"http://pokeapi.co/api/v2/language/9/"}},{"name":"Copertura","language":{"name":"it","url":"http://pokeapi.co/api/v2/language/8/"}},{"name":"Protector","language":{"name":"es","url":"http://pokeapi.co/api/v2/language/7/"}},{"name":"Schützer","language":{"name":"de","url":"http://pokeapi.co/api/v2/language/6/"}},{"name":"Protecteur","language":{"name":"fr","url":"http://pokeapi.co/api/v2/language/5/"}},{"name":"프로텍터","language":{"name":"ko","url":"http://pokeapi.co/api/v2/language/3/"}},{"name":"プロテクター","language":{"name":"ja","url":"http://pokeapi.co/api/v2/language/1/"}}],"held_by_pokemon":[],"baby_trigger_for":null}