{"id":224,"name":"spell-tag","cost":100,"fling_power":30,"fling_effect":null,"attributes":[{"name":"holdable","url":"http://pokeapi.co/api/v2/item-attribute/5/"},{"name":"holdable-active","url":"http://pokeapi.co/api/v2/item-attribute/7/"}],"category":{"name":"type-enhancement","url":"http://pokeapi.co/api/v2/item-category/19/"},"effect_entries":[{"effect":"Held: Increases the power of the holder's Ghost moves by 20%.","short_effect":"Held: Ghost-Type moves from holder do 20% more damage.","language":{"name":"en","url":"http://pokeapi.co/api/v2/language/9/"}}],"flavor_text_entries":[{"text":"怪しくて　不気味な　お札。\n持たせると　ゴーストタイプの\n技の　威力が　あがる。","version_group":{"name":"x-y","url":"http://pokeapi.co/api/v2/version-group/15/"},"language":{"name":"ja-kanji","url":"http://pokeapi.co/api/v2/language/11/"}},{"text":"An item to be held by a Pokémon.\nIt’s a sinister, eerie tag that boosts\nthe power of Ghost-type moves.","version_group":{"name":"x-y","url":"http://pokeapi.co/api/v2/version-group/15/"},"language":{"name":"en","url":"http://pokeapi.co/api/v2/language/9/"}},{"text":"Strumento da dare a un Pokémon.\nTarga sinistra e inquietante che potenzia le mosse\ndi tipo Spettro.","version_group":{"name":"x-y","url":"http://pokeapi.co/api/v2/version-group/15/"},"language":{"name":"it","url":"http://pokeapi.co/api/v2/language/8/"}},{"text":"Debe llevarlo un Pokémon. Aumenta la dureza en\nlos concursos.","version_group":{"name":"x-y","url":"http://pokeapi.co/api/v2/version-group/15/"},"language":{"name":"es","url":"http://pokeapi.co/api/v2/language/7/"}},{"text":"Ein Item zum Tragen. Ein fieser, unheimlicher\nSticker, der Attacken vom Typ Geist verstärkt.","version_group":{"name":"x-y","url":"http://pokeapi.co/api/v2/version-group/15/"},"language":{"name":"de","url":"http://pokeapi.co/api/v2/language/6/"}},{"text":"Objet à tenir. Une plaque sinistre et étrange\nqui augmente la puissance des capacités de\ntype Spectre.","version_group":{"name":"x-y","url":"http://pokeapi.co/api/v2/version-group/15/"},"language":{"name":"fr","url":"http://pokeapi.co/api/v2/language/5/"}},{"text":"괴상하고 으스스한 부적.\n지니게 하면 고스트타입\n기술의 위력이 올라간다.","version_group":{"name":"x-y","url":"http://pokeapi.co/api/v2/version-group/15/"},"language":{"name":"ko","url":"http://pokeapi.co/api/v2/language/3/"}},{"text":"あやしくて　ぶきみな　おふだ。\nもたせると　ゴーストタイプの\nわざの　いりょくが　あがる。","version_group":{"name":"x-y","url":"http://pokeapi.co/api/v2/version-group/15/"},"language":{"name":"ja","url":"http://pokeapi.co/api/v2/language/1/"}},{"text":"An item to be held by a Pokémon.\nIt is a sinister, eerie tag that boosts\nthe power of Ghost-type moves.","version_group":{"name":"black-2-white-2","url":"http://pokeapi.co/api/v2/version-group/14/"},"language":{"name":"en","url":"http://pokeapi.co/api/v2/language/9/"}},{"text":"An item to be held by a Pokémon.\nIt is a sinister, eerie tag that boosts\nthe power of Ghost-type moves.","version_group":{"name":"black-white","url":"http://pokeapi.co/api/v2/version-group/11/"},"language":{"name":"en","url":"http://pokeapi.co/api/v2/language/9/"}},{"text":"Objet à tenir. Plaque sinistre et\nétrange montant la puissance des\ncapacités de type Spectre.","version_group":{"name":"black-white","url":"http://pokeapi.co/api/v2/version-group/11/"},"language":{"name":"fr","url":"http://pokeapi.co/api/v2/language/5/"}},{"text":"An item to be held by a Pokémon.\nIt is a sinister, eerie tag that boosts\nthe power of Ghost-type moves.","version_group":{"name":"heartgold-soulsilver","url":"http://pokeapi.co/api/v2/version-group/10/"},"language":{"name":"en","url":"http://pokeapi.co/api/v2/language/9/"}},{"text":"An item to be held by a Pokémon.\nIt is a sinister, eerie tag that boosts\nthe power of Ghost-type moves.","version_group":{"name":"platinum","url":"http://pokeapi.co/api/v2/version-group/9/"},"language":{"name":"en","url":"http://pokeapi.co/api/v2/language/9/"}},{"text":"An item to be held by a Pokémon.\nIt is a sinister, eerie tag that boosts\nthe power of Ghost-type moves.","version_group":{"name":"diamond-pearl","url":"http://pokeapi.co/api/v2/version-group/8/"},"language":{"name":"en","url":"http://pokeapi.co/api/v2/language/9/"}},{"text":"An item to be held by a POKéMON.\nA sinister, eerie tag that boosts\nGHOST-type moves.","version_group":{"name":"firered-leafgreen","url":"http://pokeapi.co/api/v2/version-group/7/"},"language":{"name":"en","url":"http://pokeapi.co/api/v2/language/9/"}},{"text":"A hold item that\nraises the power of\nGHOST-type moves.","version_group":{"name":"emerald","url":"http://pokeapi.co/api/v2/version-group/6/"},"language":{"name":"en","url":"http://pokeapi.co/api/v2/language/9/"}},{"text":"A hold item that\nraises the power of\nGHOST-type moves.","version_group":{"name":"ruby-sapphire","url":"http://pokeapi.co/api/v2/version-group/5/"},"language":{"name":"en","url":"http://pokeapi.co/api/v2/language/9/"}}],"game_indices":[{"game_index":247,"generation":{"name":"generation-vi","url":"http://pokeapi.co/api/v2/generation/6/"}},{"game_index":247,"generation":{"name":"generation-v","url":"http://pokeapi.co/api/v2/generation/5/"}},{"game_index":247,"generation":{"name":"generation-iv","url":"http://pokeapi.co/api/v2/generation/4/"}},{"game_index":213,"generation":{"name":"generation-iii","url":"http://pokeapi.co/api/v2/generation/3/"}}],"names":[{"name":"Spell Tag","language":{"name":"en","url":"http://pokeapi.co/api/v2/language/9/"}},{"name":"Spettrotarga","language":{"name":"it","url":"http://pokeapi.co/api/v2/language/8/"}},{"name":"Hechizo","language":{"name":"es","url":"http://pokeapi.co/api/v2/language/7/"}},{"name":"Bannsticker","language":{"name":"de","url":"http://pokeapi.co/api/v2/language/6/"}},{"name":"Rune Sort","language":{"name":"fr","url":"http://pokeapi.co/api/v2/language/5/"}},{"name":"저주의부적","language":{"name":"ko","url":"http://pokeapi.co/api/v2/language/3/"}},{"name":"のろいのおふだ","language":{"name":"ja","url":"http://pokeapi.co/api/v2/language/1/"}}],"held_by_pokemon":[{"pokemon":{"name":"haunter","url":"http://pokeapi.co/api/v2/pokemon/93/"},"version_details":[{"rarity":5,"version":{"name":"leafgreen","url":"http://pokeapi.co/api/v2/version/11/"}},{"rarity":5,"version":{"name":"firered","url":"http://pokeapi.co/api/v2/version/10/"}}]},{"pokemon":{"name":"gengar","url":"http://pokeapi.co/api/v2/pokemon/94/"},"version_details":[{"rarity":5,"version":{"name":"leafgreen","url":"http://pokeapi.co/api/v2/version/11/"}},{"rarity":5,"version":{"name":"firered","url":"http://pokeapi.co/api/v2/version/10/"}}]},{"pokemon":{"name":"misdreavus","url":"http://pokeapi.co/api/v2/pokemon/200/"},"version_details":[{"rarity":5,"version":{"name":"leafgreen","url":"http://pokeapi.co/api/v2/version/11/"}},{"rarity":5,"version":{"name":"firered","url":"http://pokeapi.co/api/v2/version/10/"}},{"rarity":5,"version":{"name":"emerald","url":"http://pokeapi.co/api/v2/version/9/"}},{"rarity":5,"version":{"name":"sapphire","url":"http://pokeapi.co/api/v2/version/8/"}},{"rarity":5,"version":{"name":"ruby","url":"http://pokeapi.co/api/v2/version/7/"}}]},{"pokemon":{"name":"shuppet","url":"http://pokeapi.co/api/v2/pokemon/353/"},"version_details":[{"rarity":5,"version":{"name":"y","url":"http://pokeapi.co/api/v2/version/24/"}},{"rarity":5,"version":{"name":"x","url":"http://pokeapi.co/api/v2/version/23/"}},{"rarity":5,"version":{"name":"white-2","url":"http://pokeapi.co/api/v2/version/22/"}},{"rarity":5,"version":{"name":"black-2","url":"http://pokeapi.co/api/v2/version/21/"}},{"rarity":5,"version":{"name":"white","url":"http://pokeapi.co/api/v2/version/18/"}},{"rarity":5,"version":{"name":"black","url":"http://pokeapi.co/api/v2/version/17/"}},{"rarity":5,"version":{"name":"soulsilver","url":"http://pokeapi.co/api/v2/version/16/"}},{"rarity":5,"version":{"name":"heartgold","url":"http://pokeapi.co/api/v2/version/15/"}},{"rarity":5,"version":{"name":"platinum","url":"http://pokeapi.co/api/v2/version/14/"}},{"rarity":5,"version":{"name":"pearl","url":"http://pokeapi.co/api/v2/version/13/"}},{"rarity":5,"version":{"name":"diamond","url":"http://pokeapi.co/api/v2/version/12/"}},{"rarity":5,"version":{"name":"leafgreen","url":"http://pokeapi.co/api/v2/version/11/"}},{"rarity":5,"version":{"name":"firered","url":"http://pokeapi.co/api/v2/version/10/"}},{"rarity":5,"version":{"name":"emerald","url":"http://pokeapi.co/api/v2/version/9/"}},{"rarity":5,"version":{"name":"sapphire","url":"http://pokeapi.co/api/v2/version/8/"}},{"rarity":5,"version":{"name":"ruby","url":"http://pokeapi.co/api/v2/version/7/"}}]},{"pokemon":{"name":"banette","url":"http://pokeapi.co/api/v2/pokemon/354/"},"version_details":[{"rarity":5,"version":{"name":"y","url":"http://pokeapi.co/api/v2/version/24/"}},{"rarity":5,"version":{"name":"x","url":"http://pokeapi.co/api/v2/version/23/"}},{"rarity":5,"version":{"name":"white-2","url":"http://pokeapi.co/api/v2/version/22/"}},{"rarity":5,"version":{"name":"black-2","url":"http://pokeapi.co/api/v2/version/21/"}},{"rarity":5,"version":{"name":"white","url":"http://pokeapi.co/api/v2/version/18/"}},{"rarity":5,"version":{"name":"black","url":"http://pokeapi.co/api/v2/version/17/"}},{"rarity":5,"version":{"name":"soulsilver","url":"http://pokeapi.co/api/v2/version/16/"}},{"rarity":5,"version":{"name":"heartgold","url":"http://pokeapi.co/api/v2/version/15/"}},{"rarity":5,"version":{"name":"platinum","url":"http://pokeapi.co/api/v2/version/14/"}},{"rarity":5,"version":{"name":"pearl","url":"http://pokeapi.co/api/v2/version/13/"}},{"rarity":5,"version":{"name":"diamond","url":"http://pokeapi.co/api/v2/version/12/"}},{"rarity":5,"version":{"name":"leafgreen","url":"http://pokeapi.co/api/v2/version/11/"}},{"rarity":5,"version":{"name":"firered","url":"http://pokeapi.co/api/v2/version/10/"}},{"rarity":5,"version":{"name":"emerald","url":"http://pokeapi.co/api/v2/version/9/"}},{"rarity":5,"version":{"name":"sapphire","url":"http://pokeapi.co/api/v2/version/8/"}},{"rarity":5,"version":{"name":"ruby","url":"http://pokeapi.co/api/v2/version/7/"}}]},{"pokemon":{"name":"duskull","url":"http://pokeapi.co/api/v2/pokemon/355/"},"version_details":[{"rarity":5,"version":{"name":"leafgreen","url":"http://pokeapi.co/api/v2/version/11/"}},{"rarity":5,"version":{"name":"firered","url":"http://pokeapi.co/api/v2/version/10/"}},{"rarity":5,"version":{"name":"emerald","url":"http://pokeapi.co/api/v2/version/9/"}},{"rarity":5,"version":{"name":"sapphire","url":"http://pokeapi.co/api/v2/version/8/"}},{"rarity":5,"version":{"name":"ruby","url":"http://pokeapi.co/api/v2/version/7/"}}]},{"pokemon":{"name":"dusclops","url":"http://pokeapi.co/api/v2/pokemon/356/"},"version_details":[{"rarity":5,"version":{"name":"leafgreen","url":"http://pokeapi.co/api/v2/version/11/"}},{"rarity":5,"version":{"name":"firered","url":"http://pokeapi.co/api/v2/version/10/"}},{"rarity":5,"version":{"name":"emerald","url":"http://pokeapi.co/api/v2/version/9/"}},{"rarity":5,"version":{"name":"sapphire","url":"http://pokeapi.co/api/v2/version/8/"}},{"rarity":5,"version":{"name":"ruby","url":"http://pokeapi.co/api/v2/version/7/"}}]},{"pokemon":{"name":"yamask","url":"http://pokeapi.co/api/v2/pokemon/562/"},"version_details":[{"rarity":5,"version":{"name":"y","url":"http://pokeapi.co/api/v2/version/24/"}},{"rarity":5,"version":{"name":"x","url":"http://pokeapi.co/api/v2/version/23/"}},{"rarity":5,"version":{"name":"white-2","url":"http://pokeapi.co/api/v2/version/22/"}},{"rarity":5,"version":{"name":"black-2","url":"http://pokeapi.co/api/v2/version/21/"}},{"rarity":5,"version":{"name":"white","url":"http://pokeapi.co/api/v2/version/18/"}},{"rarity":5,"version":{"name":"black","url":"http://pokeapi.co/api/v2/version/17/"}}]},{"pokemon":{"name":"cofagrigus","url":"http://pokeapi.co/api/v2/pokemon/563/"},"version_details":[{"rarity":5,"version":{"name":"y","url":"http://pokeapi.co/api/v2/version/24/"}},{"rarity":5,"version":{"name":"x","url":"http://pokeapi.co/api/v2/version/23/"}},{"rarity":5,"version":{"name":"white-2","url":"http://pokeapi.co/api/v2/version/22/"}},{"rarity":5,"version":{"name":"black-2","url":"http://pokeapi.co/api/v2/version/21/"}},{"rarity":5,"version":{"name":"white","url":"http://pokeapi.co/api/v2/version/18/"}},{"rarity":5,"version":{"name":"black","url":"http://pokeapi.co/api/v2/version/17/"}}]},{"pokemon":{"name":"banette-mega","url":"http://pokeapi.co/api/v2/pokemon/10056/"},"version_details":[{"rarity":5,"version":{"name":"y","url":"http://pokeapi.co/api/v2/version/24/"}},{"rarity":5,"version":{"name":"x","url":"http://pokeapi.co/api/v2/version/23/"}}]}],"baby_trigger_for":null}