{"id":257,"name":"destiny-knot","cost":200,"fling_power":10,"fling_effect":null,"attributes":[{"name":"holdable","url":"http://pokeapi.co/api/v2/item-attribute/5/"},{"name":"holdable-active","url":"http://pokeapi.co/api/v2/item-attribute/7/"}],"category":{"name":"held-items","url":"http://pokeapi.co/api/v2/item-category/12/"},"effect_entries":[{"effect":"Held: When the holder becomes Attracted, the Pokémon it is Attracted to becomes Attracted back.","short_effect":"Held: Infatuates opposing Pokémon when holder is inflicted with infatuation.","language":{"name":"en","url":"http://pokeapi.co/api/v2/language/9/"}}],"flavor_text_entries":[{"text":"細くて　長い　真っ赤な　糸。\n持たせると　メロメロに　なったとき\n相手も　メロメロに　できる。","version_group":{"name":"x-y","url":"http://pokeapi.co/api/v2/version-group/15/"},"language":{"name":"ja-kanji","url":"http://pokeapi.co/api/v2/language/11/"}},{"text":"An item to be held by a Pokémon.\nIf the holder becomes infatuated,\nthe opposing Pokémon will be, too.","version_group":{"name":"x-y","url":"http://pokeapi.co/api/v2/version-group/15/"},"language":{"name":"en","url":"http://pokeapi.co/api/v2/language/9/"}},{"text":"Gomitolo di filo rosso sottile da dare a un\nPokémon. Se il Pokémon rimane infatuato,\ncontagia anche il nemico.","version_group":{"name":"x-y","url":"http://pokeapi.co/api/v2/version-group/15/"},"language":{"name":"it","url":"http://pokeapi.co/api/v2/language/8/"}},{"text":"Potencian el Ataque Especial, pero solo permiten\nusar un movimiento. Debe llevarlas un Pokémon.","version_group":{"name":"x-y","url":"http://pokeapi.co/api/v2/version-group/15/"},"language":{"name":"es","url":"http://pokeapi.co/api/v2/language/7/"}},{"text":"Ein Item zum Tragen. Wird der Träger betört,\ngilt dies auch für den Angreifer.","version_group":{"name":"x-y","url":"http://pokeapi.co/api/v2/version-group/15/"},"language":{"name":"de","url":"http://pokeapi.co/api/v2/language/6/"}},{"text":"Un long fil rouge vif à faire tenir à un Pokémon.\nSi le porteur tombe amoureux, l’ennemi\naussi.","version_group":{"name":"x-y","url":"http://pokeapi.co/api/v2/version-group/15/"},"language":{"name":"fr","url":"http://pokeapi.co/api/v2/language/5/"}},{"text":"가늘고 긴 새빨간 실.\n지니게 하면 자신이 헤롱헤롱해졌을 때\n상대도 헤롱헤롱해지게 된다.","version_group":{"name":"x-y","url":"http://pokeapi.co/api/v2/version-group/15/"},"language":{"name":"ko","url":"http://pokeapi.co/api/v2/language/3/"}},{"text":"ほそくて　ながい　まっかな　いと。\nもたせると　メロメロに　なったとき\nあいても　メロメロに　できる。","version_group":{"name":"x-y","url":"http://pokeapi.co/api/v2/version-group/15/"},"language":{"name":"ja","url":"http://pokeapi.co/api/v2/language/1/"}},{"text":"A long, thin, bright-red string to\nbe held by a Pokémon. If the holder\nbecomes infatuated, the foe does too.","version_group":{"name":"black-2-white-2","url":"http://pokeapi.co/api/v2/version-group/14/"},"language":{"name":"en","url":"http://pokeapi.co/api/v2/language/9/"}},{"text":"A long, thin, bright-red string to\nbe held by a Pokémon. If the holder\nbecomes infatuated, the foe does too.","version_group":{"name":"black-white","url":"http://pokeapi.co/api/v2/version-group/11/"},"language":{"name":"en","url":"http://pokeapi.co/api/v2/language/9/"}},{"text":"Un long fil rouge vif à faire tenir à un\nPokémon. Si le porteur succombe à\nl’attirance, l’ennemi aussi.","version_group":{"name":"black-white","url":"http://pokeapi.co/api/v2/version-group/11/"},"language":{"name":"fr","url":"http://pokeapi.co/api/v2/language/5/"}},{"text":"A long, thin, bright red string to\nbe held by a Pokémon. If the holder\nbecomes infatuated, the foe does too.","version_group":{"name":"heartgold-soulsilver","url":"http://pokeapi.co/api/v2/version-group/10/"},"language":{"name":"en","url":"http://pokeapi.co/api/v2/language/9/"}},{"text":"A long, thin, bright red string to\nbe held by a Pokémon. If the holder\nbecomes infatuated, the foe does too.","version_group":{"name":"platinum","url":"http://pokeapi.co/api/v2/version-group/9/"},"language":{"name":"en","url":"http://pokeapi.co/api/v2/language/9/"}},{"text":"A long, thin, bright red string to\nbe held by a Pokémon. If the holder\nbecomes infatuated, the foe does too.","version_group":{"name":"diamond-pearl","url":"http://pokeapi.co/api/v2/version-group/8/"},"language":{"name":"en","url":"http://pokeapi.co/api/v2/language/9/"}}],"game_indices":[{"game_index":280,"generation":{"name":"generation-vi","url":"http://pokeapi.co/api/v2/generation/6/"}},{"game_index":280,"generation":{"name":"generation-v","url":"http://pokeapi.co/api/v2/generation/5/"}},{"game_index":280,"generation":{"name":"generation-iv","url":"http://pokeapi.co/api/v2/generation/4/"}}],"names":[{"name":"Destiny Knot","language":{"name":"en","url":"http://pokeapi.co/api/v2/language/9/"}},{"name":"Destincomune","language":{"name":"it","url":"http://pokeapi.co/api/v2/language/8/"}},{"name":"Lazo Destino","language":{"name":"es","url":"http://pokeapi.co/api/v2/language/7/"}},{"name":"Fatumknoten","language":{"name":"de","url":"http://pokeapi.co/api/v2/language/6/"}},{"name":"Nœud Destin","language":{"name":"fr","url":"http://pokeapi.co/api/v2/language/5/"}},{"name":"빨간실","language":{"name":"ko","url":"http://pokeapi.co/api/v2/language/3/"}},{"name":"あかいいと","language":{"name":"ja","url":"http://pokeapi.co/api/v2/language/1/"}}],"held_by_pokemon":[],"baby_trigger_for":null}