{"id":313,"name":"tm09","cost":2000,"fling_power":null,"fling_effect":null,"attributes":[],"category":{"name":"all-machines","url":"http://pokeapi.co/api/v2/item-category/37/"},"effect_entries":[{"effect":"Teaches Bullet Seed to a compatible Pokémon.","short_effect":"Teaches Venoshock to a compatible Pokémon. (Gen IV & III: Bullet Seed Gen II: Psych Up Gen I: Take Down)","language":{"name":"en","url":"http://pokeapi.co/api/v2/language/9/"}}],"flavor_text_entries":[{"text":"特殊な　毒液を　浴びせかける。\n毒状態の　相手には\n威力が　２倍に　なる。","version_group":{"name":"x-y","url":"http://pokeapi.co/api/v2/version-group/15/"},"language":{"name":"ja-kanji","url":"http://pokeapi.co/api/v2/language/11/"}},{"text":"The user drenches the target in a special\npoisonous liquid. This move’s power is\ndoubled if the target is poisoned.","version_group":{"name":"x-y","url":"http://pokeapi.co/api/v2/version-group/15/"},"language":{"name":"en","url":"http://pokeapi.co/api/v2/language/9/"}},{"text":"Lancia uno speciale liquido tossico sul bersaglio.\nSe questi è avvelenato, il danno provocato\nraddoppia.","version_group":{"name":"x-y","url":"http://pokeapi.co/api/v2/version-group/15/"},"language":{"name":"it","url":"http://pokeapi.co/api/v2/language/8/"}},{"text":"Quien lo usa genera un terremoto que afecta a\nlos Pokémon de alrededor en combate.","version_group":{"name":"x-y","url":"http://pokeapi.co/api/v2/version-group/15/"},"language":{"name":"es","url":"http://pokeapi.co/api/v2/language/7/"}},{"text":"Überschüttet das Ziel mit einer speziellen\ntoxischen Flüssigkeit. Doppelt so stark gegen\nbereits vergiftete Ziele.","version_group":{"name":"x-y","url":"http://pokeapi.co/api/v2/version-group/15/"},"language":{"name":"de","url":"http://pokeapi.co/api/v2/language/6/"}},{"text":"Le lanceur inocule un poison spécial à l’ennemi.\nL’effet est doublé si l’ennemi est déjà\nempoisonné.","version_group":{"name":"x-y","url":"http://pokeapi.co/api/v2/version-group/15/"},"language":{"name":"fr","url":"http://pokeapi.co/api/v2/language/5/"}},{"text":"특수한 독액을 날린다.\n독 상태의 상대에게는\n위력이 2배가 된다.","version_group":{"name":"x-y","url":"http://pokeapi.co/api/v2/version-group/15/"},"language":{"name":"ko","url":"http://pokeapi.co/api/v2/language/3/"}},{"text":"とくしゅな　どくえきを　あびせる。\nどく　じょうたいの　あいてには\nいりょくが　２ばいに　なる。","version_group":{"name":"x-y","url":"http://pokeapi.co/api/v2/version-group/15/"},"language":{"name":"ja","url":"http://pokeapi.co/api/v2/language/1/"}},{"text":"The user drenches the target in a\nspecial poisonous liquid. Its power\nis doubled if the target is poisoned.","version_group":{"name":"black-2-white-2","url":"http://pokeapi.co/api/v2/version-group/14/"},"language":{"name":"en","url":"http://pokeapi.co/api/v2/language/9/"}},{"text":"The user drenches the target in a\nspecial poisonous liquid. Its power\nis doubled if the target is poisoned.","version_group":{"name":"black-white","url":"http://pokeapi.co/api/v2/version-group/11/"},"language":{"name":"en","url":"http://pokeapi.co/api/v2/language/9/"}},{"text":"Le lanceur inocule un poison spécial\nà l’ennemi. L’effet est doublé si\nl’ennemi est déjà empoisonné.","version_group":{"name":"black-white","url":"http://pokeapi.co/api/v2/version-group/11/"},"language":{"name":"fr","url":"http://pokeapi.co/api/v2/language/5/"}},{"text":"The user forcefully shoots seeds at\nthe foe. Two to five seeds are shot in\nrapid succession.","version_group":{"name":"heartgold-soulsilver","url":"http://pokeapi.co/api/v2/version-group/10/"},"language":{"name":"en","url":"http://pokeapi.co/api/v2/language/9/"}},{"text":"The user forcefully shoots seeds at\nthe foe. Two to five seeds are shot in\nrapid succession.","version_group":{"name":"platinum","url":"http://pokeapi.co/api/v2/version-group/9/"},"language":{"name":"en","url":"http://pokeapi.co/api/v2/language/9/"}},{"text":"The user forcefully shoots seeds at\nthe foe. Two to five seeds are shot in\nrapid succession.","version_group":{"name":"diamond-pearl","url":"http://pokeapi.co/api/v2/version-group/8/"},"language":{"name":"en","url":"http://pokeapi.co/api/v2/language/9/"}},{"text":"The user shoots\nseeds at the foe.\nTwo to five seeds\nare shot at once.","version_group":{"name":"firered-leafgreen","url":"http://pokeapi.co/api/v2/version-group/7/"},"language":{"name":"en","url":"http://pokeapi.co/api/v2/language/9/"}},{"text":"Shoots 2 to 5 seeds\nin a row to strike\nthe foe.","version_group":{"name":"emerald","url":"http://pokeapi.co/api/v2/version-group/6/"},"language":{"name":"en","url":"http://pokeapi.co/api/v2/language/9/"}},{"text":"Shoots 2 to 5 seeds\nin a row to strike\nthe foe.","version_group":{"name":"ruby-sapphire","url":"http://pokeapi.co/api/v2/version-group/5/"},"language":{"name":"en","url":"http://pokeapi.co/api/v2/language/9/"}}],"game_indices":[{"game_index":336,"generation":{"name":"generation-vi","url":"http://pokeapi.co/api/v2/generation/6/"}},{"game_index":336,"generation":{"name":"generation-v","url":"http://pokeapi.co/api/v2/generation/5/"}},{"game_index":336,"generation":{"name":"generation-iv","url":"http://pokeapi.co/api/v2/generation/4/"}},{"game_index":297,"generation":{"name":"generation-iii","url":"http://pokeapi.co/api/v2/generation/3/"}}],"names":[{"name":"TM09","language":{"name":"en","url":"http://pokeapi.co/api/v2/language/9/"}},{"name":"MT09","language":{"name":"it","url":"http://pokeapi.co/api/v2/language/8/"}},{"name":"MT09","language":{"name":"es","url":"http://pokeapi.co/api/v2/language/7/"}},{"name":"TM09","language":{"name":"de","url":"http://pokeapi.co/api/v2/language/6/"}},{"name":"CT09","language":{"name":"fr","url":"http://pokeapi.co/api/v2/language/5/"}},{"name":"기술머신09","language":{"name":"ko","url":"http://pokeapi.co/api/v2/language/3/"}},{"name":"わざマシン０９","language":{"name":"ja","url":"http://pokeapi.co/api/v2/language/1/"}}],"held_by_pokemon":[],"baby_trigger_for":null}