{"id":261,"name":"heat-rock","cost":200,"fling_power":60,"fling_effect":null,"attributes":[{"name":"holdable","url":"http://pokeapi.co/api/v2/item-attribute/5/"},{"name":"holdable-active","url":"http://pokeapi.co/api/v2/item-attribute/7/"},{"name":"underground","url":"http://pokeapi.co/api/v2/item-attribute/8/"}],"category":{"name":"held-items","url":"http://pokeapi.co/api/v2/item-category/12/"},"effect_entries":[{"effect":"Held: The holder's Sunny Day will create sunshine lasting for eight turns rather than five.  As this item affects the move rather than the weather itself, the effect is not lost if the holder leaves battle or drops this item.","short_effect":"Held: Sunny Day by the holder lasts 8 rounds instead of 5.","language":{"name":"en","url":"http://pokeapi.co/api/v2/language/9/"}}],"flavor_text_entries":[{"text":"持たせた　ポケモンが　にほんばれを\n使うと　いつもより　はれの\n時間が　長くなる。","version_group":{"name":"x-y","url":"http://pokeapi.co/api/v2/version-group/15/"},"language":{"name":"ja-kanji","url":"http://pokeapi.co/api/v2/language/11/"}},{"text":"An item to be held by a Pokémon.\nIt extends the duration of the move\nSunny Day when used by the holder.","version_group":{"name":"x-y","url":"http://pokeapi.co/api/v2/version-group/15/"},"language":{"name":"en","url":"http://pokeapi.co/api/v2/language/9/"}},{"text":"Strumento da dare a un Pokémon.\nAllunga la durata della mossa Giornodisole.","version_group":{"name":"x-y","url":"http://pokeapi.co/api/v2/version-group/15/"},"language":{"name":"it","url":"http://pokeapi.co/api/v2/language/8/"}},{"text":"Tabla de piedra que potencia los movimientos de\ntipo Planta. Debe llevarla un Pokémon.","version_group":{"name":"x-y","url":"http://pokeapi.co/api/v2/version-group/15/"},"language":{"name":"es","url":"http://pokeapi.co/api/v2/language/7/"}},{"text":"Ein Item zum Tragen. Verlängert die Dauer von\nSonnentag, wenn der Träger es einsetzt.","version_group":{"name":"x-y","url":"http://pokeapi.co/api/v2/version-group/15/"},"language":{"name":"de","url":"http://pokeapi.co/api/v2/language/6/"}},{"text":"Objet à tenir. Augmente la durée de la capacité\nZénith utilisée par le porteur.","version_group":{"name":"x-y","url":"http://pokeapi.co/api/v2/version-group/15/"},"language":{"name":"fr","url":"http://pokeapi.co/api/v2/language/5/"}},{"text":"지니게 한 포켓몬이 쾌청을\n쓰면 여느 때보다 쾌청의\n시간이 길어진다.","version_group":{"name":"x-y","url":"http://pokeapi.co/api/v2/version-group/15/"},"language":{"name":"ko","url":"http://pokeapi.co/api/v2/language/3/"}},{"text":"もたせた　ポケモンが　にほんばれを\nつかうと　いつもより　はれの\nじかんが　ながくなる。","version_group":{"name":"x-y","url":"http://pokeapi.co/api/v2/version-group/15/"},"language":{"name":"ja","url":"http://pokeapi.co/api/v2/language/1/"}},{"text":"A Pokémon held item that extends the\nduration of the move Sunny Day used\nby the holder.","version_group":{"name":"black-2-white-2","url":"http://pokeapi.co/api/v2/version-group/14/"},"language":{"name":"en","url":"http://pokeapi.co/api/v2/language/9/"}},{"text":"A Pokémon held item that extends the\nduration of the move Sunny Day used\nby the holder.","version_group":{"name":"black-white","url":"http://pokeapi.co/api/v2/version-group/11/"},"language":{"name":"en","url":"http://pokeapi.co/api/v2/language/9/"}},{"text":"Objet à tenir augmentant la durée\nde la capacité Zénith utilisée par le\nporteur.","version_group":{"name":"black-white","url":"http://pokeapi.co/api/v2/version-group/11/"},"language":{"name":"fr","url":"http://pokeapi.co/api/v2/language/5/"}},{"text":"A Pokémon held item that extends the\nduration of the move Sunny Day used\nby the holder.","version_group":{"name":"heartgold-soulsilver","url":"http://pokeapi.co/api/v2/version-group/10/"},"language":{"name":"en","url":"http://pokeapi.co/api/v2/language/9/"}},{"text":"A Pokémon hold item that extends the\nduration of the move Sunny Day used\nby the holder.","version_group":{"name":"platinum","url":"http://pokeapi.co/api/v2/version-group/9/"},"language":{"name":"en","url":"http://pokeapi.co/api/v2/language/9/"}},{"text":"A Pokémon hold item that extends the\nduration of the move Sunny Day used\nby the holder.","version_group":{"name":"diamond-pearl","url":"http://pokeapi.co/api/v2/version-group/8/"},"language":{"name":"en","url":"http://pokeapi.co/api/v2/language/9/"}}],"game_indices":[{"game_index":284,"generation":{"name":"generation-vi","url":"http://pokeapi.co/api/v2/generation/6/"}},{"game_index":284,"generation":{"name":"generation-v","url":"http://pokeapi.co/api/v2/generation/5/"}},{"game_index":284,"generation":{"name":"generation-iv","url":"http://pokeapi.co/api/v2/generation/4/"}}],"names":[{"name":"Heat Rock","language":{"name":"en","url":"http://pokeapi.co/api/v2/language/9/"}},{"name":"Rocciacalda","language":{"name":"it","url":"http://pokeapi.co/api/v2/language/8/"}},{"name":"Roca Calor","language":{"name":"es","url":"http://pokeapi.co/api/v2/language/7/"}},{"name":"Heißbrocken","language":{"name":"de","url":"http://pokeapi.co/api/v2/language/6/"}},{"name":"Roche Chaude","language":{"name":"fr","url":"http://pokeapi.co/api/v2/language/5/"}},{"name":"뜨거운바위","language":{"name":"ko","url":"http://pokeapi.co/api/v2/language/3/"}},{"name":"あついいわ","language":{"name":"ja","url":"http://pokeapi.co/api/v2/language/1/"}}],"held_by_pokemon":[],"baby_trigger_for":null}