{"id":362,"name":"tm58","cost":2000,"fling_power":null,"fling_effect":null,"attributes":[],"category":{"name":"all-machines","url":"http://pokeapi.co/api/v2/item-category/37/"},"effect_entries":[{"effect":"Teaches Endure to a compatible Pokémon.","short_effect":"Teaches Sky Drop to a compatible Pokémon. (Gen IV: Endure)","language":{"name":"en","url":"http://pokeapi.co/api/v2/language/9/"}}],"flavor_text_entries":[{"text":"連れさった　相手を　２ターン目に\n空から　落として　攻撃する。\n連れさられた　相手は　動けない。","version_group":{"name":"x-y","url":"http://pokeapi.co/api/v2/version-group/15/"},"language":{"name":"ja-kanji","url":"http://pokeapi.co/api/v2/language/11/"}},{"text":"The user takes the target into the sky,\nthen drops it during the next turn.\nThe target cannot attack while in the sky.","version_group":{"name":"x-y","url":"http://pokeapi.co/api/v2/version-group/15/"},"language":{"name":"en","url":"http://pokeapi.co/api/v2/language/9/"}},{"text":"Porta il bersaglio in cielo e lo scaglia a terra\nal turno successivo. Il bersaglio catturato\nnon può muoversi.","version_group":{"name":"x-y","url":"http://pokeapi.co/api/v2/version-group/15/"},"language":{"name":"it","url":"http://pokeapi.co/api/v2/language/8/"}},{"text":"Danza frenética que eleva el espíritu combativo.\nAumenta mucho el Ataque de quien lo usa.","version_group":{"name":"x-y","url":"http://pokeapi.co/api/v2/version-group/15/"},"language":{"name":"es","url":"http://pokeapi.co/api/v2/language/7/"}},{"text":"Das entführte Ziel wird in Runde 2 vom Himmel\nfallen gelassen. In der Luft kann das Ziel nicht\nattackieren.","version_group":{"name":"x-y","url":"http://pokeapi.co/api/v2/version-group/15/"},"language":{"name":"de","url":"http://pokeapi.co/api/v2/language/6/"}},{"text":"Le lanceur emmène l’ennemi dans les airs au\npremier tour et le lâche dans le vide au second.\nL’ennemi saisi ne peut pas attaquer.","version_group":{"name":"x-y","url":"http://pokeapi.co/api/v2/version-group/15/"},"language":{"name":"fr","url":"http://pokeapi.co/api/v2/language/5/"}},{"text":"끌려온 상대를 2턴째에\n하늘에서 떨어뜨려 공격한다.\n끌려간 상대는 움직일 수 없다.","version_group":{"name":"x-y","url":"http://pokeapi.co/api/v2/version-group/15/"},"language":{"name":"ko","url":"http://pokeapi.co/api/v2/language/3/"}},{"text":"つれさった　あいてを　２ターンめに\nそらから　おとして　こうげきする。\nつれさられた　あいては　うごけない。","version_group":{"name":"x-y","url":"http://pokeapi.co/api/v2/version-group/15/"},"language":{"name":"ja","url":"http://pokeapi.co/api/v2/language/1/"}},{"text":"The user hurls the target into the air,\nthen drops it on the second turn. The\ntarget cannot attack while in the air.","version_group":{"name":"black-2-white-2","url":"http://pokeapi.co/api/v2/version-group/14/"},"language":{"name":"en","url":"http://pokeapi.co/api/v2/language/9/"}},{"text":"The user hurls the target into the air,\nthen drops it on the second turn. The\ntarget cannot attack while in the air.","version_group":{"name":"black-white","url":"http://pokeapi.co/api/v2/version-group/11/"},"language":{"name":"en","url":"http://pokeapi.co/api/v2/language/9/"}},{"text":"Le lanceur emmène l’ennemi dans les airs\nau 1er tour et le lâche dans le vide au\n2è. L’ennemi saisi ne peut pas attaquer.","version_group":{"name":"black-white","url":"http://pokeapi.co/api/v2/version-group/11/"},"language":{"name":"fr","url":"http://pokeapi.co/api/v2/language/5/"}},{"text":"The user endures any attack, leaving\n1 HP. Its chance of failing rises if it\nis used in succession.","version_group":{"name":"heartgold-soulsilver","url":"http://pokeapi.co/api/v2/version-group/10/"},"language":{"name":"en","url":"http://pokeapi.co/api/v2/language/9/"}},{"text":"The user endures any attack, leaving\n1 HP. Its chance of failing rises if it\nis used in succession.","version_group":{"name":"platinum","url":"http://pokeapi.co/api/v2/version-group/9/"},"language":{"name":"en","url":"http://pokeapi.co/api/v2/language/9/"}},{"text":"The user endures any attack, leaving\n1 HP. Its chance of failing rises if it\nis used in succession.","version_group":{"name":"diamond-pearl","url":"http://pokeapi.co/api/v2/version-group/8/"},"language":{"name":"en","url":"http://pokeapi.co/api/v2/language/9/"}}],"game_indices":[{"game_index":385,"generation":{"name":"generation-vi","url":"http://pokeapi.co/api/v2/generation/6/"}},{"game_index":385,"generation":{"name":"generation-v","url":"http://pokeapi.co/api/v2/generation/5/"}},{"game_index":385,"generation":{"name":"generation-iv","url":"http://pokeapi.co/api/v2/generation/4/"}}],"names":[{"name":"TM58","language":{"name":"en","url":"http://pokeapi.co/api/v2/language/9/"}},{"name":"MT58","language":{"name":"it","url":"http://pokeapi.co/api/v2/language/8/"}},{"name":"MT58","language":{"name":"es","url":"http://pokeapi.co/api/v2/language/7/"}},{"name":"TM58","language":{"name":"de","url":"http://pokeapi.co/api/v2/language/6/"}},{"name":"CT58","language":{"name":"fr","url":"http://pokeapi.co/api/v2/language/5/"}},{"name":"기술머신58","language":{"name":"ko","url":"http://pokeapi.co/api/v2/language/3/"}},{"name":"わざマシン５８","language":{"name":"ja","url":"http://pokeapi.co/api/v2/language/1/"}}],"held_by_pokemon":[],"baby_trigger_for":null}