{"id":289,"name":"dread-plate","cost":1000,"fling_power":90,"fling_effect":null,"attributes":[{"name":"holdable","url":"http://pokeapi.co/api/v2/item-attribute/5/"},{"name":"holdable-active","url":"http://pokeapi.co/api/v2/item-attribute/7/"},{"name":"underground","url":"http://pokeapi.co/api/v2/item-attribute/8/"}],"category":{"name":"plates","url":"http://pokeapi.co/api/v2/item-category/17/"},"effect_entries":[{"effect":"Held: Increases the power of the holder's Dark moves by 20%.\nHeld by a Multitype Pokémon: Holder's type becomes Dark.","short_effect":"Held: Dark-Type moves from holder do 20% more damage. Changes Arceus's and Judgment's type to Dark.","language":{"name":"en","url":"http://pokeapi.co/api/v2/language/9/"}}],"flavor_text_entries":[{"text":"あくの　タイプの　石盤。\n持たせると　あくタイプの\n技の　威力が　強まる。","version_group":{"name":"x-y","url":"http://pokeapi.co/api/v2/version-group/15/"},"language":{"name":"ja-kanji","url":"http://pokeapi.co/api/v2/language/11/"}},{"text":"An item to be held by a Pokémon.\nIt’s a stone tablet that boosts the\npower of Dark-type moves.","version_group":{"name":"x-y","url":"http://pokeapi.co/api/v2/version-group/15/"},"language":{"name":"en","url":"http://pokeapi.co/api/v2/language/9/"}},{"text":"Strumento da dare a un Pokémon.\nLastra di pietra che potenzia le mosse\ndi tipo Buio.","version_group":{"name":"x-y","url":"http://pokeapi.co/api/v2/version-group/15/"},"language":{"name":"it","url":"http://pokeapi.co/api/v2/language/8/"}},{"text":"Engancha y araña al objetivo con unas potentes\ny enormes garras afiladas.","version_group":{"name":"x-y","url":"http://pokeapi.co/api/v2/version-group/15/"},"language":{"name":"es","url":"http://pokeapi.co/api/v2/language/7/"}},{"text":"Ein Item zum Tragen. Diese Steintafel verstärkt\nAttacken vom Typ Unlicht.","version_group":{"name":"x-y","url":"http://pokeapi.co/api/v2/version-group/15/"},"language":{"name":"de","url":"http://pokeapi.co/api/v2/language/6/"}},{"text":"Objet à tenir. Une tablette en pierre augmentant\nla puissance des capacités de type Ténèbres.","version_group":{"name":"x-y","url":"http://pokeapi.co/api/v2/version-group/15/"},"language":{"name":"fr","url":"http://pokeapi.co/api/v2/language/5/"}},{"text":"악타입의 석판.\n지니게 하면 악타입\n기술의 위력이 강해진다.","version_group":{"name":"x-y","url":"http://pokeapi.co/api/v2/version-group/15/"},"language":{"name":"ko","url":"http://pokeapi.co/api/v2/language/3/"}},{"text":"あくの　タイプの　せきばん。\nもたせると　あくタイプの\nわざの　いりょくが　つよまる。","version_group":{"name":"x-y","url":"http://pokeapi.co/api/v2/version-group/15/"},"language":{"name":"ja","url":"http://pokeapi.co/api/v2/language/1/"}},{"text":"An item to be held by a Pokémon.\nIt is a stone tablet that boosts the\npower of Dark-type moves.","version_group":{"name":"black-2-white-2","url":"http://pokeapi.co/api/v2/version-group/14/"},"language":{"name":"en","url":"http://pokeapi.co/api/v2/language/9/"}},{"text":"An item to be held by a Pokémon.\nIt is a stone tablet that boosts the\npower of Dark-type moves.","version_group":{"name":"black-white","url":"http://pokeapi.co/api/v2/version-group/11/"},"language":{"name":"en","url":"http://pokeapi.co/api/v2/language/9/"}},{"text":"Objet à tenir. Tablette en pierre\naugmentant la puissance des capacités\nde type Ténèbres.","version_group":{"name":"black-white","url":"http://pokeapi.co/api/v2/version-group/11/"},"language":{"name":"fr","url":"http://pokeapi.co/api/v2/language/5/"}},{"text":"An item to be held by a Pokémon.\nIt is a stone tablet that boosts the\npower of Dark-type moves.","version_group":{"name":"heartgold-soulsilver","url":"http://pokeapi.co/api/v2/version-group/10/"},"language":{"name":"en","url":"http://pokeapi.co/api/v2/language/9/"}},{"text":"An item to be held by a Pokémon.\nIt is a stone tablet that boosts the\npower of Dark-type moves.","version_group":{"name":"platinum","url":"http://pokeapi.co/api/v2/version-group/9/"},"language":{"name":"en","url":"http://pokeapi.co/api/v2/language/9/"}},{"text":"An item to be held by a Pokémon.\nIt is a stone tablet that boosts the\npower of Dark-type moves.","version_group":{"name":"diamond-pearl","url":"http://pokeapi.co/api/v2/version-group/8/"},"language":{"name":"en","url":"http://pokeapi.co/api/v2/language/9/"}}],"game_indices":[{"game_index":312,"generation":{"name":"generation-vi","url":"http://pokeapi.co/api/v2/generation/6/"}},{"game_index":312,"generation":{"name":"generation-v","url":"http://pokeapi.co/api/v2/generation/5/"}},{"game_index":312,"generation":{"name":"generation-iv","url":"http://pokeapi.co/api/v2/generation/4/"}}],"names":[{"name":"Dread Plate","language":{"name":"en","url":"http://pokeapi.co/api/v2/language/9/"}},{"name":"Lastratimore","language":{"name":"it","url":"http://pokeapi.co/api/v2/language/8/"}},{"name":"Tabla Oscura","language":{"name":"es","url":"http://pokeapi.co/api/v2/language/7/"}},{"name":"Furchttafel","language":{"name":"de","url":"http://pokeapi.co/api/v2/language/6/"}},{"name":"Plaque Ombre","language":{"name":"fr","url":"http://pokeapi.co/api/v2/language/5/"}},{"name":"공포플레이트","language":{"name":"ko","url":"http://pokeapi.co/api/v2/language/3/"}},{"name":"こわもてプレート","language":{"name":"ja","url":"http://pokeapi.co/api/v2/language/1/"}}],"held_by_pokemon":[],"baby_trigger_for":null}