{"id":301,"name":"dubious-disc","cost":2100,"fling_power":50,"fling_effect":null,"attributes":[],"category":{"name":"evolution","url":"http://pokeapi.co/api/v2/item-category/10/"},"effect_entries":[{"effect":"Held by Porygon2: Evolves the holder into Porygon-Z when traded.","short_effect":"Traded on a Porygon2: Holder evolves into Porygon-Z.","language":{"name":"en","url":"http://pokeapi.co/api/v2/language/9/"}}],"flavor_text_entries":[{"text":"なかに　怪しい　情報が\nつまった　透明な　機械。\n製作者は　不明。","version_group":{"name":"x-y","url":"http://pokeapi.co/api/v2/version-group/15/"},"language":{"name":"ja-kanji","url":"http://pokeapi.co/api/v2/language/11/"}},{"text":"A transparent device\noverflowing with dubious data.\nIts producer is unknown.","version_group":{"name":"x-y","url":"http://pokeapi.co/api/v2/version-group/15/"},"language":{"name":"en","url":"http://pokeapi.co/api/v2/language/9/"}},{"text":"Dispositivo trasparente strapieno di dati di dubbia\norigine. Non se ne conosce il produttore.","version_group":{"name":"x-y","url":"http://pokeapi.co/api/v2/version-group/15/"},"language":{"name":"it","url":"http://pokeapi.co/api/v2/language/8/"}},{"text":"Invoca una tormenta de viento y nieve que\nenvuelve al objetivo y puede llegar a congelarlo.","version_group":{"name":"x-y","url":"http://pokeapi.co/api/v2/version-group/15/"},"language":{"name":"es","url":"http://pokeapi.co/api/v2/language/7/"}},{"text":"Eine Scheibe mit seltsamen Daten. Ihr Ursprung\nist unbekannt.","version_group":{"name":"x-y","url":"http://pokeapi.co/api/v2/version-group/15/"},"language":{"name":"de","url":"http://pokeapi.co/api/v2/language/6/"}},{"text":"Un appareil transparent rempli de données\ndouteuses. Son fabricant n’est pas connu.","version_group":{"name":"x-y","url":"http://pokeapi.co/api/v2/version-group/15/"},"language":{"name":"fr","url":"http://pokeapi.co/api/v2/language/5/"}},{"text":"안에 괴상한 정보가\n가득한 투명한 기계다.\n제작자 불명.","version_group":{"name":"x-y","url":"http://pokeapi.co/api/v2/version-group/15/"},"language":{"name":"ko","url":"http://pokeapi.co/api/v2/language/3/"}},{"text":"なかに　あやしい　じょうほうが\nつまった　とうめいな　きかい。\nせいさくしゃは　ふめい。","version_group":{"name":"x-y","url":"http://pokeapi.co/api/v2/version-group/15/"},"language":{"name":"ja","url":"http://pokeapi.co/api/v2/language/1/"}},{"text":"A transparent device overflowing with\ndubious data.\nIts producer is unknown.","version_group":{"name":"black-2-white-2","url":"http://pokeapi.co/api/v2/version-group/14/"},"language":{"name":"en","url":"http://pokeapi.co/api/v2/language/9/"}},{"text":"A transparent device overflowing with\ndubious data.\nIts producer is unknown.","version_group":{"name":"black-white","url":"http://pokeapi.co/api/v2/version-group/11/"},"language":{"name":"en","url":"http://pokeapi.co/api/v2/language/9/"}},{"text":"Appareil transparent rempli de données\ndouteuses. Son fabricant n’est pas\nconnu.","version_group":{"name":"black-white","url":"http://pokeapi.co/api/v2/version-group/11/"},"language":{"name":"fr","url":"http://pokeapi.co/api/v2/language/5/"}},{"text":"A transparent device overflowing with\ndubious data.\nIts producer is unknown.","version_group":{"name":"heartgold-soulsilver","url":"http://pokeapi.co/api/v2/version-group/10/"},"language":{"name":"en","url":"http://pokeapi.co/api/v2/language/9/"}},{"text":"A transparent device overflowing with\ndubious data.\nIts producer is unknown.","version_group":{"name":"platinum","url":"http://pokeapi.co/api/v2/version-group/9/"},"language":{"name":"en","url":"http://pokeapi.co/api/v2/language/9/"}},{"text":"A transparent device overflowing with\ndubious data.\nIts producer is unknown.","version_group":{"name":"diamond-pearl","url":"http://pokeapi.co/api/v2/version-group/8/"},"language":{"name":"en","url":"http://pokeapi.co/api/v2/language/9/"}}],"game_indices":[{"game_index":324,"generation":{"name":"generation-vi","url":"http://pokeapi.co/api/v2/generation/6/"}},{"game_index":324,"generation":{"name":"generation-v","url":"http://pokeapi.co/api/v2/generation/5/"}},{"game_index":324,"generation":{"name":"generation-iv","url":"http://pokeapi.co/api/v2/generation/4/"}}],"names":[{"name":"Dubious Disc","language":{"name":"en","url":"http://pokeapi.co/api/v2/language/9/"}},{"name":"Dubbiodisco","language":{"name":"it","url":"http://pokeapi.co/api/v2/language/8/"}},{"name":"Disco Extraño","language":{"name":"es","url":"http://pokeapi.co/api/v2/language/7/"}},{"name":"Dubiosdisc","language":{"name":"de","url":"http://pokeapi.co/api/v2/language/6/"}},{"name":"CD Douteux","language":{"name":"fr","url":"http://pokeapi.co/api/v2/language/5/"}},{"name":"괴상한패치","language":{"name":"ko","url":"http://pokeapi.co/api/v2/language/3/"}},{"name":"あやしいパッチ","language":{"name":"ja","url":"http://pokeapi.co/api/v2/language/1/"}}],"held_by_pokemon":[],"baby_trigger_for":null}