{"id":310,"name":"tm06","cost":3000,"fling_power":null,"fling_effect":null,"attributes":[],"category":{"name":"all-machines","url":"http://pokeapi.co/api/v2/item-category/37/"},"effect_entries":[{"effect":"Teaches Toxic to a compatible Pokémon.","short_effect":"Teaches Toxic to a compatible Pokémon.","language":{"name":"en","url":"http://pokeapi.co/api/v2/language/9/"}}],"flavor_text_entries":[{"text":"相手を　猛毒の　状態に　する。\nターンが　すすむほど\n毒の　ダメージが　増えていく。","version_group":{"name":"x-y","url":"http://pokeapi.co/api/v2/version-group/15/"},"language":{"name":"ja-kanji","url":"http://pokeapi.co/api/v2/language/11/"}},{"text":"A move that leaves the target\nbadly poisoned. Its poison\ndamage worsens every turn.","version_group":{"name":"x-y","url":"http://pokeapi.co/api/v2/version-group/15/"},"language":{"name":"en","url":"http://pokeapi.co/api/v2/language/9/"}},{"text":"Iperavvelena il nemico con una potente tossina.\nIl danno peggiora a ogni turno.","version_group":{"name":"x-y","url":"http://pokeapi.co/api/v2/version-group/15/"},"language":{"name":"it","url":"http://pokeapi.co/api/v2/language/8/"}},{"text":"El usuario ataca lanzando una piedra o un\nproyectil. Puede estrellar contra el suelo al\nobjetivo si vuela.","version_group":{"name":"x-y","url":"http://pokeapi.co/api/v2/version-group/15/"},"language":{"name":"es","url":"http://pokeapi.co/api/v2/language/7/"}},{"text":"Das Ziel wird schwer vergiftet. Der Schaden\ndurch das Gift wird in jeder Runde stärker.","version_group":{"name":"x-y","url":"http://pokeapi.co/api/v2/version-group/15/"},"language":{"name":"de","url":"http://pokeapi.co/api/v2/language/6/"}},{"text":"Empoisonne gravement l’ennemi.\nLes dégâts dus au poison augmentent à\nchaque tour.","version_group":{"name":"x-y","url":"http://pokeapi.co/api/v2/version-group/15/"},"language":{"name":"fr","url":"http://pokeapi.co/api/v2/language/5/"}},{"text":"상대를 맹독의 상태로 만든다.\n턴이 진행될수록\n독의 데미지가 증가한다.","version_group":{"name":"x-y","url":"http://pokeapi.co/api/v2/version-group/15/"},"language":{"name":"ko","url":"http://pokeapi.co/api/v2/language/3/"}},{"text":"もうどくの　じょうたいに　する。\nターンすうが　すすむほど　どくの\nダメージりょうは　ふえる。","version_group":{"name":"x-y","url":"http://pokeapi.co/api/v2/version-group/15/"},"language":{"name":"ja","url":"http://pokeapi.co/api/v2/language/1/"}},{"text":"A move that leaves the target badly\npoisoned. Its poison damage\nworsens every turn.","version_group":{"name":"black-2-white-2","url":"http://pokeapi.co/api/v2/version-group/14/"},"language":{"name":"en","url":"http://pokeapi.co/api/v2/language/9/"}},{"text":"A move that leaves the target badly\npoisoned. Its poison damage\nworsens every turn.","version_group":{"name":"black-white","url":"http://pokeapi.co/api/v2/version-group/11/"},"language":{"name":"en","url":"http://pokeapi.co/api/v2/language/9/"}},{"text":"Empoisonne gravement l’ennemi. Les\ndégâts dus au poison augmentent à\nchaque tour.","version_group":{"name":"black-white","url":"http://pokeapi.co/api/v2/version-group/11/"},"language":{"name":"fr","url":"http://pokeapi.co/api/v2/language/5/"}},{"text":"A move that leaves the foe badly\npoisoned. This poison damage\nworsens every turn.","version_group":{"name":"heartgold-soulsilver","url":"http://pokeapi.co/api/v2/version-group/10/"},"language":{"name":"en","url":"http://pokeapi.co/api/v2/language/9/"}},{"text":"A move that leaves the foe badly\npoisoned. This poison damage\nworsens every turn.","version_group":{"name":"platinum","url":"http://pokeapi.co/api/v2/version-group/9/"},"language":{"name":"en","url":"http://pokeapi.co/api/v2/language/9/"}},{"text":"A move that leaves the foe badly\npoisoned. This poison damage\nworsens every turn.","version_group":{"name":"diamond-pearl","url":"http://pokeapi.co/api/v2/version-group/8/"},"language":{"name":"en","url":"http://pokeapi.co/api/v2/language/9/"}},{"text":"A move that badly\npoisons the foe.\nIts poison damage\nworsens every turn.","version_group":{"name":"firered-leafgreen","url":"http://pokeapi.co/api/v2/version-group/7/"},"language":{"name":"en","url":"http://pokeapi.co/api/v2/language/9/"}},{"text":"Poisons the foe\nwith a toxin that\ngradually worsens.","version_group":{"name":"emerald","url":"http://pokeapi.co/api/v2/version-group/6/"},"language":{"name":"en","url":"http://pokeapi.co/api/v2/language/9/"}},{"text":"Poisons the foe\nwith a toxin that\ngradually worsens.","version_group":{"name":"ruby-sapphire","url":"http://pokeapi.co/api/v2/version-group/5/"},"language":{"name":"en","url":"http://pokeapi.co/api/v2/language/9/"}}],"game_indices":[{"game_index":333,"generation":{"name":"generation-vi","url":"http://pokeapi.co/api/v2/generation/6/"}},{"game_index":333,"generation":{"name":"generation-v","url":"http://pokeapi.co/api/v2/generation/5/"}},{"game_index":333,"generation":{"name":"generation-iv","url":"http://pokeapi.co/api/v2/generation/4/"}},{"game_index":294,"generation":{"name":"generation-iii","url":"http://pokeapi.co/api/v2/generation/3/"}}],"names":[{"name":"TM06","language":{"name":"en","url":"http://pokeapi.co/api/v2/language/9/"}},{"name":"MT06","language":{"name":"it","url":"http://pokeapi.co/api/v2/language/8/"}},{"name":"MT06","language":{"name":"es","url":"http://pokeapi.co/api/v2/language/7/"}},{"name":"TM06","language":{"name":"de","url":"http://pokeapi.co/api/v2/language/6/"}},{"name":"CT06","language":{"name":"fr","url":"http://pokeapi.co/api/v2/language/5/"}},{"name":"기술머신06","language":{"name":"ko","url":"http://pokeapi.co/api/v2/language/3/"}},{"name":"わざマシン０６","language":{"name":"ja","url":"http://pokeapi.co/api/v2/language/1/"}}],"held_by_pokemon":[],"baby_trigger_for":null}