{"id":17,"name":"potion","cost":300,"fling_power":30,"fling_effect":null,"attributes":[{"name":"countable","url":"http://pokeapi.co/api/v2/item-attribute/1/"},{"name":"consumable","url":"http://pokeapi.co/api/v2/item-attribute/2/"},{"name":"usable-overworld","url":"http://pokeapi.co/api/v2/item-attribute/3/"},{"name":"usable-in-battle","url":"http://pokeapi.co/api/v2/item-attribute/4/"},{"name":"holdable","url":"http://pokeapi.co/api/v2/item-attribute/5/"}],"category":{"name":"healing","url":"http://pokeapi.co/api/v2/item-category/27/"},"effect_entries":[{"effect":"Used on a friendly Pokémon\n:   Restores 20 HP.","short_effect":"Restores 20 HP.","language":{"name":"en","url":"http://pokeapi.co/api/v2/language/9/"}}],"flavor_text_entries":[{"text":"スプレー式の　キズぐすり。\nポケモン　１匹の　ＨＰを\n２０だけ　回復する。","version_group":{"name":"x-y","url":"http://pokeapi.co/api/v2/version-group/15/"},"language":{"name":"ja-kanji","url":"http://pokeapi.co/api/v2/language/11/"}},{"text":"A spray-type medicine for treating\nwounds. It can be used to restore\n20 HP to an injured Pokémon.","version_group":{"name":"x-y","url":"http://pokeapi.co/api/v2/version-group/15/"},"language":{"name":"en","url":"http://pokeapi.co/api/v2/language/9/"}},{"text":"Rimedio spray per le ferite.\nRestituisce 20 PS a un Pokémon.","version_group":{"name":"x-y","url":"http://pokeapi.co/api/v2/version-group/15/"},"language":{"name":"it","url":"http://pokeapi.co/api/v2/language/8/"}},{"text":"Medicina en espray que cura heridas y restaura\n20 PS a un Pokémon.","version_group":{"name":"x-y","url":"http://pokeapi.co/api/v2/version-group/15/"},"language":{"name":"es","url":"http://pokeapi.co/api/v2/language/7/"}},{"text":"Hilft bei Wunden. Die KP eines Pokémon werden\num 20 Punkte aufgefüllt.","version_group":{"name":"x-y","url":"http://pokeapi.co/api/v2/version-group/15/"},"language":{"name":"de","url":"http://pokeapi.co/api/v2/language/6/"}},{"text":"Un spray qui soigne les blessures.\nRestaure 20 PV d’un Pokémon.","version_group":{"name":"x-y","url":"http://pokeapi.co/api/v2/version-group/15/"},"language":{"name":"fr","url":"http://pokeapi.co/api/v2/language/5/"}},{"text":"스프레이식의 상처약.\n포켓몬 1마리의 HP를\n20만큼 회복한다.","version_group":{"name":"x-y","url":"http://pokeapi.co/api/v2/version-group/15/"},"language":{"name":"ko","url":"http://pokeapi.co/api/v2/language/3/"}},{"text":"スプレーしきの　キズぐすり。\nポケモン　１ひきの　ＨＰを\n２０だけ　かいふくする。","version_group":{"name":"x-y","url":"http://pokeapi.co/api/v2/version-group/15/"},"language":{"name":"ja","url":"http://pokeapi.co/api/v2/language/1/"}},{"text":"A spray-type medicine for wounds.\nIt restores the HP of one Pokémon by\njust 20 points.","version_group":{"name":"black-2-white-2","url":"http://pokeapi.co/api/v2/version-group/14/"},"language":{"name":"en","url":"http://pokeapi.co/api/v2/language/9/"}},{"text":"A spray-type medicine for wounds.\nIt restores the HP of one Pokémon by\njust 20 points.","version_group":{"name":"black-white","url":"http://pokeapi.co/api/v2/version-group/11/"},"language":{"name":"en","url":"http://pokeapi.co/api/v2/language/9/"}},{"text":"Un spray qui soigne les blessures.\nRestaure 20 PV à un Pokémon.","version_group":{"name":"black-white","url":"http://pokeapi.co/api/v2/version-group/11/"},"language":{"name":"fr","url":"http://pokeapi.co/api/v2/language/5/"}},{"text":"A spray-type medicine for wounds.\nIt restores the HP of one Pokémon by\njust 20 points.","version_group":{"name":"heartgold-soulsilver","url":"http://pokeapi.co/api/v2/version-group/10/"},"language":{"name":"en","url":"http://pokeapi.co/api/v2/language/9/"}},{"text":"A spray-type medicine for wounds.\nIt restores the HP of one Pokémon by\njust 20 points.","version_group":{"name":"platinum","url":"http://pokeapi.co/api/v2/version-group/9/"},"language":{"name":"en","url":"http://pokeapi.co/api/v2/language/9/"}},{"text":"A spray-type medicine for wounds.\nIt restores the HP of one Pokémon by\njust 20 points.","version_group":{"name":"diamond-pearl","url":"http://pokeapi.co/api/v2/version-group/8/"},"language":{"name":"en","url":"http://pokeapi.co/api/v2/language/9/"}},{"text":"A spray-type wound medicine.\nIt restores the HP of one POKéMON\nby 20 points.","version_group":{"name":"firered-leafgreen","url":"http://pokeapi.co/api/v2/version-group/7/"},"language":{"name":"en","url":"http://pokeapi.co/api/v2/language/9/"}},{"text":"Restores the HP of\na POKéMON by\n20 points.","version_group":{"name":"emerald","url":"http://pokeapi.co/api/v2/version-group/6/"},"language":{"name":"en","url":"http://pokeapi.co/api/v2/language/9/"}},{"text":"Restores the HP of\na POKéMON by\n20 points.","version_group":{"name":"ruby-sapphire","url":"http://pokeapi.co/api/v2/version-group/5/"},"language":{"name":"en","url":"http://pokeapi.co/api/v2/language/9/"}}],"game_indices":[{"game_index":17,"generation":{"name":"generation-vi","url":"http://pokeapi.co/api/v2/generation/6/"}},{"game_index":17,"generation":{"name":"generation-v","url":"http://pokeapi.co/api/v2/generation/5/"}},{"game_index":17,"generation":{"name":"generation-iv","url":"http://pokeapi.co/api/v2/generation/4/"}},{"game_index":13,"generation":{"name":"generation-iii","url":"http://pokeapi.co/api/v2/generation/3/"}}],"names":[{"name":"Potion","language":{"name":"en","url":"http://pokeapi.co/api/v2/language/9/"}},{"name":"Pozione","language":{"name":"it","url":"http://pokeapi.co/api/v2/language/8/"}},{"name":"Poción","language":{"name":"es","url":"http://pokeapi.co/api/v2/language/7/"}},{"name":"Trank","language":{"name":"de","url":"http://pokeapi.co/api/v2/language/6/"}},{"name":"Potion","language":{"name":"fr","url":"http://pokeapi.co/api/v2/language/5/"}},{"name":"상처약","language":{"name":"ko","url":"http://pokeapi.co/api/v2/language/3/"}},{"name":"キズぐすり","language":{"name":"ja","url":"http://pokeapi.co/api/v2/language/1/"}}],"held_by_pokemon":[],"baby_trigger_for":null}