{"id":305,"name":"tm01","cost":3000,"fling_power":null,"fling_effect":null,"attributes":[],"category":{"name":"all-machines","url":"http://pokeapi.co/api/v2/item-category/37/"},"effect_entries":[{"effect":"Teaches Focus Punch to a compatible Pokémon.","short_effect":"Teaches Hone Claws to a compatible Pokémon. (Gen IV & III: Focus Punch Gen II: DynamicPunch Gen I: Mega Punch)","language":{"name":"en","url":"http://pokeapi.co/api/v2/language/9/"}}],"flavor_text_entries":[{"text":"つめを　磨いて　鋭く　する。\n自分の　攻撃と\n命中率を　あげる。","version_group":{"name":"x-y","url":"http://pokeapi.co/api/v2/version-group/15/"},"language":{"name":"ja-kanji","url":"http://pokeapi.co/api/v2/language/11/"}},{"text":"The user sharpens its claws to\nboost its Attack stat and accuracy.","version_group":{"name":"x-y","url":"http://pokeapi.co/api/v2/version-group/15/"},"language":{"name":"en","url":"http://pokeapi.co/api/v2/language/9/"}},{"text":"Chi la usa affila i propri artigli, aumentando\nAttacco e precisione.","version_group":{"name":"x-y","url":"http://pokeapi.co/api/v2/version-group/15/"},"language":{"name":"it","url":"http://pokeapi.co/api/v2/language/8/"}},{"text":"Quien lo usa invoca una fuerte lluvia que dura\ncinco turnos y fortalece los movimientos de tipo\nAgua.","version_group":{"name":"x-y","url":"http://pokeapi.co/api/v2/version-group/15/"},"language":{"name":"es","url":"http://pokeapi.co/api/v2/language/7/"}},{"text":"Der Anwender wetzt seine Klauen, um sie zu\nschärfen. Angriff und Genauigkeit werden erhöht.","version_group":{"name":"x-y","url":"http://pokeapi.co/api/v2/version-group/15/"},"language":{"name":"de","url":"http://pokeapi.co/api/v2/language/6/"}},{"text":"Le lanceur s’aiguise les griffes.\nAugmente l’Attaque et la Précision.","version_group":{"name":"x-y","url":"http://pokeapi.co/api/v2/version-group/15/"},"language":{"name":"fr","url":"http://pokeapi.co/api/v2/language/5/"}},{"text":"손톱을 갈아 날카롭게 만든다.\n자신의 공격과\n명중률을 올린다.","version_group":{"name":"x-y","url":"http://pokeapi.co/api/v2/version-group/15/"},"language":{"name":"ko","url":"http://pokeapi.co/api/v2/language/3/"}},{"text":"つめを　みがいて　するどく　する。\nじぶんの　こうげきと\nめいちゅうりつを　あげる。","version_group":{"name":"x-y","url":"http://pokeapi.co/api/v2/version-group/15/"},"language":{"name":"ja","url":"http://pokeapi.co/api/v2/language/1/"}},{"text":"The user sharpens its claws to\nboost its Attack stat and accuracy.","version_group":{"name":"black-2-white-2","url":"http://pokeapi.co/api/v2/version-group/14/"},"language":{"name":"en","url":"http://pokeapi.co/api/v2/language/9/"}},{"text":"The user sharpens its claws to\nboost its Attack stat and accuracy.","version_group":{"name":"black-white","url":"http://pokeapi.co/api/v2/version-group/11/"},"language":{"name":"en","url":"http://pokeapi.co/api/v2/language/9/"}},{"text":"Le lanceur s’aiguise les griffes.\nAugmente l’Attaque et la Précision.","version_group":{"name":"black-white","url":"http://pokeapi.co/api/v2/version-group/11/"},"language":{"name":"fr","url":"http://pokeapi.co/api/v2/language/5/"}},{"text":"The user focuses its mind before\nlaunching this attack. It will fail if\nthe user is hit before it is used.","version_group":{"name":"heartgold-soulsilver","url":"http://pokeapi.co/api/v2/version-group/10/"},"language":{"name":"en","url":"http://pokeapi.co/api/v2/language/9/"}},{"text":"The user focuses its mind before\nlaunching this attack. It will fail if\nthe user is hit before it is used.","version_group":{"name":"platinum","url":"http://pokeapi.co/api/v2/version-group/9/"},"language":{"name":"en","url":"http://pokeapi.co/api/v2/language/9/"}},{"text":"The user focuses its mind before\nlaunching this attack. It will fail if\nthe user is hit before it is used.","version_group":{"name":"diamond-pearl","url":"http://pokeapi.co/api/v2/version-group/8/"},"language":{"name":"en","url":"http://pokeapi.co/api/v2/language/9/"}},{"text":"An attack that is\nexecuted last.\nThe user flinches\nif hit beforehand.","version_group":{"name":"firered-leafgreen","url":"http://pokeapi.co/api/v2/version-group/7/"},"language":{"name":"en","url":"http://pokeapi.co/api/v2/language/9/"}},{"text":"Powerful, but makes\nthe user flinch if\nhit by the foe.","version_group":{"name":"emerald","url":"http://pokeapi.co/api/v2/version-group/6/"},"language":{"name":"en","url":"http://pokeapi.co/api/v2/language/9/"}},{"text":"Powerful, but makes\nthe user flinch if\nhit by the foe.","version_group":{"name":"ruby-sapphire","url":"http://pokeapi.co/api/v2/version-group/5/"},"language":{"name":"en","url":"http://pokeapi.co/api/v2/language/9/"}}],"game_indices":[{"game_index":328,"generation":{"name":"generation-vi","url":"http://pokeapi.co/api/v2/generation/6/"}},{"game_index":328,"generation":{"name":"generation-v","url":"http://pokeapi.co/api/v2/generation/5/"}},{"game_index":328,"generation":{"name":"generation-iv","url":"http://pokeapi.co/api/v2/generation/4/"}},{"game_index":289,"generation":{"name":"generation-iii","url":"http://pokeapi.co/api/v2/generation/3/"}}],"names":[{"name":"TM01","language":{"name":"en","url":"http://pokeapi.co/api/v2/language/9/"}},{"name":"MT01","language":{"name":"it","url":"http://pokeapi.co/api/v2/language/8/"}},{"name":"MT01","language":{"name":"es","url":"http://pokeapi.co/api/v2/language/7/"}},{"name":"TM01","language":{"name":"de","url":"http://pokeapi.co/api/v2/language/6/"}},{"name":"CT01","language":{"name":"fr","url":"http://pokeapi.co/api/v2/language/5/"}},{"name":"기술머신01","language":{"name":"ko","url":"http://pokeapi.co/api/v2/language/3/"}},{"name":"わざマシン０１","language":{"name":"ja","url":"http://pokeapi.co/api/v2/language/1/"}}],"held_by_pokemon":[],"baby_trigger_for":null}