{"id":312,"name":"tm08","cost":1500,"fling_power":null,"fling_effect":null,"attributes":[],"category":{"name":"all-machines","url":"http://pokeapi.co/api/v2/item-category/37/"},"effect_entries":[{"effect":"Teaches Bulk Up to a compatible Pokémon.","short_effect":"Teaches Bulk Up to a compatible Pokémon. (Gen II: Rock Smash Gen I: Body Slam)","language":{"name":"en","url":"http://pokeapi.co/api/v2/language/9/"}}],"flavor_text_entries":[{"text":"体に　力を　こめて\n筋肉を　ぶあつく　することで\n自分の　攻撃と　防御を　あげる。","version_group":{"name":"x-y","url":"http://pokeapi.co/api/v2/version-group/15/"},"language":{"name":"ja-kanji","url":"http://pokeapi.co/api/v2/language/11/"}},{"text":"The user tenses its muscles to bulk up\nits body, raising both its Attack and\nDefense stats.","version_group":{"name":"x-y","url":"http://pokeapi.co/api/v2/version-group/15/"},"language":{"name":"en","url":"http://pokeapi.co/api/v2/language/9/"}},{"text":"Chi la usa tende i muscoli per gonfiare il corpo,\naumentando Difesa e Attacco.","version_group":{"name":"x-y","url":"http://pokeapi.co/api/v2/version-group/15/"},"language":{"name":"it","url":"http://pokeapi.co/api/v2/language/8/"}},{"text":"Ataca con un terrible rayo que puede paralizar al\nobjetivo.","version_group":{"name":"x-y","url":"http://pokeapi.co/api/v2/version-group/15/"},"language":{"name":"es","url":"http://pokeapi.co/api/v2/language/7/"}},{"text":"Der Anwender spannt seine Muskeln an\nund steigert damit den Angriffs- und\nden Verteidigungs-Wert.","version_group":{"name":"x-y","url":"http://pokeapi.co/api/v2/version-group/15/"},"language":{"name":"de","url":"http://pokeapi.co/api/v2/language/6/"}},{"text":"Le lanceur tend ses muscles pour se gonfler,\nce qui booste son Attaque et sa Défense.","version_group":{"name":"x-y","url":"http://pokeapi.co/api/v2/version-group/15/"},"language":{"name":"fr","url":"http://pokeapi.co/api/v2/language/5/"}},{"text":"몸에 힘을 담아\n근육을 두껍게 해서\n자신의 공격과 방어를 올린다.","version_group":{"name":"x-y","url":"http://pokeapi.co/api/v2/version-group/15/"},"language":{"name":"ko","url":"http://pokeapi.co/api/v2/language/3/"}},{"text":"ちからを　こめて　きんにくを\nぶあつくする　ことで　じぶんの\nこうげきと　ぼうぎょを　あげる。","version_group":{"name":"x-y","url":"http://pokeapi.co/api/v2/version-group/15/"},"language":{"name":"ja","url":"http://pokeapi.co/api/v2/language/1/"}},{"text":"The user tenses its muscles to bulk up\nits body, boosting both its Attack and\nDefense stats.","version_group":{"name":"black-2-white-2","url":"http://pokeapi.co/api/v2/version-group/14/"},"language":{"name":"en","url":"http://pokeapi.co/api/v2/language/9/"}},{"text":"The user tenses its muscles to bulk up\nits body, boosting both its Attack and\nDefense stats.","version_group":{"name":"black-white","url":"http://pokeapi.co/api/v2/version-group/11/"},"language":{"name":"en","url":"http://pokeapi.co/api/v2/language/9/"}},{"text":"Le lanceur tend ses muscles pour se\ngonfler, ce qui booste son Attaque et\nsa Défense.","version_group":{"name":"black-white","url":"http://pokeapi.co/api/v2/version-group/11/"},"language":{"name":"fr","url":"http://pokeapi.co/api/v2/language/5/"}},{"text":"The user tenses its muscles to bulk up\nits body, boosting both its Attack and\nDefense stats.","version_group":{"name":"heartgold-soulsilver","url":"http://pokeapi.co/api/v2/version-group/10/"},"language":{"name":"en","url":"http://pokeapi.co/api/v2/language/9/"}},{"text":"The user tenses its muscles to bulk up\nits body, boosting both its Attack and\nDefense stats.","version_group":{"name":"platinum","url":"http://pokeapi.co/api/v2/version-group/9/"},"language":{"name":"en","url":"http://pokeapi.co/api/v2/language/9/"}},{"text":"The user tenses its muscles to bulk up\nits body, boosting both its Attack and\nDefense stats.","version_group":{"name":"diamond-pearl","url":"http://pokeapi.co/api/v2/version-group/8/"},"language":{"name":"en","url":"http://pokeapi.co/api/v2/language/9/"}},{"text":"The user bulks up\nits body to boost\nboth its ATTACK and\nDEFENSE stats.","version_group":{"name":"firered-leafgreen","url":"http://pokeapi.co/api/v2/version-group/7/"},"language":{"name":"en","url":"http://pokeapi.co/api/v2/language/9/"}},{"text":"Bulks up the body\nto boost both\nATTACK & DEFENSE.","version_group":{"name":"emerald","url":"http://pokeapi.co/api/v2/version-group/6/"},"language":{"name":"en","url":"http://pokeapi.co/api/v2/language/9/"}},{"text":"Bulks up the body\nto boost both\nATTACK & DEFENSE.","version_group":{"name":"ruby-sapphire","url":"http://pokeapi.co/api/v2/version-group/5/"},"language":{"name":"en","url":"http://pokeapi.co/api/v2/language/9/"}}],"game_indices":[{"game_index":335,"generation":{"name":"generation-vi","url":"http://pokeapi.co/api/v2/generation/6/"}},{"game_index":335,"generation":{"name":"generation-v","url":"http://pokeapi.co/api/v2/generation/5/"}},{"game_index":335,"generation":{"name":"generation-iv","url":"http://pokeapi.co/api/v2/generation/4/"}},{"game_index":296,"generation":{"name":"generation-iii","url":"http://pokeapi.co/api/v2/generation/3/"}}],"names":[{"name":"TM08","language":{"name":"en","url":"http://pokeapi.co/api/v2/language/9/"}},{"name":"MT08","language":{"name":"it","url":"http://pokeapi.co/api/v2/language/8/"}},{"name":"MT08","language":{"name":"es","url":"http://pokeapi.co/api/v2/language/7/"}},{"name":"TM08","language":{"name":"de","url":"http://pokeapi.co/api/v2/language/6/"}},{"name":"CT08","language":{"name":"fr","url":"http://pokeapi.co/api/v2/language/5/"}},{"name":"기술머신08","language":{"name":"ko","url":"http://pokeapi.co/api/v2/language/3/"}},{"name":"わざマシン０８","language":{"name":"ja","url":"http://pokeapi.co/api/v2/language/1/"}}],"held_by_pokemon":[],"baby_trigger_for":null}