{"id":354,"name":"tm50","cost":5500,"fling_power":null,"fling_effect":null,"attributes":[],"category":{"name":"all-machines","url":"http://pokeapi.co/api/v2/item-category/37/"},"effect_entries":[{"effect":"Teaches Overheat to a compatible Pokémon.","short_effect":"Teaches Overheat to a compatible Pokémon. (Gen II: Nightmare Gen I: Substitute)","language":{"name":"en","url":"http://pokeapi.co/api/v2/language/9/"}}],"flavor_text_entries":[{"text":"フルパワーで　相手を　攻撃する。\n使うと　反動で\n自分の　特攻が　がくっと　さがる。","version_group":{"name":"x-y","url":"http://pokeapi.co/api/v2/version-group/15/"},"language":{"name":"ja-kanji","url":"http://pokeapi.co/api/v2/language/11/"}},{"text":"The user attacks the target at full power.\nThe attack’s recoil harshly lowers the\nuser’s Sp. Atk stat.","version_group":{"name":"x-y","url":"http://pokeapi.co/api/v2/version-group/15/"},"language":{"name":"en","url":"http://pokeapi.co/api/v2/language/9/"}},{"text":"Chi la usa sferra un potente attacco, ma il\ncontraccolpo riduce di molto il suo Attacco\nSpeciale.","version_group":{"name":"x-y","url":"http://pokeapi.co/api/v2/version-group/15/"},"language":{"name":"it","url":"http://pokeapi.co/api/v2/language/8/"}},{"text":"Quien lo usa puede vengar a sus amigos. El daño\ncausado será mayor si en el turno anterior han\ndebilitado a alguno.","version_group":{"name":"x-y","url":"http://pokeapi.co/api/v2/version-group/15/"},"language":{"name":"es","url":"http://pokeapi.co/api/v2/language/7/"}},{"text":"Angriff mit maximaler Kraft und feuriger Energie,\nder gleichzeitig den Spezial-Angriff des Angreifers\nsenkt.","version_group":{"name":"x-y","url":"http://pokeapi.co/api/v2/version-group/15/"},"language":{"name":"de","url":"http://pokeapi.co/api/v2/language/6/"}},{"text":"Attaque l’ennemi à pleine puissance.\nLe contrecoup baisse énormément l’Attaque\nSpéciale du lanceur.","version_group":{"name":"x-y","url":"http://pokeapi.co/api/v2/version-group/15/"},"language":{"name":"fr","url":"http://pokeapi.co/api/v2/language/5/"}},{"text":"풀 파워로 불꽃 공격을 한다.\n사용한 뒤 자신의 특수공격이\n크게 떨어진다.","version_group":{"name":"x-y","url":"http://pokeapi.co/api/v2/version-group/15/"},"language":{"name":"ko","url":"http://pokeapi.co/api/v2/language/3/"}},{"text":"フルパワーで　ほのおの　こうげき。\nつかったあと　じぶんの　とくこうは\nがくっと　さがる。","version_group":{"name":"x-y","url":"http://pokeapi.co/api/v2/version-group/15/"},"language":{"name":"ja","url":"http://pokeapi.co/api/v2/language/1/"}},{"text":"The user attacks the target at full\npower. The attack’s recoil harshly\nreduces the user’s Sp. Atk stat.","version_group":{"name":"black-2-white-2","url":"http://pokeapi.co/api/v2/version-group/14/"},"language":{"name":"en","url":"http://pokeapi.co/api/v2/language/9/"}},{"text":"The user attacks the target at full\npower. The attack’s recoil harshly\nreduces the user’s Sp. Atk stat.","version_group":{"name":"black-white","url":"http://pokeapi.co/api/v2/version-group/11/"},"language":{"name":"en","url":"http://pokeapi.co/api/v2/language/9/"}},{"text":"Attaque l’ennemi à pleine puissance.\nLe contrecoup baisse énormément\nl’Attaque Spéciale du lanceur.","version_group":{"name":"black-white","url":"http://pokeapi.co/api/v2/version-group/11/"},"language":{"name":"fr","url":"http://pokeapi.co/api/v2/language/5/"}},{"text":"The user attacks the foe at full\npower using fiery energy. It also\nsharply reduces the user’s Sp. Atk.","version_group":{"name":"heartgold-soulsilver","url":"http://pokeapi.co/api/v2/version-group/10/"},"language":{"name":"en","url":"http://pokeapi.co/api/v2/language/9/"}},{"text":"The user attacks the foe at full\npower using fiery energy. It also\nsharply reduces the user’s Sp. Atk.","version_group":{"name":"platinum","url":"http://pokeapi.co/api/v2/version-group/9/"},"language":{"name":"en","url":"http://pokeapi.co/api/v2/language/9/"}},{"text":"The user attacks the foe at full\npower using fiery energy. It also\nsharply reduces the user’s Sp. Atk.","version_group":{"name":"diamond-pearl","url":"http://pokeapi.co/api/v2/version-group/8/"},"language":{"name":"en","url":"http://pokeapi.co/api/v2/language/9/"}},{"text":"An intense attack\nthat also sharply\nreduces the user’s\nSP. ATK stat.","version_group":{"name":"firered-leafgreen","url":"http://pokeapi.co/api/v2/version-group/7/"},"language":{"name":"en","url":"http://pokeapi.co/api/v2/language/9/"}},{"text":"Enables full-power\nattack, but sharply\nlowers SP. ATK.","version_group":{"name":"emerald","url":"http://pokeapi.co/api/v2/version-group/6/"},"language":{"name":"en","url":"http://pokeapi.co/api/v2/language/9/"}},{"text":"Enables full-power\nattack, but sharply\nlowers SP. ATK.","version_group":{"name":"ruby-sapphire","url":"http://pokeapi.co/api/v2/version-group/5/"},"language":{"name":"en","url":"http://pokeapi.co/api/v2/language/9/"}}],"game_indices":[{"game_index":377,"generation":{"name":"generation-vi","url":"http://pokeapi.co/api/v2/generation/6/"}},{"game_index":377,"generation":{"name":"generation-v","url":"http://pokeapi.co/api/v2/generation/5/"}},{"game_index":377,"generation":{"name":"generation-iv","url":"http://pokeapi.co/api/v2/generation/4/"}},{"game_index":338,"generation":{"name":"generation-iii","url":"http://pokeapi.co/api/v2/generation/3/"}}],"names":[{"name":"TM50","language":{"name":"en","url":"http://pokeapi.co/api/v2/language/9/"}},{"name":"MT50","language":{"name":"it","url":"http://pokeapi.co/api/v2/language/8/"}},{"name":"MT50","language":{"name":"es","url":"http://pokeapi.co/api/v2/language/7/"}},{"name":"TM50","language":{"name":"de","url":"http://pokeapi.co/api/v2/language/6/"}},{"name":"CT50","language":{"name":"fr","url":"http://pokeapi.co/api/v2/language/5/"}},{"name":"기술머신50","language":{"name":"ko","url":"http://pokeapi.co/api/v2/language/3/"}},{"name":"わざマシン５０","language":{"name":"ja","url":"http://pokeapi.co/api/v2/language/1/"}}],"held_by_pokemon":[],"baby_trigger_for":null}