{"id":220,"name":"mystic-water","cost":100,"fling_power":30,"fling_effect":null,"attributes":[{"name":"holdable","url":"http://pokeapi.co/api/v2/item-attribute/5/"},{"name":"holdable-active","url":"http://pokeapi.co/api/v2/item-attribute/7/"}],"category":{"name":"type-enhancement","url":"http://pokeapi.co/api/v2/item-category/19/"},"effect_entries":[{"effect":"Held: Increases the power of the holder's Water moves by 20%.","short_effect":"Held: Water-Type moves from holder do 20% more damage.","language":{"name":"en","url":"http://pokeapi.co/api/v2/language/9/"}}],"flavor_text_entries":[{"text":"しずくの　形の　宝石。\n持たせると　みずタイプの\n技の　威力が　あがる。","version_group":{"name":"x-y","url":"http://pokeapi.co/api/v2/version-group/15/"},"language":{"name":"ja-kanji","url":"http://pokeapi.co/api/v2/language/11/"}},{"text":"An item to be held by a Pokémon.\nThis teardrop-shaped gem boosts\nthe power of Water-type moves.","version_group":{"name":"x-y","url":"http://pokeapi.co/api/v2/version-group/15/"},"language":{"name":"en","url":"http://pokeapi.co/api/v2/language/9/"}},{"text":"Strumento da dare a un Pokémon.\nGemma a forma di goccia che potenzia le mosse\ndi tipo Acqua.","version_group":{"name":"x-y","url":"http://pokeapi.co/api/v2/version-group/15/"},"language":{"name":"it","url":"http://pokeapi.co/api/v2/language/8/"}},{"text":"Debe llevarlo un Pokémon. Aumenta el carisma\nen los concursos.","version_group":{"name":"x-y","url":"http://pokeapi.co/api/v2/version-group/15/"},"language":{"name":"es","url":"http://pokeapi.co/api/v2/language/7/"}},{"text":"Ein Item zum Tragen. Ein tränenförmiger\nEdelstein, der Attacken vom Typ Wasser verstärkt.","version_group":{"name":"x-y","url":"http://pokeapi.co/api/v2/version-group/15/"},"language":{"name":"de","url":"http://pokeapi.co/api/v2/language/6/"}},{"text":"Objet à tenir. Une gemme en forme de goutte\nd’eau qui augmente la puissance des capacités\nde type Eau.","version_group":{"name":"x-y","url":"http://pokeapi.co/api/v2/version-group/15/"},"language":{"name":"fr","url":"http://pokeapi.co/api/v2/language/5/"}},{"text":"물방울 모양의 보석.\n지니게 하면 물타입\n기술의 위력이 올라간다.","version_group":{"name":"x-y","url":"http://pokeapi.co/api/v2/version-group/15/"},"language":{"name":"ko","url":"http://pokeapi.co/api/v2/language/3/"}},{"text":"しずくの　かたちの　ほうせき。\nもたせると　みずタイプの\nわざの　いりょくが　あがる。","version_group":{"name":"x-y","url":"http://pokeapi.co/api/v2/version-group/15/"},"language":{"name":"ja","url":"http://pokeapi.co/api/v2/language/1/"}},{"text":"An item to be held by a Pokémon.\nIt is a teardrop-shaped gem that ups\nthe power of Water-type moves.","version_group":{"name":"black-2-white-2","url":"http://pokeapi.co/api/v2/version-group/14/"},"language":{"name":"en","url":"http://pokeapi.co/api/v2/language/9/"}},{"text":"An item to be held by a Pokémon.\nIt is a teardrop-shaped gem that ups\nthe power of Water-type moves.","version_group":{"name":"black-white","url":"http://pokeapi.co/api/v2/version-group/11/"},"language":{"name":"en","url":"http://pokeapi.co/api/v2/language/9/"}},{"text":"Objet à tenir. Gemme en forme de\ngoutte d’eau montant la puissance\ndes capacités de type Eau.","version_group":{"name":"black-white","url":"http://pokeapi.co/api/v2/version-group/11/"},"language":{"name":"fr","url":"http://pokeapi.co/api/v2/language/5/"}},{"text":"An item to be held by a Pokémon.\nIt is a teardrop-shaped gem that ups\nthe power of Water-type moves.","version_group":{"name":"heartgold-soulsilver","url":"http://pokeapi.co/api/v2/version-group/10/"},"language":{"name":"en","url":"http://pokeapi.co/api/v2/language/9/"}},{"text":"An item to be held by a Pokémon.\nIt is a teardrop-shaped gem that ups\nthe power of Water-type moves.","version_group":{"name":"platinum","url":"http://pokeapi.co/api/v2/version-group/9/"},"language":{"name":"en","url":"http://pokeapi.co/api/v2/language/9/"}},{"text":"An item to be held by a Pokémon.\nIt is a teardrop-shaped gem that ups\nthe power of Water-type moves.","version_group":{"name":"diamond-pearl","url":"http://pokeapi.co/api/v2/version-group/8/"},"language":{"name":"en","url":"http://pokeapi.co/api/v2/language/9/"}},{"text":"An item to be held by a POKéMON.\nA teardrop-shaped gem that boosts\nthe power of WATER-type moves.","version_group":{"name":"firered-leafgreen","url":"http://pokeapi.co/api/v2/version-group/7/"},"language":{"name":"en","url":"http://pokeapi.co/api/v2/language/9/"}},{"text":"A hold item that\nraises the power of\nWATER-type moves.","version_group":{"name":"emerald","url":"http://pokeapi.co/api/v2/version-group/6/"},"language":{"name":"en","url":"http://pokeapi.co/api/v2/language/9/"}},{"text":"A hold item that\nraises the power of\nWATER-type moves.","version_group":{"name":"ruby-sapphire","url":"http://pokeapi.co/api/v2/version-group/5/"},"language":{"name":"en","url":"http://pokeapi.co/api/v2/language/9/"}}],"game_indices":[{"game_index":243,"generation":{"name":"generation-vi","url":"http://pokeapi.co/api/v2/generation/6/"}},{"game_index":243,"generation":{"name":"generation-v","url":"http://pokeapi.co/api/v2/generation/5/"}},{"game_index":243,"generation":{"name":"generation-iv","url":"http://pokeapi.co/api/v2/generation/4/"}},{"game_index":209,"generation":{"name":"generation-iii","url":"http://pokeapi.co/api/v2/generation/3/"}}],"names":[{"name":"Mystic Water","language":{"name":"en","url":"http://pokeapi.co/api/v2/language/9/"}},{"name":"Acqua Magica","language":{"name":"it","url":"http://pokeapi.co/api/v2/language/8/"}},{"name":"Agua Mística","language":{"name":"es","url":"http://pokeapi.co/api/v2/language/7/"}},{"name":"Zauberwasser","language":{"name":"de","url":"http://pokeapi.co/api/v2/language/6/"}},{"name":"Eau Mystique","language":{"name":"fr","url":"http://pokeapi.co/api/v2/language/5/"}},{"name":"신비의물방울","language":{"name":"ko","url":"http://pokeapi.co/api/v2/language/3/"}},{"name":"しんぴのしずく","language":{"name":"ja","url":"http://pokeapi.co/api/v2/language/1/"}}],"held_by_pokemon":[{"pokemon":{"name":"lapras","url":"http://pokeapi.co/api/v2/pokemon/131/"},"version_details":[{"rarity":100,"version":{"name":"y","url":"http://pokeapi.co/api/v2/version/24/"}},{"rarity":100,"version":{"name":"x","url":"http://pokeapi.co/api/v2/version/23/"}}]},{"pokemon":{"name":"castform","url":"http://pokeapi.co/api/v2/pokemon/351/"},"version_details":[{"rarity":100,"version":{"name":"y","url":"http://pokeapi.co/api/v2/version/24/"}},{"rarity":100,"version":{"name":"x","url":"http://pokeapi.co/api/v2/version/23/"}},{"rarity":100,"version":{"name":"white-2","url":"http://pokeapi.co/api/v2/version/22/"}},{"rarity":100,"version":{"name":"black-2","url":"http://pokeapi.co/api/v2/version/21/"}},{"rarity":100,"version":{"name":"white","url":"http://pokeapi.co/api/v2/version/18/"}},{"rarity":100,"version":{"name":"black","url":"http://pokeapi.co/api/v2/version/17/"}},{"rarity":100,"version":{"name":"soulsilver","url":"http://pokeapi.co/api/v2/version/16/"}},{"rarity":100,"version":{"name":"heartgold","url":"http://pokeapi.co/api/v2/version/15/"}},{"rarity":100,"version":{"name":"platinum","url":"http://pokeapi.co/api/v2/version/14/"}},{"rarity":100,"version":{"name":"pearl","url":"http://pokeapi.co/api/v2/version/13/"}},{"rarity":100,"version":{"name":"diamond","url":"http://pokeapi.co/api/v2/version/12/"}},{"rarity":100,"version":{"name":"leafgreen","url":"http://pokeapi.co/api/v2/version/11/"}},{"rarity":100,"version":{"name":"firered","url":"http://pokeapi.co/api/v2/version/10/"}},{"rarity":100,"version":{"name":"emerald","url":"http://pokeapi.co/api/v2/version/9/"}},{"rarity":100,"version":{"name":"sapphire","url":"http://pokeapi.co/api/v2/version/8/"}},{"rarity":100,"version":{"name":"ruby","url":"http://pokeapi.co/api/v2/version/7/"}}]},{"pokemon":{"name":"castform-sunny","url":"http://pokeapi.co/api/v2/pokemon/10013/"},"version_details":[{"rarity":100,"version":{"name":"y","url":"http://pokeapi.co/api/v2/version/24/"}},{"rarity":100,"version":{"name":"x","url":"http://pokeapi.co/api/v2/version/23/"}},{"rarity":100,"version":{"name":"white-2","url":"http://pokeapi.co/api/v2/version/22/"}},{"rarity":100,"version":{"name":"black-2","url":"http://pokeapi.co/api/v2/version/21/"}},{"rarity":100,"version":{"name":"white","url":"http://pokeapi.co/api/v2/version/18/"}},{"rarity":100,"version":{"name":"black","url":"http://pokeapi.co/api/v2/version/17/"}},{"rarity":100,"version":{"name":"soulsilver","url":"http://pokeapi.co/api/v2/version/16/"}},{"rarity":100,"version":{"name":"heartgold","url":"http://pokeapi.co/api/v2/version/15/"}},{"rarity":100,"version":{"name":"platinum","url":"http://pokeapi.co/api/v2/version/14/"}},{"rarity":100,"version":{"name":"pearl","url":"http://pokeapi.co/api/v2/version/13/"}},{"rarity":100,"version":{"name":"diamond","url":"http://pokeapi.co/api/v2/version/12/"}},{"rarity":100,"version":{"name":"leafgreen","url":"http://pokeapi.co/api/v2/version/11/"}},{"rarity":100,"version":{"name":"firered","url":"http://pokeapi.co/api/v2/version/10/"}},{"rarity":100,"version":{"name":"emerald","url":"http://pokeapi.co/api/v2/version/9/"}},{"rarity":100,"version":{"name":"sapphire","url":"http://pokeapi.co/api/v2/version/8/"}},{"rarity":100,"version":{"name":"ruby","url":"http://pokeapi.co/api/v2/version/7/"}}]},{"pokemon":{"name":"castform-rainy","url":"http://pokeapi.co/api/v2/pokemon/10014/"},"version_details":[{"rarity":100,"version":{"name":"y","url":"http://pokeapi.co/api/v2/version/24/"}},{"rarity":100,"version":{"name":"x","url":"http://pokeapi.co/api/v2/version/23/"}},{"rarity":100,"version":{"name":"white-2","url":"http://pokeapi.co/api/v2/version/22/"}},{"rarity":100,"version":{"name":"black-2","url":"http://pokeapi.co/api/v2/version/21/"}},{"rarity":100,"version":{"name":"white","url":"http://pokeapi.co/api/v2/version/18/"}},{"rarity":100,"version":{"name":"black","url":"http://pokeapi.co/api/v2/version/17/"}},{"rarity":100,"version":{"name":"soulsilver","url":"http://pokeapi.co/api/v2/version/16/"}},{"rarity":100,"version":{"name":"heartgold","url":"http://pokeapi.co/api/v2/version/15/"}},{"rarity":100,"version":{"name":"platinum","url":"http://pokeapi.co/api/v2/version/14/"}},{"rarity":100,"version":{"name":"pearl","url":"http://pokeapi.co/api/v2/version/13/"}},{"rarity":100,"version":{"name":"diamond","url":"http://pokeapi.co/api/v2/version/12/"}},{"rarity":100,"version":{"name":"leafgreen","url":"http://pokeapi.co/api/v2/version/11/"}},{"rarity":100,"version":{"name":"firered","url":"http://pokeapi.co/api/v2/version/10/"}},{"rarity":100,"version":{"name":"emerald","url":"http://pokeapi.co/api/v2/version/9/"}},{"rarity":100,"version":{"name":"sapphire","url":"http://pokeapi.co/api/v2/version/8/"}},{"rarity":100,"version":{"name":"ruby","url":"http://pokeapi.co/api/v2/version/7/"}}]},{"pokemon":{"name":"castform-snowy","url":"http://pokeapi.co/api/v2/pokemon/10015/"},"version_details":[{"rarity":100,"version":{"name":"y","url":"http://pokeapi.co/api/v2/version/24/"}},{"rarity":100,"version":{"name":"x","url":"http://pokeapi.co/api/v2/version/23/"}},{"rarity":100,"version":{"name":"white-2","url":"http://pokeapi.co/api/v2/version/22/"}},{"rarity":100,"version":{"name":"black-2","url":"http://pokeapi.co/api/v2/version/21/"}},{"rarity":100,"version":{"name":"white","url":"http://pokeapi.co/api/v2/version/18/"}},{"rarity":100,"version":{"name":"black","url":"http://pokeapi.co/api/v2/version/17/"}},{"rarity":100,"version":{"name":"soulsilver","url":"http://pokeapi.co/api/v2/version/16/"}},{"rarity":100,"version":{"name":"heartgold","url":"http://pokeapi.co/api/v2/version/15/"}},{"rarity":100,"version":{"name":"platinum","url":"http://pokeapi.co/api/v2/version/14/"}},{"rarity":100,"version":{"name":"pearl","url":"http://pokeapi.co/api/v2/version/13/"}},{"rarity":100,"version":{"name":"diamond","url":"http://pokeapi.co/api/v2/version/12/"}},{"rarity":100,"version":{"name":"leafgreen","url":"http://pokeapi.co/api/v2/version/11/"}},{"rarity":100,"version":{"name":"firered","url":"http://pokeapi.co/api/v2/version/10/"}},{"rarity":100,"version":{"name":"emerald","url":"http://pokeapi.co/api/v2/version/9/"}},{"rarity":100,"version":{"name":"sapphire","url":"http://pokeapi.co/api/v2/version/8/"}},{"rarity":100,"version":{"name":"ruby","url":"http://pokeapi.co/api/v2/version/7/"}}]}],"baby_trigger_for":null}