{"id":327,"name":"tm23","cost":3000,"fling_power":null,"fling_effect":null,"attributes":[],"category":{"name":"all-machines","url":"http://pokeapi.co/api/v2/item-category/37/"},"effect_entries":[{"effect":"Teaches Iron Tail to a compatible Pokémon.","short_effect":"Teaches Smack Down to a compatible Pokémon. (Gen IV & III & II: Iron Tail Gen I: Dragon Rage)","language":{"name":"en","url":"http://pokeapi.co/api/v2/language/9/"}}],"flavor_text_entries":[{"text":"石や　弾を　投げて　飛んでいる\n相手を　攻撃する。相手は\nうちおとされて　地面に　おちる。","version_group":{"name":"x-y","url":"http://pokeapi.co/api/v2/version-group/15/"},"language":{"name":"ja-kanji","url":"http://pokeapi.co/api/v2/language/11/"}},{"text":"The user throws a stone or similar projectile\nto attack an opponent. A flying Pokémon\nwill fall to the ground when it’s hit.","version_group":{"name":"x-y","url":"http://pokeapi.co/api/v2/version-group/15/"},"language":{"name":"en","url":"http://pokeapi.co/api/v2/language/9/"}},{"text":"Chi la usa lancia una pietra o un proiettile. Può\ncolpire anche un bersaglio in volo e farlo cadere.","version_group":{"name":"x-y","url":"http://pokeapi.co/api/v2/version-group/15/"},"language":{"name":"it","url":"http://pokeapi.co/api/v2/language/8/"}},{"text":"Ataque que desconcierta por su rapidez y que no\nfalla nunca.","version_group":{"name":"x-y","url":"http://pokeapi.co/api/v2/version-group/15/"},"language":{"name":"es","url":"http://pokeapi.co/api/v2/language/7/"}},{"text":"Greift das Ziel mit Steinen und Wurfgeschossen\nan. Fliegende Ziele fallen vom Himmel\nund landen auf dem Boden.","version_group":{"name":"x-y","url":"http://pokeapi.co/api/v2/version-group/15/"},"language":{"name":"de","url":"http://pokeapi.co/api/v2/language/6/"}},{"text":"Le lanceur jette toutes sortes de projectiles à\nun ennemi. Si ce dernier vole, il tombe au sol.","version_group":{"name":"x-y","url":"http://pokeapi.co/api/v2/version-group/15/"},"language":{"name":"fr","url":"http://pokeapi.co/api/v2/language/5/"}},{"text":"돌이나 구슬을 던져서 날고 있는\n상대를 공격한다.\n맞은 상대는 땅에 떨어진다.","version_group":{"name":"x-y","url":"http://pokeapi.co/api/v2/version-group/15/"},"language":{"name":"ko","url":"http://pokeapi.co/api/v2/language/3/"}},{"text":"いしや　たまを　なげて　とんでいる\nあいてを　こうげきする。あいては\nうちおとされて　じめんに　おちる。","version_group":{"name":"x-y","url":"http://pokeapi.co/api/v2/version-group/15/"},"language":{"name":"ja","url":"http://pokeapi.co/api/v2/language/1/"}},{"text":"The user throws a stone or projectile\nto attack an opponent. A flying Pokémon\nwill fall to the ground when it’s hit.","version_group":{"name":"black-2-white-2","url":"http://pokeapi.co/api/v2/version-group/14/"},"language":{"name":"en","url":"http://pokeapi.co/api/v2/language/9/"}},{"text":"The user throws a stone or projectile\nto attack an opponent. A flying Pokémon\nwill fall to the ground when it’s hit.","version_group":{"name":"black-white","url":"http://pokeapi.co/api/v2/version-group/11/"},"language":{"name":"en","url":"http://pokeapi.co/api/v2/language/9/"}},{"text":"Le lanceur jette toutes sortes\nde projectiles à un ennemi. Si ce\ndernier vole, il tombe au sol.","version_group":{"name":"black-white","url":"http://pokeapi.co/api/v2/version-group/11/"},"language":{"name":"fr","url":"http://pokeapi.co/api/v2/language/5/"}},{"text":"The foe is slammed with a sturdy\ntail of steel. It may also lower the\ntarget’s Defense stat if it hits.","version_group":{"name":"heartgold-soulsilver","url":"http://pokeapi.co/api/v2/version-group/10/"},"language":{"name":"en","url":"http://pokeapi.co/api/v2/language/9/"}},{"text":"The foe is slammed with a sturdy\ntail of steel. It may also lower the\ntarget’s Defense stat if it hits.","version_group":{"name":"platinum","url":"http://pokeapi.co/api/v2/version-group/9/"},"language":{"name":"en","url":"http://pokeapi.co/api/v2/language/9/"}},{"text":"The foe is slammed with a sturdy\ntail of steel. It may also lower the\ntarget’s Defense stat if it hits.","version_group":{"name":"diamond-pearl","url":"http://pokeapi.co/api/v2/version-group/8/"},"language":{"name":"en","url":"http://pokeapi.co/api/v2/language/9/"}},{"text":"An attack with a\nsteel-hard tail.\nIt may lower the\nfoe’s DEFENSE stat.","version_group":{"name":"firered-leafgreen","url":"http://pokeapi.co/api/v2/version-group/7/"},"language":{"name":"en","url":"http://pokeapi.co/api/v2/language/9/"}},{"text":"Slams the foe with\na hard tail. It may\nlower DEFENSE.","version_group":{"name":"emerald","url":"http://pokeapi.co/api/v2/version-group/6/"},"language":{"name":"en","url":"http://pokeapi.co/api/v2/language/9/"}},{"text":"Slams the foe with\na hard tail. It may\nlower DEFENSE.","version_group":{"name":"ruby-sapphire","url":"http://pokeapi.co/api/v2/version-group/5/"},"language":{"name":"en","url":"http://pokeapi.co/api/v2/language/9/"}}],"game_indices":[{"game_index":350,"generation":{"name":"generation-vi","url":"http://pokeapi.co/api/v2/generation/6/"}},{"game_index":350,"generation":{"name":"generation-v","url":"http://pokeapi.co/api/v2/generation/5/"}},{"game_index":350,"generation":{"name":"generation-iv","url":"http://pokeapi.co/api/v2/generation/4/"}},{"game_index":311,"generation":{"name":"generation-iii","url":"http://pokeapi.co/api/v2/generation/3/"}}],"names":[{"name":"TM23","language":{"name":"en","url":"http://pokeapi.co/api/v2/language/9/"}},{"name":"MT23","language":{"name":"it","url":"http://pokeapi.co/api/v2/language/8/"}},{"name":"MT23","language":{"name":"es","url":"http://pokeapi.co/api/v2/language/7/"}},{"name":"TM23","language":{"name":"de","url":"http://pokeapi.co/api/v2/language/6/"}},{"name":"CT23","language":{"name":"fr","url":"http://pokeapi.co/api/v2/language/5/"}},{"name":"기술머신23","language":{"name":"ko","url":"http://pokeapi.co/api/v2/language/3/"}},{"name":"わざマシン２３","language":{"name":"ja","url":"http://pokeapi.co/api/v2/language/1/"}}],"held_by_pokemon":[],"baby_trigger_for":null}