{"id":222,"name":"poison-barb","cost":100,"fling_power":70,"fling_effect":{"name":"poison","url":"http://pokeapi.co/api/v2/item-fling-effect/6/"},"attributes":[{"name":"holdable","url":"http://pokeapi.co/api/v2/item-attribute/5/"},{"name":"holdable-active","url":"http://pokeapi.co/api/v2/item-attribute/7/"}],"category":{"name":"type-enhancement","url":"http://pokeapi.co/api/v2/item-category/19/"},"effect_entries":[{"effect":"Held: Increases the power of the holder's Poison moves by 20%.","short_effect":"Held: Poison-Type moves from holder do 20% more damage.","language":{"name":"en","url":"http://pokeapi.co/api/v2/language/9/"}}],"flavor_text_entries":[{"text":"どくのある　ちいさな　ハリ。\n持たせると　どくタイプの\n技の　威力が　あがる。","version_group":{"name":"x-y","url":"http://pokeapi.co/api/v2/version-group/15/"},"language":{"name":"ja-kanji","url":"http://pokeapi.co/api/v2/language/11/"}},{"text":"An item to be held by a Pokémon.\nThis small, poisonous barb boosts\nthe power of Poison-type moves.","version_group":{"name":"x-y","url":"http://pokeapi.co/api/v2/version-group/15/"},"language":{"name":"en","url":"http://pokeapi.co/api/v2/language/9/"}},{"text":"Strumento da dare a un Pokémon.\nAculeo piccolo e tossico che potenzia le mosse\ndi tipo Veleno.","version_group":{"name":"x-y","url":"http://pokeapi.co/api/v2/version-group/15/"},"language":{"name":"it","url":"http://pokeapi.co/api/v2/language/8/"}},{"text":"Debe llevarlo un Pokémon. Aumenta la dulzura en\nlos concursos.","version_group":{"name":"x-y","url":"http://pokeapi.co/api/v2/version-group/15/"},"language":{"name":"es","url":"http://pokeapi.co/api/v2/language/7/"}},{"text":"Ein Item zum Tragen. Ein schmaler und giftiger\nWiderhaken, der Attacken vom Typ Gift verstärkt.","version_group":{"name":"x-y","url":"http://pokeapi.co/api/v2/version-group/15/"},"language":{"name":"de","url":"http://pokeapi.co/api/v2/language/6/"}},{"text":"Objet à tenir. Un petit pic empoisonné qui\naugmente la puissance des capacités de\ntype Poison.","version_group":{"name":"x-y","url":"http://pokeapi.co/api/v2/version-group/15/"},"language":{"name":"fr","url":"http://pokeapi.co/api/v2/language/5/"}},{"text":"독이 있는 작은 침.\n지니게 하면 독타입\n기술의 위력이 올라간다.","version_group":{"name":"x-y","url":"http://pokeapi.co/api/v2/version-group/15/"},"language":{"name":"ko","url":"http://pokeapi.co/api/v2/language/3/"}},{"text":"どくのある　ちいさな　ハリ。\nもたせると　どくタイプの\nわざの　いりょくが　あがる。","version_group":{"name":"x-y","url":"http://pokeapi.co/api/v2/version-group/15/"},"language":{"name":"ja","url":"http://pokeapi.co/api/v2/language/1/"}},{"text":"An item to be held by a Pokémon.\nIt is a small, poisonous barb that ups\nthe power of Poison-type moves.","version_group":{"name":"black-2-white-2","url":"http://pokeapi.co/api/v2/version-group/14/"},"language":{"name":"en","url":"http://pokeapi.co/api/v2/language/9/"}},{"text":"An item to be held by a Pokémon.\nIt is a small, poisonous barb that ups\nthe power of Poison-type moves.","version_group":{"name":"black-white","url":"http://pokeapi.co/api/v2/version-group/11/"},"language":{"name":"en","url":"http://pokeapi.co/api/v2/language/9/"}},{"text":"Objet à tenir. Petit pic empoisonné\nmontant la puissance des capacités\nde type Poison.","version_group":{"name":"black-white","url":"http://pokeapi.co/api/v2/version-group/11/"},"language":{"name":"fr","url":"http://pokeapi.co/api/v2/language/5/"}},{"text":"An item to be held by a Pokémon.\nIt is a small, poisonous barb that ups\nthe power of Poison-type moves.","version_group":{"name":"heartgold-soulsilver","url":"http://pokeapi.co/api/v2/version-group/10/"},"language":{"name":"en","url":"http://pokeapi.co/api/v2/language/9/"}},{"text":"An item to be held by a Pokémon.\nIt is a small, poisonous barb that ups\nthe power of Poison-type moves.","version_group":{"name":"platinum","url":"http://pokeapi.co/api/v2/version-group/9/"},"language":{"name":"en","url":"http://pokeapi.co/api/v2/language/9/"}},{"text":"An item to be held by a Pokémon.\nIt is a small, poisonous barb that ups\nthe power of Poison-type moves.","version_group":{"name":"diamond-pearl","url":"http://pokeapi.co/api/v2/version-group/8/"},"language":{"name":"en","url":"http://pokeapi.co/api/v2/language/9/"}},{"text":"An item to be held by a POKéMON.\nA small, poisonous barb that boosts\nthe power of POISON-type moves.","version_group":{"name":"firered-leafgreen","url":"http://pokeapi.co/api/v2/version-group/7/"},"language":{"name":"en","url":"http://pokeapi.co/api/v2/language/9/"}},{"text":"A hold item that\nraises the power of\nPOISON-type moves.","version_group":{"name":"emerald","url":"http://pokeapi.co/api/v2/version-group/6/"},"language":{"name":"en","url":"http://pokeapi.co/api/v2/language/9/"}},{"text":"A hold item that\nraises the power of\nPOISON-type moves.","version_group":{"name":"ruby-sapphire","url":"http://pokeapi.co/api/v2/version-group/5/"},"language":{"name":"en","url":"http://pokeapi.co/api/v2/language/9/"}}],"game_indices":[{"game_index":245,"generation":{"name":"generation-vi","url":"http://pokeapi.co/api/v2/generation/6/"}},{"game_index":245,"generation":{"name":"generation-v","url":"http://pokeapi.co/api/v2/generation/5/"}},{"game_index":245,"generation":{"name":"generation-iv","url":"http://pokeapi.co/api/v2/generation/4/"}},{"game_index":211,"generation":{"name":"generation-iii","url":"http://pokeapi.co/api/v2/generation/3/"}}],"names":[{"name":"Poison Barb","language":{"name":"en","url":"http://pokeapi.co/api/v2/language/9/"}},{"name":"Velenaculeo","language":{"name":"it","url":"http://pokeapi.co/api/v2/language/8/"}},{"name":"Flecha Venenosa","language":{"name":"es","url":"http://pokeapi.co/api/v2/language/7/"}},{"name":"Giftstich","language":{"name":"de","url":"http://pokeapi.co/api/v2/language/6/"}},{"name":"Pic Venin","language":{"name":"fr","url":"http://pokeapi.co/api/v2/language/5/"}},{"name":"독바늘","language":{"name":"ko","url":"http://pokeapi.co/api/v2/language/3/"}},{"name":"どくバリ","language":{"name":"ja","url":"http://pokeapi.co/api/v2/language/1/"}}],"held_by_pokemon":[{"pokemon":{"name":"beedrill","url":"http://pokeapi.co/api/v2/pokemon/15/"},"version_details":[{"rarity":5,"version":{"name":"y","url":"http://pokeapi.co/api/v2/version/24/"}},{"rarity":5,"version":{"name":"x","url":"http://pokeapi.co/api/v2/version/23/"}},{"rarity":5,"version":{"name":"white-2","url":"http://pokeapi.co/api/v2/version/22/"}},{"rarity":5,"version":{"name":"black-2","url":"http://pokeapi.co/api/v2/version/21/"}},{"rarity":5,"version":{"name":"white","url":"http://pokeapi.co/api/v2/version/18/"}},{"rarity":5,"version":{"name":"black","url":"http://pokeapi.co/api/v2/version/17/"}},{"rarity":5,"version":{"name":"soulsilver","url":"http://pokeapi.co/api/v2/version/16/"}},{"rarity":5,"version":{"name":"heartgold","url":"http://pokeapi.co/api/v2/version/15/"}},{"rarity":5,"version":{"name":"platinum","url":"http://pokeapi.co/api/v2/version/14/"}},{"rarity":5,"version":{"name":"pearl","url":"http://pokeapi.co/api/v2/version/13/"}},{"rarity":5,"version":{"name":"diamond","url":"http://pokeapi.co/api/v2/version/12/"}},{"rarity":5,"version":{"name":"leafgreen","url":"http://pokeapi.co/api/v2/version/11/"}},{"rarity":5,"version":{"name":"firered","url":"http://pokeapi.co/api/v2/version/10/"}},{"rarity":5,"version":{"name":"emerald","url":"http://pokeapi.co/api/v2/version/9/"}},{"rarity":5,"version":{"name":"sapphire","url":"http://pokeapi.co/api/v2/version/8/"}},{"rarity":5,"version":{"name":"ruby","url":"http://pokeapi.co/api/v2/version/7/"}}]},{"pokemon":{"name":"arbok","url":"http://pokeapi.co/api/v2/pokemon/24/"},"version_details":[{"rarity":5,"version":{"name":"leafgreen","url":"http://pokeapi.co/api/v2/version/11/"}},{"rarity":5,"version":{"name":"firered","url":"http://pokeapi.co/api/v2/version/10/"}}]},{"pokemon":{"name":"tentacool","url":"http://pokeapi.co/api/v2/pokemon/72/"},"version_details":[{"rarity":5,"version":{"name":"y","url":"http://pokeapi.co/api/v2/version/24/"}},{"rarity":5,"version":{"name":"x","url":"http://pokeapi.co/api/v2/version/23/"}},{"rarity":5,"version":{"name":"white-2","url":"http://pokeapi.co/api/v2/version/22/"}},{"rarity":5,"version":{"name":"black-2","url":"http://pokeapi.co/api/v2/version/21/"}},{"rarity":5,"version":{"name":"white","url":"http://pokeapi.co/api/v2/version/18/"}},{"rarity":5,"version":{"name":"black","url":"http://pokeapi.co/api/v2/version/17/"}},{"rarity":5,"version":{"name":"soulsilver","url":"http://pokeapi.co/api/v2/version/16/"}},{"rarity":5,"version":{"name":"heartgold","url":"http://pokeapi.co/api/v2/version/15/"}},{"rarity":5,"version":{"name":"platinum","url":"http://pokeapi.co/api/v2/version/14/"}},{"rarity":5,"version":{"name":"pearl","url":"http://pokeapi.co/api/v2/version/13/"}},{"rarity":5,"version":{"name":"diamond","url":"http://pokeapi.co/api/v2/version/12/"}}]},{"pokemon":{"name":"tentacruel","url":"http://pokeapi.co/api/v2/pokemon/73/"},"version_details":[{"rarity":5,"version":{"name":"y","url":"http://pokeapi.co/api/v2/version/24/"}},{"rarity":5,"version":{"name":"x","url":"http://pokeapi.co/api/v2/version/23/"}},{"rarity":5,"version":{"name":"white-2","url":"http://pokeapi.co/api/v2/version/22/"}},{"rarity":5,"version":{"name":"black-2","url":"http://pokeapi.co/api/v2/version/21/"}},{"rarity":5,"version":{"name":"white","url":"http://pokeapi.co/api/v2/version/18/"}},{"rarity":5,"version":{"name":"black","url":"http://pokeapi.co/api/v2/version/17/"}},{"rarity":5,"version":{"name":"soulsilver","url":"http://pokeapi.co/api/v2/version/16/"}},{"rarity":5,"version":{"name":"heartgold","url":"http://pokeapi.co/api/v2/version/15/"}},{"rarity":5,"version":{"name":"platinum","url":"http://pokeapi.co/api/v2/version/14/"}},{"rarity":5,"version":{"name":"pearl","url":"http://pokeapi.co/api/v2/version/13/"}},{"rarity":5,"version":{"name":"diamond","url":"http://pokeapi.co/api/v2/version/12/"}}]},{"pokemon":{"name":"qwilfish","url":"http://pokeapi.co/api/v2/pokemon/211/"},"version_details":[{"rarity":5,"version":{"name":"y","url":"http://pokeapi.co/api/v2/version/24/"}},{"rarity":5,"version":{"name":"x","url":"http://pokeapi.co/api/v2/version/23/"}},{"rarity":5,"version":{"name":"white-2","url":"http://pokeapi.co/api/v2/version/22/"}},{"rarity":5,"version":{"name":"black-2","url":"http://pokeapi.co/api/v2/version/21/"}},{"rarity":5,"version":{"name":"white","url":"http://pokeapi.co/api/v2/version/18/"}},{"rarity":5,"version":{"name":"black","url":"http://pokeapi.co/api/v2/version/17/"}},{"rarity":5,"version":{"name":"soulsilver","url":"http://pokeapi.co/api/v2/version/16/"}},{"rarity":5,"version":{"name":"heartgold","url":"http://pokeapi.co/api/v2/version/15/"}},{"rarity":5,"version":{"name":"platinum","url":"http://pokeapi.co/api/v2/version/14/"}},{"rarity":5,"version":{"name":"pearl","url":"http://pokeapi.co/api/v2/version/13/"}},{"rarity":5,"version":{"name":"diamond","url":"http://pokeapi.co/api/v2/version/12/"}}]},{"pokemon":{"name":"roselia","url":"http://pokeapi.co/api/v2/pokemon/315/"},"version_details":[{"rarity":5,"version":{"name":"y","url":"http://pokeapi.co/api/v2/version/24/"}},{"rarity":5,"version":{"name":"x","url":"http://pokeapi.co/api/v2/version/23/"}},{"rarity":5,"version":{"name":"white-2","url":"http://pokeapi.co/api/v2/version/22/"}},{"rarity":5,"version":{"name":"black-2","url":"http://pokeapi.co/api/v2/version/21/"}},{"rarity":5,"version":{"name":"white","url":"http://pokeapi.co/api/v2/version/18/"}},{"rarity":5,"version":{"name":"black","url":"http://pokeapi.co/api/v2/version/17/"}},{"rarity":5,"version":{"name":"soulsilver","url":"http://pokeapi.co/api/v2/version/16/"}},{"rarity":5,"version":{"name":"heartgold","url":"http://pokeapi.co/api/v2/version/15/"}},{"rarity":5,"version":{"name":"platinum","url":"http://pokeapi.co/api/v2/version/14/"}},{"rarity":5,"version":{"name":"pearl","url":"http://pokeapi.co/api/v2/version/13/"}},{"rarity":5,"version":{"name":"diamond","url":"http://pokeapi.co/api/v2/version/12/"}},{"rarity":5,"version":{"name":"leafgreen","url":"http://pokeapi.co/api/v2/version/11/"}},{"rarity":5,"version":{"name":"firered","url":"http://pokeapi.co/api/v2/version/10/"}},{"rarity":5,"version":{"name":"emerald","url":"http://pokeapi.co/api/v2/version/9/"}},{"rarity":5,"version":{"name":"sapphire","url":"http://pokeapi.co/api/v2/version/8/"}},{"rarity":5,"version":{"name":"ruby","url":"http://pokeapi.co/api/v2/version/7/"}}]},{"pokemon":{"name":"cacnea","url":"http://pokeapi.co/api/v2/pokemon/331/"},"version_details":[{"rarity":5,"version":{"name":"leafgreen","url":"http://pokeapi.co/api/v2/version/11/"}},{"rarity":5,"version":{"name":"firered","url":"http://pokeapi.co/api/v2/version/10/"}},{"rarity":5,"version":{"name":"emerald","url":"http://pokeapi.co/api/v2/version/9/"}},{"rarity":5,"version":{"name":"sapphire","url":"http://pokeapi.co/api/v2/version/8/"}},{"rarity":5,"version":{"name":"ruby","url":"http://pokeapi.co/api/v2/version/7/"}}]},{"pokemon":{"name":"cacturne","url":"http://pokeapi.co/api/v2/pokemon/332/"},"version_details":[{"rarity":5,"version":{"name":"leafgreen","url":"http://pokeapi.co/api/v2/version/11/"}},{"rarity":5,"version":{"name":"firered","url":"http://pokeapi.co/api/v2/version/10/"}},{"rarity":5,"version":{"name":"emerald","url":"http://pokeapi.co/api/v2/version/9/"}},{"rarity":5,"version":{"name":"sapphire","url":"http://pokeapi.co/api/v2/version/8/"}},{"rarity":5,"version":{"name":"ruby","url":"http://pokeapi.co/api/v2/version/7/"}}]},{"pokemon":{"name":"budew","url":"http://pokeapi.co/api/v2/pokemon/406/"},"version_details":[{"rarity":5,"version":{"name":"y","url":"http://pokeapi.co/api/v2/version/24/"}},{"rarity":5,"version":{"name":"x","url":"http://pokeapi.co/api/v2/version/23/"}},{"rarity":5,"version":{"name":"white-2","url":"http://pokeapi.co/api/v2/version/22/"}},{"rarity":5,"version":{"name":"black-2","url":"http://pokeapi.co/api/v2/version/21/"}},{"rarity":5,"version":{"name":"white","url":"http://pokeapi.co/api/v2/version/18/"}},{"rarity":5,"version":{"name":"black","url":"http://pokeapi.co/api/v2/version/17/"}},{"rarity":5,"version":{"name":"soulsilver","url":"http://pokeapi.co/api/v2/version/16/"}},{"rarity":5,"version":{"name":"heartgold","url":"http://pokeapi.co/api/v2/version/15/"}},{"rarity":5,"version":{"name":"platinum","url":"http://pokeapi.co/api/v2/version/14/"}},{"rarity":5,"version":{"name":"pearl","url":"http://pokeapi.co/api/v2/version/13/"}},{"rarity":5,"version":{"name":"diamond","url":"http://pokeapi.co/api/v2/version/12/"}}]},{"pokemon":{"name":"roserade","url":"http://pokeapi.co/api/v2/pokemon/407/"},"version_details":[{"rarity":5,"version":{"name":"y","url":"http://pokeapi.co/api/v2/version/24/"}},{"rarity":5,"version":{"name":"x","url":"http://pokeapi.co/api/v2/version/23/"}},{"rarity":5,"version":{"name":"white-2","url":"http://pokeapi.co/api/v2/version/22/"}},{"rarity":5,"version":{"name":"black-2","url":"http://pokeapi.co/api/v2/version/21/"}},{"rarity":5,"version":{"name":"white","url":"http://pokeapi.co/api/v2/version/18/"}},{"rarity":5,"version":{"name":"black","url":"http://pokeapi.co/api/v2/version/17/"}},{"rarity":5,"version":{"name":"soulsilver","url":"http://pokeapi.co/api/v2/version/16/"}},{"rarity":5,"version":{"name":"heartgold","url":"http://pokeapi.co/api/v2/version/15/"}},{"rarity":5,"version":{"name":"platinum","url":"http://pokeapi.co/api/v2/version/14/"}},{"rarity":5,"version":{"name":"pearl","url":"http://pokeapi.co/api/v2/version/13/"}},{"rarity":5,"version":{"name":"diamond","url":"http://pokeapi.co/api/v2/version/12/"}}]},{"pokemon":{"name":"vespiquen","url":"http://pokeapi.co/api/v2/pokemon/416/"},"version_details":[{"rarity":5,"version":{"name":"y","url":"http://pokeapi.co/api/v2/version/24/"}},{"rarity":5,"version":{"name":"x","url":"http://pokeapi.co/api/v2/version/23/"}},{"rarity":5,"version":{"name":"white-2","url":"http://pokeapi.co/api/v2/version/22/"}},{"rarity":5,"version":{"name":"black-2","url":"http://pokeapi.co/api/v2/version/21/"}},{"rarity":5,"version":{"name":"white","url":"http://pokeapi.co/api/v2/version/18/"}},{"rarity":5,"version":{"name":"black","url":"http://pokeapi.co/api/v2/version/17/"}},{"rarity":5,"version":{"name":"soulsilver","url":"http://pokeapi.co/api/v2/version/16/"}},{"rarity":5,"version":{"name":"heartgold","url":"http://pokeapi.co/api/v2/version/15/"}},{"rarity":5,"version":{"name":"platinum","url":"http://pokeapi.co/api/v2/version/14/"}},{"rarity":5,"version":{"name":"pearl","url":"http://pokeapi.co/api/v2/version/13/"}},{"rarity":5,"version":{"name":"diamond","url":"http://pokeapi.co/api/v2/version/12/"}}]},{"pokemon":{"name":"skorupi","url":"http://pokeapi.co/api/v2/pokemon/451/"},"version_details":[{"rarity":5,"version":{"name":"y","url":"http://pokeapi.co/api/v2/version/24/"}},{"rarity":5,"version":{"name":"x","url":"http://pokeapi.co/api/v2/version/23/"}},{"rarity":5,"version":{"name":"white-2","url":"http://pokeapi.co/api/v2/version/22/"}},{"rarity":5,"version":{"name":"black-2","url":"http://pokeapi.co/api/v2/version/21/"}},{"rarity":5,"version":{"name":"white","url":"http://pokeapi.co/api/v2/version/18/"}},{"rarity":5,"version":{"name":"black","url":"http://pokeapi.co/api/v2/version/17/"}},{"rarity":5,"version":{"name":"soulsilver","url":"http://pokeapi.co/api/v2/version/16/"}},{"rarity":5,"version":{"name":"heartgold","url":"http://pokeapi.co/api/v2/version/15/"}},{"rarity":5,"version":{"name":"platinum","url":"http://pokeapi.co/api/v2/version/14/"}},{"rarity":5,"version":{"name":"pearl","url":"http://pokeapi.co/api/v2/version/13/"}},{"rarity":5,"version":{"name":"diamond","url":"http://pokeapi.co/api/v2/version/12/"}}]},{"pokemon":{"name":"drapion","url":"http://pokeapi.co/api/v2/pokemon/452/"},"version_details":[{"rarity":5,"version":{"name":"y","url":"http://pokeapi.co/api/v2/version/24/"}},{"rarity":5,"version":{"name":"x","url":"http://pokeapi.co/api/v2/version/23/"}},{"rarity":5,"version":{"name":"white-2","url":"http://pokeapi.co/api/v2/version/22/"}},{"rarity":5,"version":{"name":"black-2","url":"http://pokeapi.co/api/v2/version/21/"}},{"rarity":5,"version":{"name":"white","url":"http://pokeapi.co/api/v2/version/18/"}},{"rarity":5,"version":{"name":"black","url":"http://pokeapi.co/api/v2/version/17/"}},{"rarity":5,"version":{"name":"soulsilver","url":"http://pokeapi.co/api/v2/version/16/"}},{"rarity":5,"version":{"name":"heartgold","url":"http://pokeapi.co/api/v2/version/15/"}},{"rarity":5,"version":{"name":"platinum","url":"http://pokeapi.co/api/v2/version/14/"}},{"rarity":5,"version":{"name":"pearl","url":"http://pokeapi.co/api/v2/version/13/"}},{"rarity":5,"version":{"name":"diamond","url":"http://pokeapi.co/api/v2/version/12/"}}]},{"pokemon":{"name":"venipede","url":"http://pokeapi.co/api/v2/pokemon/543/"},"version_details":[{"rarity":5,"version":{"name":"y","url":"http://pokeapi.co/api/v2/version/24/"}},{"rarity":5,"version":{"name":"x","url":"http://pokeapi.co/api/v2/version/23/"}},{"rarity":5,"version":{"name":"white-2","url":"http://pokeapi.co/api/v2/version/22/"}},{"rarity":5,"version":{"name":"black-2","url":"http://pokeapi.co/api/v2/version/21/"}},{"rarity":5,"version":{"name":"white","url":"http://pokeapi.co/api/v2/version/18/"}},{"rarity":5,"version":{"name":"black","url":"http://pokeapi.co/api/v2/version/17/"}}]},{"pokemon":{"name":"whirlipede","url":"http://pokeapi.co/api/v2/pokemon/544/"},"version_details":[{"rarity":5,"version":{"name":"y","url":"http://pokeapi.co/api/v2/version/24/"}},{"rarity":5,"version":{"name":"x","url":"http://pokeapi.co/api/v2/version/23/"}},{"rarity":5,"version":{"name":"white-2","url":"http://pokeapi.co/api/v2/version/22/"}},{"rarity":5,"version":{"name":"black-2","url":"http://pokeapi.co/api/v2/version/21/"}},{"rarity":5,"version":{"name":"white","url":"http://pokeapi.co/api/v2/version/18/"}},{"rarity":5,"version":{"name":"black","url":"http://pokeapi.co/api/v2/version/17/"}}]},{"pokemon":{"name":"scolipede","url":"http://pokeapi.co/api/v2/pokemon/545/"},"version_details":[{"rarity":5,"version":{"name":"y","url":"http://pokeapi.co/api/v2/version/24/"}},{"rarity":5,"version":{"name":"x","url":"http://pokeapi.co/api/v2/version/23/"}},{"rarity":5,"version":{"name":"white-2","url":"http://pokeapi.co/api/v2/version/22/"}},{"rarity":5,"version":{"name":"black-2","url":"http://pokeapi.co/api/v2/version/21/"}},{"rarity":5,"version":{"name":"white","url":"http://pokeapi.co/api/v2/version/18/"}},{"rarity":5,"version":{"name":"black","url":"http://pokeapi.co/api/v2/version/17/"}}]}],"baby_trigger_for":null}