{"id":321,"name":"tm17","cost":2000,"fling_power":null,"fling_effect":null,"attributes":[],"category":{"name":"all-machines","url":"http://pokeapi.co/api/v2/item-category/37/"},"effect_entries":[{"effect":"Teaches Protect to a compatible Pokémon.","short_effect":"Teaches Protect to a compatible Pokémon. (Gen I: Submission)","language":{"name":"en","url":"http://pokeapi.co/api/v2/language/9/"}}],"flavor_text_entries":[{"text":"相手の　攻撃を\nまったく　受けない。\n連続で　だすと　失敗しやすい。","version_group":{"name":"x-y","url":"http://pokeapi.co/api/v2/version-group/15/"},"language":{"name":"ja-kanji","url":"http://pokeapi.co/api/v2/language/11/"}},{"text":"Enables the user to evade all attacks.\nIts chance of failing rises if it is used\nin succession.","version_group":{"name":"x-y","url":"http://pokeapi.co/api/v2/version-group/15/"},"language":{"name":"en","url":"http://pokeapi.co/api/v2/language/9/"}},{"text":"Permette di eludere tutti gli attacchi.\nSe usata in successione può fallire.","version_group":{"name":"x-y","url":"http://pokeapi.co/api/v2/version-group/15/"},"language":{"name":"it","url":"http://pokeapi.co/api/v2/language/8/"}},{"text":"Onda de porquería que afecta a todos los\nPokémon de alrededor y puede causar\nenvenenamiento.","version_group":{"name":"x-y","url":"http://pokeapi.co/api/v2/version-group/15/"},"language":{"name":"es","url":"http://pokeapi.co/api/v2/language/7/"}},{"text":"Garantierter Schutz in der Runde, in der\ndie Attacke eingesetzt wird. Könnte bei\nhäufigem Einsatz versagen.","version_group":{"name":"x-y","url":"http://pokeapi.co/api/v2/version-group/15/"},"language":{"name":"de","url":"http://pokeapi.co/api/v2/language/6/"}},{"text":"Le lanceur esquive toutes les attaques.\nLe risque d’échec augmente lorsque la capacité\nest utilisée plusieurs fois de suite.","version_group":{"name":"x-y","url":"http://pokeapi.co/api/v2/version-group/15/"},"language":{"name":"fr","url":"http://pokeapi.co/api/v2/language/5/"}},{"text":"상대의 공격을\n전혀 받지 않는다.\n연속으로 쓰면 실패하기 쉽다.","version_group":{"name":"x-y","url":"http://pokeapi.co/api/v2/version-group/15/"},"language":{"name":"ko","url":"http://pokeapi.co/api/v2/language/3/"}},{"text":"こうげきを　まったく　うけない。\nわざを　れんぞくで　だすと\nしっぱい　しやすくなる。","version_group":{"name":"x-y","url":"http://pokeapi.co/api/v2/version-group/15/"},"language":{"name":"ja","url":"http://pokeapi.co/api/v2/language/1/"}},{"text":"It enables the user to evade all\nattacks. Its chance of failing rises\nif it is used in succession.","version_group":{"name":"black-2-white-2","url":"http://pokeapi.co/api/v2/version-group/14/"},"language":{"name":"en","url":"http://pokeapi.co/api/v2/language/9/"}},{"text":"It enables the user to evade all\nattacks. Its chance of failing rises\nif it is used in succession.","version_group":{"name":"black-white","url":"http://pokeapi.co/api/v2/version-group/11/"},"language":{"name":"en","url":"http://pokeapi.co/api/v2/language/9/"}},{"text":"Le lanceur esquive toutes les attaques.\nPlus la capacité est utilisée de fois à la\nsuite, plus elle risque d’échouer.","version_group":{"name":"black-white","url":"http://pokeapi.co/api/v2/version-group/11/"},"language":{"name":"fr","url":"http://pokeapi.co/api/v2/language/5/"}},{"text":"It enables the user to evade all\nattacks. Its chance of failing rises\nif it is used in succession.","version_group":{"name":"heartgold-soulsilver","url":"http://pokeapi.co/api/v2/version-group/10/"},"language":{"name":"en","url":"http://pokeapi.co/api/v2/language/9/"}},{"text":"It enables the user to evade all\nattacks. Its chance of failing rises\nif it is used in succession.","version_group":{"name":"platinum","url":"http://pokeapi.co/api/v2/version-group/9/"},"language":{"name":"en","url":"http://pokeapi.co/api/v2/language/9/"}},{"text":"It enables the user to evade all\nattacks. Its chance of failing rises\nif it is used in succession.","version_group":{"name":"diamond-pearl","url":"http://pokeapi.co/api/v2/version-group/8/"},"language":{"name":"en","url":"http://pokeapi.co/api/v2/language/9/"}},{"text":"Enables the user to\nevade all attacks.\nIt may fail if used\nin succession.","version_group":{"name":"firered-leafgreen","url":"http://pokeapi.co/api/v2/version-group/7/"},"language":{"name":"en","url":"http://pokeapi.co/api/v2/language/9/"}},{"text":"Negates all damage,\nbut may fail if used\nin succession.","version_group":{"name":"emerald","url":"http://pokeapi.co/api/v2/version-group/6/"},"language":{"name":"en","url":"http://pokeapi.co/api/v2/language/9/"}},{"text":"Negates all damage,\nbut may fail if used\nin succession.","version_group":{"name":"ruby-sapphire","url":"http://pokeapi.co/api/v2/version-group/5/"},"language":{"name":"en","url":"http://pokeapi.co/api/v2/language/9/"}}],"game_indices":[{"game_index":344,"generation":{"name":"generation-vi","url":"http://pokeapi.co/api/v2/generation/6/"}},{"game_index":344,"generation":{"name":"generation-v","url":"http://pokeapi.co/api/v2/generation/5/"}},{"game_index":344,"generation":{"name":"generation-iv","url":"http://pokeapi.co/api/v2/generation/4/"}},{"game_index":305,"generation":{"name":"generation-iii","url":"http://pokeapi.co/api/v2/generation/3/"}}],"names":[{"name":"TM17","language":{"name":"en","url":"http://pokeapi.co/api/v2/language/9/"}},{"name":"MT17","language":{"name":"it","url":"http://pokeapi.co/api/v2/language/8/"}},{"name":"MT17","language":{"name":"es","url":"http://pokeapi.co/api/v2/language/7/"}},{"name":"TM17","language":{"name":"de","url":"http://pokeapi.co/api/v2/language/6/"}},{"name":"CT17","language":{"name":"fr","url":"http://pokeapi.co/api/v2/language/5/"}},{"name":"기술머신17","language":{"name":"ko","url":"http://pokeapi.co/api/v2/language/3/"}},{"name":"わざマシン１７","language":{"name":"ja","url":"http://pokeapi.co/api/v2/language/1/"}}],"held_by_pokemon":[],"baby_trigger_for":null}