{"id":269,"name":"power-band","cost":3000,"fling_power":70,"fling_effect":null,"attributes":[{"name":"holdable","url":"http://pokeapi.co/api/v2/item-attribute/5/"},{"name":"holdable-active","url":"http://pokeapi.co/api/v2/item-attribute/7/"}],"category":{"name":"effort-training","url":"http://pokeapi.co/api/v2/item-category/14/"},"effect_entries":[{"effect":"Held: Decreases the holder's Speed by 50%.  Whenever the holder gains Special Defense effort from battle, increases that effort by 4; this applies before the PokéRUS doubling effect.","short_effect":"Held: Holder gains 4 Special Defense effort values, but has halved Speed in battle.","language":{"name":"en","url":"http://pokeapi.co/api/v2/language/9/"}}],"flavor_text_entries":[{"text":"持たせると　素早さが　さがるが\nふつうよりも　ポケモンの　特防が\n高く　育ちやすい。","version_group":{"name":"x-y","url":"http://pokeapi.co/api/v2/version-group/15/"},"language":{"name":"ja-kanji","url":"http://pokeapi.co/api/v2/language/11/"}},{"text":"An item to be held by a Pokémon.\nIt reduces Speed but allows the holder’s\nSp. Def stat to grow more after battling.","version_group":{"name":"x-y","url":"http://pokeapi.co/api/v2/version-group/15/"},"language":{"name":"en","url":"http://pokeapi.co/api/v2/language/9/"}},{"text":"Strumento da dare a un Pokémon. Riduce la\nVelocità nella lotta ma permette ai punti base\ndella Difesa Speciale di crescere più rapidamente.","version_group":{"name":"x-y","url":"http://pokeapi.co/api/v2/version-group/15/"},"language":{"name":"it","url":"http://pokeapi.co/api/v2/language/8/"}},{"text":"Tabla de piedra que potencia los movimientos de\ntipo Roca. Debe llevarla un Pokémon.","version_group":{"name":"x-y","url":"http://pokeapi.co/api/v2/version-group/15/"},"language":{"name":"es","url":"http://pokeapi.co/api/v2/language/7/"}},{"text":"Ein Item zum Tragen. Erhöht bei Levelaufstieg\nden Spezial-Verteidigungs-Wert, senkt aber\ndie Initiative.","version_group":{"name":"x-y","url":"http://pokeapi.co/api/v2/version-group/15/"},"language":{"name":"de","url":"http://pokeapi.co/api/v2/language/6/"}},{"text":"Objet à tenir. Permet à la Défense Spéciale de\nprogresser plus vite, mais réduit la Vitesse\npendant le combat.","version_group":{"name":"x-y","url":"http://pokeapi.co/api/v2/version-group/15/"},"language":{"name":"fr","url":"http://pokeapi.co/api/v2/language/5/"}},{"text":"지니게 하면 스피드는 떨어지지만\n여느 때보다 포켓몬의 특수방어를\n올리면서 키우기가 쉽다.","version_group":{"name":"x-y","url":"http://pokeapi.co/api/v2/version-group/15/"},"language":{"name":"ko","url":"http://pokeapi.co/api/v2/language/3/"}},{"text":"もたせると　すばやさが　さがるが\nふつうよりも　ポケモンの　とくぼうが\nたかく　そだちやすい。","version_group":{"name":"x-y","url":"http://pokeapi.co/api/v2/version-group/15/"},"language":{"name":"ja","url":"http://pokeapi.co/api/v2/language/1/"}},{"text":"A Pokémon held item that promotes\nSp. Def gain on leveling, but reduces\nthe Speed stat.","version_group":{"name":"black-2-white-2","url":"http://pokeapi.co/api/v2/version-group/14/"},"language":{"name":"en","url":"http://pokeapi.co/api/v2/language/9/"}},{"text":"A Pokémon held item that promotes\nSp. Def gain on leveling, but reduces\nthe Speed stat.","version_group":{"name":"black-white","url":"http://pokeapi.co/api/v2/version-group/11/"},"language":{"name":"en","url":"http://pokeapi.co/api/v2/language/9/"}},{"text":"Objet à tenir augmentant la Défense\nSpéciale lors des montées de niveau mais\nréduisant la Vitesse pendant le combat.","version_group":{"name":"black-white","url":"http://pokeapi.co/api/v2/version-group/11/"},"language":{"name":"fr","url":"http://pokeapi.co/api/v2/language/5/"}},{"text":"A Pokémon held item that promotes\nSp. Def gain on leveling, but reduces\nthe Speed stat.","version_group":{"name":"heartgold-soulsilver","url":"http://pokeapi.co/api/v2/version-group/10/"},"language":{"name":"en","url":"http://pokeapi.co/api/v2/language/9/"}},{"text":"A Pokémon hold item that promotes\nSp. Def gain on leveling, but reduces\nthe Speed stat.","version_group":{"name":"platinum","url":"http://pokeapi.co/api/v2/version-group/9/"},"language":{"name":"en","url":"http://pokeapi.co/api/v2/language/9/"}},{"text":"A Pokémon hold item that promotes\nSp. Def gain on leveling, but reduces\nthe Speed stat.","version_group":{"name":"diamond-pearl","url":"http://pokeapi.co/api/v2/version-group/8/"},"language":{"name":"en","url":"http://pokeapi.co/api/v2/language/9/"}}],"game_indices":[{"game_index":292,"generation":{"name":"generation-vi","url":"http://pokeapi.co/api/v2/generation/6/"}},{"game_index":292,"generation":{"name":"generation-v","url":"http://pokeapi.co/api/v2/generation/5/"}},{"game_index":292,"generation":{"name":"generation-iv","url":"http://pokeapi.co/api/v2/generation/4/"}}],"names":[{"name":"Power Band","language":{"name":"en","url":"http://pokeapi.co/api/v2/language/9/"}},{"name":"Vigorbanda","language":{"name":"it","url":"http://pokeapi.co/api/v2/language/8/"}},{"name":"Banda Recia","language":{"name":"es","url":"http://pokeapi.co/api/v2/language/7/"}},{"name":"Machtband","language":{"name":"de","url":"http://pokeapi.co/api/v2/language/6/"}},{"name":"Bandeau Pouvoir","language":{"name":"fr","url":"http://pokeapi.co/api/v2/language/5/"}},{"name":"파워밴드","language":{"name":"ko","url":"http://pokeapi.co/api/v2/language/3/"}},{"name":"パワーバンド","language":{"name":"ja","url":"http://pokeapi.co/api/v2/language/1/"}}],"held_by_pokemon":[],"baby_trigger_for":null}