{"id":148,"name":"qualot-berry","cost":20,"fling_power":10,"fling_effect":null,"attributes":[],"category":{"name":"effort-drop","url":"http://pokeapi.co/api/v2/item-category/2/"},"effect_entries":[{"effect":"Used on a party Pokémon\n:   Increases happiness by 10/5/2.  Lowers Defense effort by 10.","short_effect":"Drops Defense Effort Values by 10 and raises happiness.","language":{"name":"en","url":"http://pokeapi.co/api/v2/language/9/"}}],"flavor_text_entries":[{"text":"ポケモンに　あげると\nとても　なつき　やすくなるが\n防御の　基礎ポイントは　さがる。","version_group":{"name":"x-y","url":"http://pokeapi.co/api/v2/version-group/15/"},"language":{"name":"ja-kanji","url":"http://pokeapi.co/api/v2/language/11/"}},{"text":"A Berry to be consumed by Pokémon.\nUsing it on a Pokémon makes it more\nfriendly but lowers its base Defense.","version_group":{"name":"x-y","url":"http://pokeapi.co/api/v2/version-group/15/"},"language":{"name":"en","url":"http://pokeapi.co/api/v2/language/9/"}},{"text":"Usata su un Pokémon, lo rende più amichevole,\nma ne diminuisce i punti base della Difesa.","version_group":{"name":"x-y","url":"http://pokeapi.co/api/v2/version-group/15/"},"language":{"name":"it","url":"http://pokeapi.co/api/v2/language/8/"}},{"text":"Si la lleva un Pokémon, debilita un ataque\nsupereficaz de tipo Hielo de un enemigo.","version_group":{"name":"x-y","url":"http://pokeapi.co/api/v2/version-group/15/"},"language":{"name":"es","url":"http://pokeapi.co/api/v2/language/7/"}},{"text":"Isst ein Pokémon diese Beere, stärkt dies\neure Freundschaft, verringert aber seinen\nVerteidigungs-Basiswert.","version_group":{"name":"x-y","url":"http://pokeapi.co/api/v2/version-group/15/"},"language":{"name":"de","url":"http://pokeapi.co/api/v2/language/6/"}},{"text":"Une Baie qui rend les Pokémon plus amicaux,\nmais baisse leur Défense de base.","version_group":{"name":"x-y","url":"http://pokeapi.co/api/v2/version-group/15/"},"language":{"name":"fr","url":"http://pokeapi.co/api/v2/language/5/"}},{"text":"포켓몬에게 주면\n매우 친밀해지기 쉬워지지만\n방어의 기초 포인트가 떨어진다.","version_group":{"name":"x-y","url":"http://pokeapi.co/api/v2/version-group/15/"},"language":{"name":"ko","url":"http://pokeapi.co/api/v2/language/3/"}},{"text":"ポケモンに　あげると\nとても　なつき　やすくなるが\nぼうぎょの　きそポイントは　さがる。","version_group":{"name":"x-y","url":"http://pokeapi.co/api/v2/version-group/15/"},"language":{"name":"ja","url":"http://pokeapi.co/api/v2/language/1/"}},{"text":"Using it on a Pokémon makes it more\nfriendly, but it also lowers its base\nDefense stat.","version_group":{"name":"black-2-white-2","url":"http://pokeapi.co/api/v2/version-group/14/"},"language":{"name":"en","url":"http://pokeapi.co/api/v2/language/9/"}},{"text":"Using it on a Pokémon makes it more\nfriendly, but it also lowers its base\nDefense stat.","version_group":{"name":"black-white","url":"http://pokeapi.co/api/v2/version-group/11/"},"language":{"name":"en","url":"http://pokeapi.co/api/v2/language/9/"}},{"text":"Rend les Pokémon plus amicaux, mais\nbaisse leur stat Défense de base.","version_group":{"name":"black-white","url":"http://pokeapi.co/api/v2/version-group/11/"},"language":{"name":"fr","url":"http://pokeapi.co/api/v2/language/5/"}},{"text":"Using it on a Pokémon makes it more\nfriendly, but it also lowers its base\nDefense stat.","version_group":{"name":"heartgold-soulsilver","url":"http://pokeapi.co/api/v2/version-group/10/"},"language":{"name":"en","url":"http://pokeapi.co/api/v2/language/9/"}},{"text":"A Poffin ingredient. Using it on a\nPokémon makes it more friendly, but\nit also lowers its base Defense stat.","version_group":{"name":"platinum","url":"http://pokeapi.co/api/v2/version-group/9/"},"language":{"name":"en","url":"http://pokeapi.co/api/v2/language/9/"}},{"text":"A Poffin ingredient. Using it on a\nPokémon makes it more friendly, but\nit also lowers its base Defense stat.","version_group":{"name":"diamond-pearl","url":"http://pokeapi.co/api/v2/version-group/8/"},"language":{"name":"en","url":"http://pokeapi.co/api/v2/language/9/"}},{"text":"Can be ground up into a powder as\nan ingredient for medicine.","version_group":{"name":"firered-leafgreen","url":"http://pokeapi.co/api/v2/version-group/7/"},"language":{"name":"en","url":"http://pokeapi.co/api/v2/language/9/"}},{"text":"Makes a POKéMON\nfriendly but lowers\nbase DEFENSE.","version_group":{"name":"emerald","url":"http://pokeapi.co/api/v2/version-group/6/"},"language":{"name":"en","url":"http://pokeapi.co/api/v2/language/9/"}},{"text":"POKéBLOCK ingredient.\nPlant in loamy soil\nto grow QUALOT.","version_group":{"name":"ruby-sapphire","url":"http://pokeapi.co/api/v2/version-group/5/"},"language":{"name":"en","url":"http://pokeapi.co/api/v2/language/9/"}}],"game_indices":[{"game_index":171,"generation":{"name":"generation-vi","url":"http://pokeapi.co/api/v2/generation/6/"}},{"game_index":171,"generation":{"name":"generation-v","url":"http://pokeapi.co/api/v2/generation/5/"}},{"game_index":171,"generation":{"name":"generation-iv","url":"http://pokeapi.co/api/v2/generation/4/"}},{"game_index":155,"generation":{"name":"generation-iii","url":"http://pokeapi.co/api/v2/generation/3/"}}],"names":[{"name":"Qualot Berry","language":{"name":"en","url":"http://pokeapi.co/api/v2/language/9/"}},{"name":"Baccaloquat","language":{"name":"it","url":"http://pokeapi.co/api/v2/language/8/"}},{"name":"Baya Ispero","language":{"name":"es","url":"http://pokeapi.co/api/v2/language/7/"}},{"name":"Qualotbeere","language":{"name":"de","url":"http://pokeapi.co/api/v2/language/6/"}},{"name":"Baie Qualot","language":{"name":"fr","url":"http://pokeapi.co/api/v2/language/5/"}},{"name":"파비열매","language":{"name":"ko","url":"http://pokeapi.co/api/v2/language/3/"}},{"name":"タポルのみ","language":{"name":"ja","url":"http://pokeapi.co/api/v2/language/1/"}}],"held_by_pokemon":[],"baby_trigger_for":null}