{"id":228,"name":"silk-scarf","cost":100,"fling_power":10,"fling_effect":null,"attributes":[{"name":"holdable","url":"http://pokeapi.co/api/v2/item-attribute/5/"},{"name":"holdable-active","url":"http://pokeapi.co/api/v2/item-attribute/7/"}],"category":{"name":"type-enhancement","url":"http://pokeapi.co/api/v2/item-category/19/"},"effect_entries":[{"effect":"Held: Increases the power of the holder's Normal moves by 20%.","short_effect":"Held: Normal-Type moves from holder do 20% more damage.","language":{"name":"en","url":"http://pokeapi.co/api/v2/language/9/"}}],"flavor_text_entries":[{"text":"はだざわりの　よい　スカーフ。\n持たせると　ノーマルタイプの\n技の　威力が　あがる。","version_group":{"name":"x-y","url":"http://pokeapi.co/api/v2/version-group/15/"},"language":{"name":"ja-kanji","url":"http://pokeapi.co/api/v2/language/11/"}},{"text":"An item to be held by a Pokémon.\nIt’s a sumptuous scarf that boosts\nthe power of Normal-type moves.","version_group":{"name":"x-y","url":"http://pokeapi.co/api/v2/version-group/15/"},"language":{"name":"en","url":"http://pokeapi.co/api/v2/language/9/"}},{"text":"Strumento da dare a un Pokémon.\nSciarpa raffinata che potenzia le mosse\ndi tipo Normale.","version_group":{"name":"x-y","url":"http://pokeapi.co/api/v2/version-group/15/"},"language":{"name":"it","url":"http://pokeapi.co/api/v2/language/8/"}},{"text":"Potencia ligeramente los movimientos\nsupereficaces. Debe llevarla un Pokémon.","version_group":{"name":"x-y","url":"http://pokeapi.co/api/v2/version-group/15/"},"language":{"name":"es","url":"http://pokeapi.co/api/v2/language/7/"}},{"text":"Ein Item zum Tragen. Ein kostbarer Schal,\nder Attacken vom Typ Normal verstärkt.","version_group":{"name":"x-y","url":"http://pokeapi.co/api/v2/version-group/15/"},"language":{"name":"de","url":"http://pokeapi.co/api/v2/language/6/"}},{"text":"Objet à tenir. Un mouchoir somptueux qui\naugmente la puissance des capacités de\ntype Normal.","version_group":{"name":"x-y","url":"http://pokeapi.co/api/v2/version-group/15/"},"language":{"name":"fr","url":"http://pokeapi.co/api/v2/language/5/"}},{"text":"감촉이 좋은 스카프.\n지니게 하면 노말타입\n기술의 위력이 올라간다.","version_group":{"name":"x-y","url":"http://pokeapi.co/api/v2/version-group/15/"},"language":{"name":"ko","url":"http://pokeapi.co/api/v2/language/3/"}},{"text":"はだざわりの　よい　スカーフ。\nもたせると　ノーマルタイプの\nわざの　いりょくが　あがる。","version_group":{"name":"x-y","url":"http://pokeapi.co/api/v2/version-group/15/"},"language":{"name":"ja","url":"http://pokeapi.co/api/v2/language/1/"}},{"text":"An item to be held by a Pokémon.\nIt is a sumptuous scarf that boosts\nthe power of Normal-type moves.","version_group":{"name":"black-2-white-2","url":"http://pokeapi.co/api/v2/version-group/14/"},"language":{"name":"en","url":"http://pokeapi.co/api/v2/language/9/"}},{"text":"An item to be held by a Pokémon.\nIt is a sumptuous scarf that boosts\nthe power of Normal-type moves.","version_group":{"name":"black-white","url":"http://pokeapi.co/api/v2/version-group/11/"},"language":{"name":"en","url":"http://pokeapi.co/api/v2/language/9/"}},{"text":"Objet à tenir. Mouchoir somptueux\nmontant la puissance des capacités\nde type Normal.","version_group":{"name":"black-white","url":"http://pokeapi.co/api/v2/version-group/11/"},"language":{"name":"fr","url":"http://pokeapi.co/api/v2/language/5/"}},{"text":"An item to be held by a Pokémon.\nIt is a sumptuous scarf that boosts\nthe power of Normal-type moves.","version_group":{"name":"heartgold-soulsilver","url":"http://pokeapi.co/api/v2/version-group/10/"},"language":{"name":"en","url":"http://pokeapi.co/api/v2/language/9/"}},{"text":"An item to be held by a Pokémon.\nIt is a sumptuous scarf that boosts\nthe power of Normal-type moves.","version_group":{"name":"platinum","url":"http://pokeapi.co/api/v2/version-group/9/"},"language":{"name":"en","url":"http://pokeapi.co/api/v2/language/9/"}},{"text":"An item to be held by a Pokémon.\nIt is a sumptuous scarf that boosts\nthe power of Normal-type moves.","version_group":{"name":"diamond-pearl","url":"http://pokeapi.co/api/v2/version-group/8/"},"language":{"name":"en","url":"http://pokeapi.co/api/v2/language/9/"}},{"text":"An item to be held by a POKéMON.\nA sumptuous scarf that boosts the\npower of NORMAL-type moves.","version_group":{"name":"firered-leafgreen","url":"http://pokeapi.co/api/v2/version-group/7/"},"language":{"name":"en","url":"http://pokeapi.co/api/v2/language/9/"}},{"text":"A hold item that\nraises the power of\nNORMAL-type moves.","version_group":{"name":"emerald","url":"http://pokeapi.co/api/v2/version-group/6/"},"language":{"name":"en","url":"http://pokeapi.co/api/v2/language/9/"}},{"text":"A hold item that\nraises the power of\nNORMAL-type moves.","version_group":{"name":"ruby-sapphire","url":"http://pokeapi.co/api/v2/version-group/5/"},"language":{"name":"en","url":"http://pokeapi.co/api/v2/language/9/"}}],"game_indices":[{"game_index":251,"generation":{"name":"generation-vi","url":"http://pokeapi.co/api/v2/generation/6/"}},{"game_index":251,"generation":{"name":"generation-v","url":"http://pokeapi.co/api/v2/generation/5/"}},{"game_index":251,"generation":{"name":"generation-iv","url":"http://pokeapi.co/api/v2/generation/4/"}},{"game_index":217,"generation":{"name":"generation-iii","url":"http://pokeapi.co/api/v2/generation/3/"}}],"names":[{"name":"Silk Scarf","language":{"name":"en","url":"http://pokeapi.co/api/v2/language/9/"}},{"name":"Sciarpa Seta","language":{"name":"it","url":"http://pokeapi.co/api/v2/language/8/"}},{"name":"Pañuelo Seda","language":{"name":"es","url":"http://pokeapi.co/api/v2/language/7/"}},{"name":"Seidenschal","language":{"name":"de","url":"http://pokeapi.co/api/v2/language/6/"}},{"name":"Mouchoir Soie","language":{"name":"fr","url":"http://pokeapi.co/api/v2/language/5/"}},{"name":"실크스카프","language":{"name":"ko","url":"http://pokeapi.co/api/v2/language/3/"}},{"name":"シルクのスカーフ","language":{"name":"ja","url":"http://pokeapi.co/api/v2/language/1/"}}],"held_by_pokemon":[],"baby_trigger_for":null}