{"id":308,"name":"tm04","cost":1500,"fling_power":null,"fling_effect":null,"attributes":[],"category":{"name":"all-machines","url":"http://pokeapi.co/api/v2/item-category/37/"},"effect_entries":[{"effect":"Teaches Calm Mind to a compatible Pokémon.","short_effect":"Teaches Calm Mind to a compatible Pokémon. (Gen II: Rollout Gen I: Whirlwind)","language":{"name":"en","url":"http://pokeapi.co/api/v2/language/9/"}}],"flavor_text_entries":[{"text":"静かに　精神を　統一し\n心を　鎮めることで　自分の\n特攻と　特防を　あげる。","version_group":{"name":"x-y","url":"http://pokeapi.co/api/v2/version-group/15/"},"language":{"name":"ja-kanji","url":"http://pokeapi.co/api/v2/language/11/"}},{"text":"The user quietly focuses its mind and\ncalms its spirit to raise its Sp. Atk and\nSp. Def stats.","version_group":{"name":"x-y","url":"http://pokeapi.co/api/v2/version-group/15/"},"language":{"name":"en","url":"http://pokeapi.co/api/v2/language/9/"}},{"text":"Chi la usa, meditando, placa il proprio spirito\nper aumentare l’Attacco Speciale e\nla Difesa Speciale.","version_group":{"name":"x-y","url":"http://pokeapi.co/api/v2/version-group/15/"},"language":{"name":"it","url":"http://pokeapi.co/api/v2/language/8/"}},{"text":"Un ataque de gran potencia que resulta más\nfuerte cuanto menos le guste el Entrenador al\nPokémon que lo usa.","version_group":{"name":"x-y","url":"http://pokeapi.co/api/v2/version-group/15/"},"language":{"name":"es","url":"http://pokeapi.co/api/v2/language/7/"}},{"text":"Der Anwender konzentriert und beruhigt sich.\nSo werden Spezial-Angriff und\nSpezial-Verteidigung verstärkt.","version_group":{"name":"x-y","url":"http://pokeapi.co/api/v2/version-group/15/"},"language":{"name":"de","url":"http://pokeapi.co/api/v2/language/6/"}},{"text":"Le lanceur se concentre et fait le vide dans son\nesprit pour augmenter son Attaque Spéciale et\nsa Défense Spéciale.","version_group":{"name":"x-y","url":"http://pokeapi.co/api/v2/version-group/15/"},"language":{"name":"fr","url":"http://pokeapi.co/api/v2/language/5/"}},{"text":"조용히 정신을 통일해서\n마음을 가라앉혀 자신의\n특수공격과 특수방어를 올린다.","version_group":{"name":"x-y","url":"http://pokeapi.co/api/v2/version-group/15/"},"language":{"name":"ko","url":"http://pokeapi.co/api/v2/language/3/"}},{"text":"しずかに　せいしんを　とういつして\nこころを　しずめることで　じぶんの\nとくこうと　とくぼうを　あげる。","version_group":{"name":"x-y","url":"http://pokeapi.co/api/v2/version-group/15/"},"language":{"name":"ja","url":"http://pokeapi.co/api/v2/language/1/"}},{"text":"The user quietly focuses its mind and\ncalms its spirit to raise its Sp. Atk\nand Sp. Def stats.","version_group":{"name":"black-2-white-2","url":"http://pokeapi.co/api/v2/version-group/14/"},"language":{"name":"en","url":"http://pokeapi.co/api/v2/language/9/"}},{"text":"The user quietly focuses its mind and\ncalms its spirit to raise its Sp. Atk\nand Sp. Def stats.","version_group":{"name":"black-white","url":"http://pokeapi.co/api/v2/version-group/11/"},"language":{"name":"en","url":"http://pokeapi.co/api/v2/language/9/"}},{"text":"Le lanceur se concentre et fait le vide\ndans son esprit pour monter son\nAtq. Spé. et sa Déf. Spé.","version_group":{"name":"black-white","url":"http://pokeapi.co/api/v2/version-group/11/"},"language":{"name":"fr","url":"http://pokeapi.co/api/v2/language/5/"}},{"text":"The user quietly focuses its mind and\ncalms its spirit to raise its Sp. Atk\nand Sp. Def stats.","version_group":{"name":"heartgold-soulsilver","url":"http://pokeapi.co/api/v2/version-group/10/"},"language":{"name":"en","url":"http://pokeapi.co/api/v2/language/9/"}},{"text":"The user quietly focuses its mind and\ncalms its spirit to raise its Sp. Atk\nand Sp. Def stats.","version_group":{"name":"platinum","url":"http://pokeapi.co/api/v2/version-group/9/"},"language":{"name":"en","url":"http://pokeapi.co/api/v2/language/9/"}},{"text":"The user quietly focuses its mind and\ncalms its spirit to raise its Sp. Atk\nand Sp. Def stats.","version_group":{"name":"diamond-pearl","url":"http://pokeapi.co/api/v2/version-group/8/"},"language":{"name":"en","url":"http://pokeapi.co/api/v2/language/9/"}},{"text":"The user focuses\nits mind to raise\nthe SP. ATK and\nSP. DEF stats.","version_group":{"name":"firered-leafgreen","url":"http://pokeapi.co/api/v2/version-group/7/"},"language":{"name":"en","url":"http://pokeapi.co/api/v2/language/9/"}},{"text":"Raises SP. ATK and\nSP. DEF by focusing\nthe mind.","version_group":{"name":"emerald","url":"http://pokeapi.co/api/v2/version-group/6/"},"language":{"name":"en","url":"http://pokeapi.co/api/v2/language/9/"}},{"text":"Raises SP. ATK and\nSP. DEF by focusing\nthe mind.","version_group":{"name":"ruby-sapphire","url":"http://pokeapi.co/api/v2/version-group/5/"},"language":{"name":"en","url":"http://pokeapi.co/api/v2/language/9/"}}],"game_indices":[{"game_index":331,"generation":{"name":"generation-vi","url":"http://pokeapi.co/api/v2/generation/6/"}},{"game_index":331,"generation":{"name":"generation-v","url":"http://pokeapi.co/api/v2/generation/5/"}},{"game_index":331,"generation":{"name":"generation-iv","url":"http://pokeapi.co/api/v2/generation/4/"}},{"game_index":292,"generation":{"name":"generation-iii","url":"http://pokeapi.co/api/v2/generation/3/"}}],"names":[{"name":"TM04","language":{"name":"en","url":"http://pokeapi.co/api/v2/language/9/"}},{"name":"MT04","language":{"name":"it","url":"http://pokeapi.co/api/v2/language/8/"}},{"name":"MT04","language":{"name":"es","url":"http://pokeapi.co/api/v2/language/7/"}},{"name":"TM04","language":{"name":"de","url":"http://pokeapi.co/api/v2/language/6/"}},{"name":"CT04","language":{"name":"fr","url":"http://pokeapi.co/api/v2/language/5/"}},{"name":"기술머신04","language":{"name":"ko","url":"http://pokeapi.co/api/v2/language/3/"}},{"name":"わざマシン０４","language":{"name":"ja","url":"http://pokeapi.co/api/v2/language/1/"}}],"held_by_pokemon":[],"baby_trigger_for":null}