{"id":248,"name":"power-herb","cost":100,"fling_power":10,"fling_effect":null,"attributes":[{"name":"holdable","url":"http://pokeapi.co/api/v2/item-attribute/5/"},{"name":"holdable-active","url":"http://pokeapi.co/api/v2/item-attribute/7/"}],"category":{"name":"held-items","url":"http://pokeapi.co/api/v2/item-category/12/"},"effect_entries":[{"effect":"Held: Whenever the holder uses a move that requires a turn to charge first (Bounce, Dig, Dive, Fly, Razor Wind, Skull Bash, Sky Attack, or Solarbeam), this item is consumed and the charge is skipped.  Skull Bash still provides a Defense boost.","short_effect":"Held: Both turns of a two-turn charge move happen at once. Consumed upon use.","language":{"name":"en","url":"http://pokeapi.co/api/v2/language/9/"}}],"flavor_text_entries":[{"text":"持たせた　ポケモンは　１度だけ\n１ターン目に　ちからを　ためる技を\nすぐに　使うことが　できる。","version_group":{"name":"x-y","url":"http://pokeapi.co/api/v2/version-group/15/"},"language":{"name":"ja-kanji","url":"http://pokeapi.co/api/v2/language/11/"}},{"text":"A single-use item to be held by a Pokémon.\nIt allows the holder to immediately use a\nmove that normally requires a turn to charge.","version_group":{"name":"x-y","url":"http://pokeapi.co/api/v2/version-group/15/"},"language":{"name":"en","url":"http://pokeapi.co/api/v2/language/9/"}},{"text":"Strumento monouso da dare a un Pokémon.\nPermette l’uso immediato di una mossa che in\ngenere richiede un turno prima di essere eseguita.","version_group":{"name":"x-y","url":"http://pokeapi.co/api/v2/version-group/15/"},"language":{"name":"it","url":"http://pokeapi.co/api/v2/language/8/"}},{"text":"Daña en cada turno al Pokémon que la lleva.\nPuede adherirse al Pokémon que alcance con su\nataque al portador.","version_group":{"name":"x-y","url":"http://pokeapi.co/api/v2/version-group/15/"},"language":{"name":"es","url":"http://pokeapi.co/api/v2/language/7/"}},{"text":"Ein Item zum einmaligen Tragen. Der Träger kann\ndadurch eine Attacke sofort einsetzen, die sonst\naufgeladen werden muss.","version_group":{"name":"x-y","url":"http://pokeapi.co/api/v2/version-group/15/"},"language":{"name":"de","url":"http://pokeapi.co/api/v2/language/6/"}},{"text":"Objet à tenir et à usage unique. Permet d’utiliser\nimmédiatement une capacité qui devrait se\ncharger au premier tour.","version_group":{"name":"x-y","url":"http://pokeapi.co/api/v2/version-group/15/"},"language":{"name":"fr","url":"http://pokeapi.co/api/v2/language/5/"}},{"text":"지니게 한 포켓몬은 한 번만\n1턴째에 힘을 모으는 기술을\n바로 사용할 수가 있다.","version_group":{"name":"x-y","url":"http://pokeapi.co/api/v2/version-group/15/"},"language":{"name":"ko","url":"http://pokeapi.co/api/v2/language/3/"}},{"text":"もたせた　ポケモンは　いちどだけ\n１ターンめに　ちからを　ためるわざを\nすぐに　つかうことが　できる。","version_group":{"name":"x-y","url":"http://pokeapi.co/api/v2/version-group/15/"},"language":{"name":"ja","url":"http://pokeapi.co/api/v2/language/1/"}},{"text":"A single-use item to be held by a\nPokémon. It allows the immediate use of\na move that charges on the first turn.","version_group":{"name":"black-2-white-2","url":"http://pokeapi.co/api/v2/version-group/14/"},"language":{"name":"en","url":"http://pokeapi.co/api/v2/language/9/"}},{"text":"A single-use item to be held by a\nPokémon. It allows the immediate use of\na move that charges on the first turn.","version_group":{"name":"black-white","url":"http://pokeapi.co/api/v2/version-group/11/"},"language":{"name":"en","url":"http://pokeapi.co/api/v2/language/9/"}},{"text":"Objet à tenir et à usage unique. Permet\nd’utiliser immédiatement une capacité\nqui devrait se charger au premier tour.","version_group":{"name":"black-white","url":"http://pokeapi.co/api/v2/version-group/11/"},"language":{"name":"fr","url":"http://pokeapi.co/api/v2/language/5/"}},{"text":"A single-use item to be held by a\nPokémon. It allows the immediate use of\na move that charges on the first turn.","version_group":{"name":"heartgold-soulsilver","url":"http://pokeapi.co/api/v2/version-group/10/"},"language":{"name":"en","url":"http://pokeapi.co/api/v2/language/9/"}},{"text":"A single-use item to be held by a\nPokémon. It allows the immediate use of\na move that charges on the first turn.","version_group":{"name":"platinum","url":"http://pokeapi.co/api/v2/version-group/9/"},"language":{"name":"en","url":"http://pokeapi.co/api/v2/language/9/"}},{"text":"A single-use item to be held by a\nPokémon. It allows the immediate use of\na move that charges on the first turn.","version_group":{"name":"diamond-pearl","url":"http://pokeapi.co/api/v2/version-group/8/"},"language":{"name":"en","url":"http://pokeapi.co/api/v2/language/9/"}}],"game_indices":[{"game_index":271,"generation":{"name":"generation-vi","url":"http://pokeapi.co/api/v2/generation/6/"}},{"game_index":271,"generation":{"name":"generation-v","url":"http://pokeapi.co/api/v2/generation/5/"}},{"game_index":271,"generation":{"name":"generation-iv","url":"http://pokeapi.co/api/v2/generation/4/"}}],"names":[{"name":"Power Herb","language":{"name":"en","url":"http://pokeapi.co/api/v2/language/9/"}},{"name":"Vigorerba","language":{"name":"it","url":"http://pokeapi.co/api/v2/language/8/"}},{"name":"Hierba Única","language":{"name":"es","url":"http://pokeapi.co/api/v2/language/7/"}},{"name":"Energiekraut","language":{"name":"de","url":"http://pokeapi.co/api/v2/language/6/"}},{"name":"Herbe Pouvoir","language":{"name":"fr","url":"http://pokeapi.co/api/v2/language/5/"}},{"name":"파워풀허브","language":{"name":"ko","url":"http://pokeapi.co/api/v2/language/3/"}},{"name":"パワフルハーブ","language":{"name":"ja","url":"http://pokeapi.co/api/v2/language/1/"}}],"held_by_pokemon":[],"baby_trigger_for":null}