{"id":274,"name":"choice-specs","cost":200,"fling_power":10,"fling_effect":null,"attributes":[{"name":"holdable","url":"http://pokeapi.co/api/v2/item-attribute/5/"},{"name":"holdable-active","url":"http://pokeapi.co/api/v2/item-attribute/7/"}],"category":{"name":"choice","url":"http://pokeapi.co/api/v2/item-category/13/"},"effect_entries":[{"effect":"Held: Increases the holder's Special Attack by 50%, but restricts it to the first move it uses until it leaves battle or loses this item.  If this item is swapped for another Choice item via Trick or Switcheroo, the holder's restriction is still lifted, but it will again be restricted to the next move it uses.\n(Quirk: If the holder is switched in by U-Turn and it also knows U-Turn, U-Turn becomes its restricted move.)","short_effect":"Held: Increases Special Attack by 50%, but restricts the holder to only one move.","language":{"name":"en","url":"http://pokeapi.co/api/v2/language/9/"}}],"flavor_text_entries":[{"text":"ちょっと　こだわった　メガネ。\n持たせると　特攻は　あがるが\n同じ　技しか　だせなくなる。","version_group":{"name":"x-y","url":"http://pokeapi.co/api/v2/version-group/15/"},"language":{"name":"ja-kanji","url":"http://pokeapi.co/api/v2/language/11/"}},{"text":"An item to be held by a Pokémon.\nThese curious glasses boost Sp. Atk\nbut only allow the use of one move.","version_group":{"name":"x-y","url":"http://pokeapi.co/api/v2/version-group/15/"},"language":{"name":"en","url":"http://pokeapi.co/api/v2/language/9/"}},{"text":"Strumento da dare a un Pokémon.\nQuesti occhiali aumentano l’Attacco Speciale,\nma permettono l’uso di una sola mossa.","version_group":{"name":"x-y","url":"http://pokeapi.co/api/v2/version-group/15/"},"language":{"name":"it","url":"http://pokeapi.co/api/v2/language/8/"}},{"text":"Incienso de exótico aroma que fortalece los\nmovimientos de tipo Psíquico. Debe llevarlo un\nPokémon.","version_group":{"name":"x-y","url":"http://pokeapi.co/api/v2/version-group/15/"},"language":{"name":"es","url":"http://pokeapi.co/api/v2/language/7/"}},{"text":"Ein Item zum Tragen. Die Brille erhöht den\nSpezial-Angriff, aber nur eine Attacke\nist einsetzbar.","version_group":{"name":"x-y","url":"http://pokeapi.co/api/v2/version-group/15/"},"language":{"name":"de","url":"http://pokeapi.co/api/v2/language/6/"}},{"text":"Objet à tenir. Augmente l’Attaque Spéciale,\nmais ne permet d’utiliser qu’une seule capacité\npar combat.","version_group":{"name":"x-y","url":"http://pokeapi.co/api/v2/version-group/15/"},"language":{"name":"fr","url":"http://pokeapi.co/api/v2/language/5/"}},{"text":"기술을 구애받는 안경.\n지니게 하면 특수공격이 올라가지만\n같은 기술밖에 쓸 수 없다.","version_group":{"name":"x-y","url":"http://pokeapi.co/api/v2/version-group/15/"},"language":{"name":"ko","url":"http://pokeapi.co/api/v2/language/3/"}},{"text":"ちょっと　こだわった　メガネ。\nもたせると　とくこうは　あがるが\nおなじ　わざしか　だせなくなる。","version_group":{"name":"x-y","url":"http://pokeapi.co/api/v2/version-group/15/"},"language":{"name":"ja","url":"http://pokeapi.co/api/v2/language/1/"}},{"text":"An item to be held by a Pokémon. These\ndistinctive glasses boost Sp. Atk but\nallow the use of only one of its moves.","version_group":{"name":"black-2-white-2","url":"http://pokeapi.co/api/v2/version-group/14/"},"language":{"name":"en","url":"http://pokeapi.co/api/v2/language/9/"}},{"text":"An item to be held by a Pokémon. These\ndistinctive glasses boost Sp. Atk but\nallow the use of only one of its moves.","version_group":{"name":"black-white","url":"http://pokeapi.co/api/v2/version-group/11/"},"language":{"name":"en","url":"http://pokeapi.co/api/v2/language/9/"}},{"text":"Objet à tenir augmentant l’Attaque\nSpéciale, mais ne permettant d’utiliser\nqu’une seule capacité par combat.","version_group":{"name":"black-white","url":"http://pokeapi.co/api/v2/version-group/11/"},"language":{"name":"fr","url":"http://pokeapi.co/api/v2/language/5/"}},{"text":"An item to be held by a Pokémon. These\ndistinctive glasses boost Sp. Atk, but\nallow only one kind of move to be used.","version_group":{"name":"heartgold-soulsilver","url":"http://pokeapi.co/api/v2/version-group/10/"},"language":{"name":"en","url":"http://pokeapi.co/api/v2/language/9/"}},{"text":"An item to be held by a Pokémon. These\ndistinctive glasses boost Sp. Atk, but\nallow only one kind of move to be used.","version_group":{"name":"platinum","url":"http://pokeapi.co/api/v2/version-group/9/"},"language":{"name":"en","url":"http://pokeapi.co/api/v2/language/9/"}},{"text":"An item to be held by a Pokémon. These\ndistinctive glasses boost Sp. Atk, but\nallow only one kind of move to be used.","version_group":{"name":"diamond-pearl","url":"http://pokeapi.co/api/v2/version-group/8/"},"language":{"name":"en","url":"http://pokeapi.co/api/v2/language/9/"}}],"game_indices":[{"game_index":297,"generation":{"name":"generation-vi","url":"http://pokeapi.co/api/v2/generation/6/"}},{"game_index":297,"generation":{"name":"generation-v","url":"http://pokeapi.co/api/v2/generation/5/"}},{"game_index":297,"generation":{"name":"generation-iv","url":"http://pokeapi.co/api/v2/generation/4/"}}],"names":[{"name":"Choice Specs","language":{"name":"en","url":"http://pokeapi.co/api/v2/language/9/"}},{"name":"Lentiscelta","language":{"name":"it","url":"http://pokeapi.co/api/v2/language/8/"}},{"name":"Gafas Elegid","language":{"name":"es","url":"http://pokeapi.co/api/v2/language/7/"}},{"name":"Wahlglas","language":{"name":"de","url":"http://pokeapi.co/api/v2/language/6/"}},{"name":"Lunettes Choix","language":{"name":"fr","url":"http://pokeapi.co/api/v2/language/5/"}},{"name":"구애안경","language":{"name":"ko","url":"http://pokeapi.co/api/v2/language/3/"}},{"name":"こだわりメガネ","language":{"name":"ja","url":"http://pokeapi.co/api/v2/language/1/"}}],"held_by_pokemon":[],"baby_trigger_for":null}