{"id":213,"name":"light-ball","cost":100,"fling_power":30,"fling_effect":{"name":"paralyze","url":"http://pokeapi.co/api/v2/item-fling-effect/5/"},"attributes":[{"name":"holdable","url":"http://pokeapi.co/api/v2/item-attribute/5/"}],"category":{"name":"species-specific","url":"http://pokeapi.co/api/v2/item-category/18/"},"effect_entries":[{"effect":"Held by Pikachu: Doubles the holder's initial Attack and Special Attack.","short_effect":"Doubles Pikachu's Attack and Special Attack. Breed on Pikachu or Raichu: Pichu Egg will have Volt Tackle.","language":{"name":"en","url":"http://pokeapi.co/api/v2/language/9/"}}],"flavor_text_entries":[{"text":"ピカチュウに　持たせると\n攻撃と　特攻の　威力が\nあがる　不思議な　玉。","version_group":{"name":"x-y","url":"http://pokeapi.co/api/v2/version-group/15/"},"language":{"name":"ja-kanji","url":"http://pokeapi.co/api/v2/language/11/"}},{"text":"An item to be held by Pikachu.\nIt’s a puzzling orb that boosts\nits Attack and Sp. Atk stats.","version_group":{"name":"x-y","url":"http://pokeapi.co/api/v2/version-group/15/"},"language":{"name":"en","url":"http://pokeapi.co/api/v2/language/9/"}},{"text":"Strumento da dare a Pikachu.\nSfera insolita che aumenta l’Attacco e l’Attacco\nSpeciale.","version_group":{"name":"x-y","url":"http://pokeapi.co/api/v2/version-group/15/"},"language":{"name":"it","url":"http://pokeapi.co/api/v2/language/8/"}},{"text":"Debe llevarla un Pokémon. Cada vez que este\ninflige daño, recupera algunos PS.","version_group":{"name":"x-y","url":"http://pokeapi.co/api/v2/version-group/15/"},"language":{"name":"es","url":"http://pokeapi.co/api/v2/language/7/"}},{"text":"Ein Item, das von Pikachu getragen werden\nkann. Es erhöht den Angriffs-Wert und\nSpezial-Angriffs-Wert.","version_group":{"name":"x-y","url":"http://pokeapi.co/api/v2/version-group/15/"},"language":{"name":"de","url":"http://pokeapi.co/api/v2/language/6/"}},{"text":"Objet à faire tenir à Pikachu.\nUn orbe énigmatique qui augmente son Attaque\net son Attaque Spéciale.","version_group":{"name":"x-y","url":"http://pokeapi.co/api/v2/version-group/15/"},"language":{"name":"fr","url":"http://pokeapi.co/api/v2/language/5/"}},{"text":"피카츄에게 지니게 하면\n공격과 특수공격의 위력이\n올라가는 이상한 구슬.","version_group":{"name":"x-y","url":"http://pokeapi.co/api/v2/version-group/15/"},"language":{"name":"ko","url":"http://pokeapi.co/api/v2/language/3/"}},{"text":"ピカチュウに　もたせると\nこうげきと　とくこうの　いりょくが\nあがる　ふしぎな　たま。","version_group":{"name":"x-y","url":"http://pokeapi.co/api/v2/version-group/15/"},"language":{"name":"ja","url":"http://pokeapi.co/api/v2/language/1/"}},{"text":"An item to be held by Pikachu.\nIt is a puzzling orb that raises\nthe Attack and Sp. Atk stat.","version_group":{"name":"black-2-white-2","url":"http://pokeapi.co/api/v2/version-group/14/"},"language":{"name":"en","url":"http://pokeapi.co/api/v2/language/9/"}},{"text":"An item to be held by Pikachu.\nIt is a puzzling orb that raises\nthe Attack and Sp. Atk stat.","version_group":{"name":"black-white","url":"http://pokeapi.co/api/v2/version-group/11/"},"language":{"name":"en","url":"http://pokeapi.co/api/v2/language/9/"}},{"text":"Objet à faire tenir par Pikachu. Orbe\nénigmatique qui monte son Attaque et\nson Attaque Spéciale.","version_group":{"name":"black-white","url":"http://pokeapi.co/api/v2/version-group/11/"},"language":{"name":"fr","url":"http://pokeapi.co/api/v2/language/5/"}},{"text":"An item to be held by PIKACHU.\nIt is a puzzling orb that raises\nthe Attack and Sp. Atk stat.","version_group":{"name":"heartgold-soulsilver","url":"http://pokeapi.co/api/v2/version-group/10/"},"language":{"name":"en","url":"http://pokeapi.co/api/v2/language/9/"}},{"text":"An item to be held by PIKACHU.\nIt is a puzzling orb that raises\nthe Attack and Sp. Atk stat.","version_group":{"name":"platinum","url":"http://pokeapi.co/api/v2/version-group/9/"},"language":{"name":"en","url":"http://pokeapi.co/api/v2/language/9/"}},{"text":"An item to be held by PIKACHU.\nIt is a puzzling orb that raises the\nSp. Atk stat.","version_group":{"name":"diamond-pearl","url":"http://pokeapi.co/api/v2/version-group/8/"},"language":{"name":"en","url":"http://pokeapi.co/api/v2/language/9/"}},{"text":"An orb to be held by a PIKACHU\nthat raises the SP. ATK stat.\nTouching it may cause a shock.","version_group":{"name":"firered-leafgreen","url":"http://pokeapi.co/api/v2/version-group/7/"},"language":{"name":"en","url":"http://pokeapi.co/api/v2/language/9/"}},{"text":"A hold item that\nraises the SP. ATK\nof PIKACHU.","version_group":{"name":"emerald","url":"http://pokeapi.co/api/v2/version-group/6/"},"language":{"name":"en","url":"http://pokeapi.co/api/v2/language/9/"}},{"text":"A hold item that\nraises the SP. ATK\nof PIKACHU.","version_group":{"name":"ruby-sapphire","url":"http://pokeapi.co/api/v2/version-group/5/"},"language":{"name":"en","url":"http://pokeapi.co/api/v2/language/9/"}}],"game_indices":[{"game_index":236,"generation":{"name":"generation-vi","url":"http://pokeapi.co/api/v2/generation/6/"}},{"game_index":236,"generation":{"name":"generation-v","url":"http://pokeapi.co/api/v2/generation/5/"}},{"game_index":236,"generation":{"name":"generation-iv","url":"http://pokeapi.co/api/v2/generation/4/"}},{"game_index":202,"generation":{"name":"generation-iii","url":"http://pokeapi.co/api/v2/generation/3/"}}],"names":[{"name":"Light Ball","language":{"name":"en","url":"http://pokeapi.co/api/v2/language/9/"}},{"name":"Elettropalla","language":{"name":"it","url":"http://pokeapi.co/api/v2/language/8/"}},{"name":"Bolaluminosa","language":{"name":"es","url":"http://pokeapi.co/api/v2/language/7/"}},{"name":"Kugelblitz","language":{"name":"de","url":"http://pokeapi.co/api/v2/language/6/"}},{"name":"Balle Lumière","language":{"name":"fr","url":"http://pokeapi.co/api/v2/language/5/"}},{"name":"전기구슬","language":{"name":"ko","url":"http://pokeapi.co/api/v2/language/3/"}},{"name":"でんきだま","language":{"name":"ja","url":"http://pokeapi.co/api/v2/language/1/"}}],"held_by_pokemon":[{"pokemon":{"name":"pikachu","url":"http://pokeapi.co/api/v2/pokemon/25/"},"version_details":[{"rarity":5,"version":{"name":"y","url":"http://pokeapi.co/api/v2/version/24/"}},{"rarity":5,"version":{"name":"x","url":"http://pokeapi.co/api/v2/version/23/"}},{"rarity":5,"version":{"name":"white-2","url":"http://pokeapi.co/api/v2/version/22/"}},{"rarity":5,"version":{"name":"black-2","url":"http://pokeapi.co/api/v2/version/21/"}},{"rarity":1,"version":{"name":"white","url":"http://pokeapi.co/api/v2/version/18/"}},{"rarity":1,"version":{"name":"black","url":"http://pokeapi.co/api/v2/version/17/"}},{"rarity":5,"version":{"name":"soulsilver","url":"http://pokeapi.co/api/v2/version/16/"}},{"rarity":5,"version":{"name":"heartgold","url":"http://pokeapi.co/api/v2/version/15/"}},{"rarity":5,"version":{"name":"platinum","url":"http://pokeapi.co/api/v2/version/14/"}},{"rarity":5,"version":{"name":"pearl","url":"http://pokeapi.co/api/v2/version/13/"}},{"rarity":5,"version":{"name":"diamond","url":"http://pokeapi.co/api/v2/version/12/"}},{"rarity":5,"version":{"name":"emerald","url":"http://pokeapi.co/api/v2/version/9/"}},{"rarity":5,"version":{"name":"sapphire","url":"http://pokeapi.co/api/v2/version/8/"}},{"rarity":5,"version":{"name":"ruby","url":"http://pokeapi.co/api/v2/version/7/"}}]}],"baby_trigger_for":null}