{"id":200,"name":"amulet-coin","cost":100,"fling_power":30,"fling_effect":null,"attributes":[{"name":"holdable","url":"http://pokeapi.co/api/v2/item-attribute/5/"},{"name":"holdable-active","url":"http://pokeapi.co/api/v2/item-attribute/7/"}],"category":{"name":"training","url":"http://pokeapi.co/api/v2/item-category/16/"},"effect_entries":[{"effect":"Held\n:   If the holder participated in a trainer battle, the trainer earns twice the usual prize money.  This effect applies even if the holder fainted.\n\n    This effect does not stack with any other similar effect.","short_effect":"Held: Doubles the money earned from a battle. Does not stack with Luck Incense.","language":{"name":"en","url":"http://pokeapi.co/api/v2/language/9/"}}],"flavor_text_entries":[{"text":"持たせた　ポケモンが　１度でも\n戦闘に　顔を　だすと\nお金が　２倍　もらえる。","version_group":{"name":"x-y","url":"http://pokeapi.co/api/v2/version-group/15/"},"language":{"name":"ja-kanji","url":"http://pokeapi.co/api/v2/language/11/"}},{"text":"An item to be held by a Pokémon.\nIt doubles any prize money received\nif the holding Pokémon joins a battle.","version_group":{"name":"x-y","url":"http://pokeapi.co/api/v2/version-group/15/"},"language":{"name":"en","url":"http://pokeapi.co/api/v2/language/9/"}},{"text":"Strumento da dare a un Pokémon.\nSe chi ce l’ha partecipa alla lotta, i guadagni\nraddoppiano.","version_group":{"name":"x-y","url":"http://pokeapi.co/api/v2/version-group/15/"},"language":{"name":"it","url":"http://pokeapi.co/api/v2/language/8/"}},{"text":"Debe llevarlas un Pokémon. Fortalecen los\nmovimientos de tipo Siniestro.","version_group":{"name":"x-y","url":"http://pokeapi.co/api/v2/version-group/15/"},"language":{"name":"es","url":"http://pokeapi.co/api/v2/language/7/"}},{"text":"Ein Item, das von einem Pokémon getragen wird\nund das doppeltes Preisgeld bringt, wenn der\nTräger am Kampf teilnimmt.","version_group":{"name":"x-y","url":"http://pokeapi.co/api/v2/version-group/15/"},"language":{"name":"de","url":"http://pokeapi.co/api/v2/language/6/"}},{"text":"Objet à tenir. Double l’argent gagné si le porteur\nse joint au combat.","version_group":{"name":"x-y","url":"http://pokeapi.co/api/v2/version-group/15/"},"language":{"name":"fr","url":"http://pokeapi.co/api/v2/language/5/"}},{"text":"지니게 한 포켓몬이\n한 번이라도 배틀에 나가면\n돈을 2배로 받을 수 있다.","version_group":{"name":"x-y","url":"http://pokeapi.co/api/v2/version-group/15/"},"language":{"name":"ko","url":"http://pokeapi.co/api/v2/language/3/"}},{"text":"もたせた　ポケモンが　いちどでも\nせんとうに　かおを　だすと\nおかねが　２ばい　もらえる。","version_group":{"name":"x-y","url":"http://pokeapi.co/api/v2/version-group/15/"},"language":{"name":"ja","url":"http://pokeapi.co/api/v2/language/1/"}},{"text":"An item to be held by a Pokémon.\nIt doubles a battle’s prize money if\nthe holding Pokémon joins in.","version_group":{"name":"black-2-white-2","url":"http://pokeapi.co/api/v2/version-group/14/"},"language":{"name":"en","url":"http://pokeapi.co/api/v2/language/9/"}},{"text":"An item to be held by a Pokémon.\nIt doubles a battle’s prize money if\nthe holding Pokémon joins in.","version_group":{"name":"black-white","url":"http://pokeapi.co/api/v2/version-group/11/"},"language":{"name":"en","url":"http://pokeapi.co/api/v2/language/9/"}},{"text":"Objet à tenir. Double l’argent gagné\nsi le porteur se joint au combat.","version_group":{"name":"black-white","url":"http://pokeapi.co/api/v2/version-group/11/"},"language":{"name":"fr","url":"http://pokeapi.co/api/v2/language/5/"}},{"text":"An item to be held by a Pokémon.\nIt doubles a battle’s prize money if\nthe holding Pokémon joins in.","version_group":{"name":"heartgold-soulsilver","url":"http://pokeapi.co/api/v2/version-group/10/"},"language":{"name":"en","url":"http://pokeapi.co/api/v2/language/9/"}},{"text":"An item to be held by a Pokémon.\nIt doubles a battle’s prize money if\nthe holding Pokémon joins in.","version_group":{"name":"platinum","url":"http://pokeapi.co/api/v2/version-group/9/"},"language":{"name":"en","url":"http://pokeapi.co/api/v2/language/9/"}},{"text":"An item to be held by a Pokémon.\nIt doubles a battle’s prize money if\nthe holding Pokémon joins in.","version_group":{"name":"diamond-pearl","url":"http://pokeapi.co/api/v2/version-group/8/"},"language":{"name":"en","url":"http://pokeapi.co/api/v2/language/9/"}},{"text":"An item to be held by a POKéMON.\nIt doubles the battle money if the\nholding POKéMON takes part.","version_group":{"name":"firered-leafgreen","url":"http://pokeapi.co/api/v2/version-group/7/"},"language":{"name":"en","url":"http://pokeapi.co/api/v2/language/9/"}},{"text":"Doubles money in\nbattle if the\nholder takes part.","version_group":{"name":"emerald","url":"http://pokeapi.co/api/v2/version-group/6/"},"language":{"name":"en","url":"http://pokeapi.co/api/v2/language/9/"}},{"text":"Doubles money in\nbattle if the holder\ntakes part.","version_group":{"name":"ruby-sapphire","url":"http://pokeapi.co/api/v2/version-group/5/"},"language":{"name":"en","url":"http://pokeapi.co/api/v2/language/9/"}}],"game_indices":[{"game_index":223,"generation":{"name":"generation-vi","url":"http://pokeapi.co/api/v2/generation/6/"}},{"game_index":223,"generation":{"name":"generation-v","url":"http://pokeapi.co/api/v2/generation/5/"}},{"game_index":223,"generation":{"name":"generation-iv","url":"http://pokeapi.co/api/v2/generation/4/"}},{"game_index":189,"generation":{"name":"generation-iii","url":"http://pokeapi.co/api/v2/generation/3/"}}],"names":[{"name":"Amulet Coin","language":{"name":"en","url":"http://pokeapi.co/api/v2/language/9/"}},{"name":"Monetamuleto","language":{"name":"it","url":"http://pokeapi.co/api/v2/language/8/"}},{"name":"Moneda Amuleto","language":{"name":"es","url":"http://pokeapi.co/api/v2/language/7/"}},{"name":"Münzamulett","language":{"name":"de","url":"http://pokeapi.co/api/v2/language/6/"}},{"name":"Pièce Rune","language":{"name":"fr","url":"http://pokeapi.co/api/v2/language/5/"}},{"name":"부적금화","language":{"name":"ko","url":"http://pokeapi.co/api/v2/language/3/"}},{"name":"おまもりこばん","language":{"name":"ja","url":"http://pokeapi.co/api/v2/language/1/"}}],"held_by_pokemon":[],"baby_trigger_for":null}