{"id":191,"name":"white-herb","cost":100,"fling_power":10,"fling_effect":{"name":"herb-effect","url":"http://pokeapi.co/api/v2/item-fling-effect/4/"},"attributes":[{"name":"holdable","url":"http://pokeapi.co/api/v2/item-attribute/5/"},{"name":"holdable-active","url":"http://pokeapi.co/api/v2/item-attribute/7/"}],"category":{"name":"held-items","url":"http://pokeapi.co/api/v2/item-category/12/"},"effect_entries":[{"effect":"Held in battle\n:   At the end of each turn, if any of the holder's stats have a negative stat modifier, the holder consumes this item to remove the modifiers from those stats.","short_effect":"Held: Resets all lowered stats to normal at end of turn. Consumed after use.","language":{"name":"en","url":"http://pokeapi.co/api/v2/language/9/"}}],"flavor_text_entries":[{"text":"持たせた　ポケモンの　能力が\nさがったとき　１度だけ　もとの\n状態に　戻す。","version_group":{"name":"x-y","url":"http://pokeapi.co/api/v2/version-group/15/"},"language":{"name":"ja-kanji","url":"http://pokeapi.co/api/v2/language/11/"}},{"text":"An item to be held by a Pokémon.\nIt will restore any lowered stat in\nbattle. It can be used only once.","version_group":{"name":"x-y","url":"http://pokeapi.co/api/v2/version-group/15/"},"language":{"name":"en","url":"http://pokeapi.co/api/v2/language/9/"}},{"text":"Strumento da dare a un Pokémon.\nRipristina le statistiche ridotte in lotta.\nSi può usare una sola volta.","version_group":{"name":"x-y","url":"http://pokeapi.co/api/v2/version-group/15/"},"language":{"name":"it","url":"http://pokeapi.co/api/v2/language/8/"}},{"text":"Es un huevo lleno de felicidad que te hace ganar\nPuntos de Experiencia extra en combate. Debe\nllevarlo un Pokémon.","version_group":{"name":"x-y","url":"http://pokeapi.co/api/v2/version-group/15/"},"language":{"name":"es","url":"http://pokeapi.co/api/v2/language/7/"}},{"text":"Ein Item, das einem Pokémon zum Tragen\ngegeben werden kann. Es hebt einmalig jede\nnegative Statusveränderung auf.","version_group":{"name":"x-y","url":"http://pokeapi.co/api/v2/version-group/15/"},"language":{"name":"de","url":"http://pokeapi.co/api/v2/language/6/"}},{"text":"Objet à tenir. Restaure les stats qui ont subi une\nbaisse. Ne peut être utilisé qu’une fois.","version_group":{"name":"x-y","url":"http://pokeapi.co/api/v2/version-group/15/"},"language":{"name":"fr","url":"http://pokeapi.co/api/v2/language/5/"}},{"text":"지니게 한 포켓몬의 능력이\n떨어졌을 때 한 번만 원래\n상태로 돌아온다.","version_group":{"name":"x-y","url":"http://pokeapi.co/api/v2/version-group/15/"},"language":{"name":"ko","url":"http://pokeapi.co/api/v2/language/3/"}},{"text":"もたせた　ポケモンの　のうりょくが\nさがったとき　いちどだけ　もとの\nじょうたいに　もどす。","version_group":{"name":"x-y","url":"http://pokeapi.co/api/v2/version-group/15/"},"language":{"name":"ja","url":"http://pokeapi.co/api/v2/language/1/"}},{"text":"An item to be held by a Pokémon.\nIt restores any lowered stat in\nbattle. It can be used only once.","version_group":{"name":"black-2-white-2","url":"http://pokeapi.co/api/v2/version-group/14/"},"language":{"name":"en","url":"http://pokeapi.co/api/v2/language/9/"}},{"text":"An item to be held by a Pokémon.\nIt restores any lowered stat in\nbattle. It can be used only once.","version_group":{"name":"black-white","url":"http://pokeapi.co/api/v2/version-group/11/"},"language":{"name":"en","url":"http://pokeapi.co/api/v2/language/9/"}},{"text":"Objet à tenir qui restaure les stats\nbaissées. Ne peut être utilisé qu’une\nfois.","version_group":{"name":"black-white","url":"http://pokeapi.co/api/v2/version-group/11/"},"language":{"name":"fr","url":"http://pokeapi.co/api/v2/language/5/"}},{"text":"An item to be held by a Pokémon.\nIt restores any lowered stat in\nbattle. It can be used only once.","version_group":{"name":"heartgold-soulsilver","url":"http://pokeapi.co/api/v2/version-group/10/"},"language":{"name":"en","url":"http://pokeapi.co/api/v2/language/9/"}},{"text":"An item to be held by a Pokémon.\nIt restores any lowered stat in\nbattle. It can be used only once.","version_group":{"name":"platinum","url":"http://pokeapi.co/api/v2/version-group/9/"},"language":{"name":"en","url":"http://pokeapi.co/api/v2/language/9/"}},{"text":"An item to be held by a Pokémon.\nIt restores any lowered stat in\nbattle. It can be used only once.","version_group":{"name":"diamond-pearl","url":"http://pokeapi.co/api/v2/version-group/8/"},"language":{"name":"en","url":"http://pokeapi.co/api/v2/language/9/"}},{"text":"An item to be held by a POKéMON.\nIt restores any lowered stat in\nbattle. It can be used only once.","version_group":{"name":"firered-leafgreen","url":"http://pokeapi.co/api/v2/version-group/7/"},"language":{"name":"en","url":"http://pokeapi.co/api/v2/language/9/"}},{"text":"A hold item that\nrestores any\nlowered stat.","version_group":{"name":"emerald","url":"http://pokeapi.co/api/v2/version-group/6/"},"language":{"name":"en","url":"http://pokeapi.co/api/v2/language/9/"}},{"text":"A hold item that\nrestores any\nlowered stat.","version_group":{"name":"ruby-sapphire","url":"http://pokeapi.co/api/v2/version-group/5/"},"language":{"name":"en","url":"http://pokeapi.co/api/v2/language/9/"}}],"game_indices":[{"game_index":214,"generation":{"name":"generation-vi","url":"http://pokeapi.co/api/v2/generation/6/"}},{"game_index":214,"generation":{"name":"generation-v","url":"http://pokeapi.co/api/v2/generation/5/"}},{"game_index":214,"generation":{"name":"generation-iv","url":"http://pokeapi.co/api/v2/generation/4/"}},{"game_index":180,"generation":{"name":"generation-iii","url":"http://pokeapi.co/api/v2/generation/3/"}}],"names":[{"name":"White Herb","language":{"name":"en","url":"http://pokeapi.co/api/v2/language/9/"}},{"name":"Erbachiara","language":{"name":"it","url":"http://pokeapi.co/api/v2/language/8/"}},{"name":"Hierba Blanca","language":{"name":"es","url":"http://pokeapi.co/api/v2/language/7/"}},{"name":"Schlohkraut","language":{"name":"de","url":"http://pokeapi.co/api/v2/language/6/"}},{"name":"Herbe Blanche","language":{"name":"fr","url":"http://pokeapi.co/api/v2/language/5/"}},{"name":"하양허브","language":{"name":"ko","url":"http://pokeapi.co/api/v2/language/3/"}},{"name":"しろいハーブ","language":{"name":"ja","url":"http://pokeapi.co/api/v2/language/1/"}}],"held_by_pokemon":[],"baby_trigger_for":null}