{"id":126,"name":"cheri-berry","cost":20,"fling_power":10,"fling_effect":{"name":"berry-effect","url":"http://pokeapi.co/api/v2/item-fling-effect/3/"},"attributes":[{"name":"holdable-active","url":"http://pokeapi.co/api/v2/item-attribute/7/"}],"category":{"name":"medicine","url":"http://pokeapi.co/api/v2/item-category/3/"},"effect_entries":[{"effect":"Held in battle\n:   When the holder is paralyzed, it consumes this item to cure the paralysis.\n\nUsed on a party Pokémon\n:   Cures paralysis.","short_effect":"Held: Consumed when paralyzed to cure paralysis.","language":{"name":"en","url":"http://pokeapi.co/api/v2/language/9/"}}],"flavor_text_entries":[{"text":"ポケモンに　持たせると\nまひを　回復する。\n","version_group":{"name":"x-y","url":"http://pokeapi.co/api/v2/version-group/15/"},"language":{"name":"ja-kanji","url":"http://pokeapi.co/api/v2/language/11/"}},{"text":"A Berry to be consumed by Pokémon.\nIf a Pokémon holds one, it can recover\nfrom paralysis on its own in battle.","version_group":{"name":"x-y","url":"http://pokeapi.co/api/v2/version-group/15/"},"language":{"name":"en","url":"http://pokeapi.co/api/v2/language/9/"}},{"text":"Se un Pokémon ha questa bacca, guarisce dalla\nparalisi.","version_group":{"name":"x-y","url":"http://pokeapi.co/api/v2/version-group/15/"},"language":{"name":"it","url":"http://pokeapi.co/api/v2/language/8/"}},{"text":"Una baya muy rara en la región de Teselia.","version_group":{"name":"x-y","url":"http://pokeapi.co/api/v2/version-group/15/"},"language":{"name":"es","url":"http://pokeapi.co/api/v2/language/7/"}},{"text":"Gibst du die Beere einem Pokémon zum Tragen,\nheilt diese es von Paralyse.","version_group":{"name":"x-y","url":"http://pokeapi.co/api/v2/version-group/15/"},"language":{"name":"de","url":"http://pokeapi.co/api/v2/language/6/"}},{"text":"Une Baie qui soigne la paralysie lorsqu’elle est\ntenue par un Pokémon.","version_group":{"name":"x-y","url":"http://pokeapi.co/api/v2/version-group/15/"},"language":{"name":"fr","url":"http://pokeapi.co/api/v2/language/5/"}},{"text":"포켓몬에게 지니게 하면\n마비를 회복한다.","version_group":{"name":"x-y","url":"http://pokeapi.co/api/v2/version-group/15/"},"language":{"name":"ko","url":"http://pokeapi.co/api/v2/language/3/"}},{"text":"ポケモンに　もたせると\nまひを　かいふくする。\n","version_group":{"name":"x-y","url":"http://pokeapi.co/api/v2/version-group/15/"},"language":{"name":"ja","url":"http://pokeapi.co/api/v2/language/1/"}},{"text":"If held by a Pokémon,\nit recovers from paralysis.","version_group":{"name":"black-2-white-2","url":"http://pokeapi.co/api/v2/version-group/14/"},"language":{"name":"en","url":"http://pokeapi.co/api/v2/language/9/"}},{"text":"If held by a Pokémon, \nit recovers from paralysis.","version_group":{"name":"black-white","url":"http://pokeapi.co/api/v2/version-group/11/"},"language":{"name":"en","url":"http://pokeapi.co/api/v2/language/9/"}},{"text":"Baie qui soigne la paralysie lorsqu’elle\nest tenue par un Pokémon.","version_group":{"name":"black-white","url":"http://pokeapi.co/api/v2/version-group/11/"},"language":{"name":"fr","url":"http://pokeapi.co/api/v2/language/5/"}},{"text":"It may be used or held by a Pokémon to\nrecover from paralysis.","version_group":{"name":"heartgold-soulsilver","url":"http://pokeapi.co/api/v2/version-group/10/"},"language":{"name":"en","url":"http://pokeapi.co/api/v2/language/9/"}},{"text":"A Poffin ingredient. It may be used\nor held by a Pokémon to recover from\nparalysis.","version_group":{"name":"platinum","url":"http://pokeapi.co/api/v2/version-group/9/"},"language":{"name":"en","url":"http://pokeapi.co/api/v2/language/9/"}},{"text":"A Poffin ingredient. It may be used\nor held by a Pokémon to recover from\nparalysis.","version_group":{"name":"diamond-pearl","url":"http://pokeapi.co/api/v2/version-group/8/"},"language":{"name":"en","url":"http://pokeapi.co/api/v2/language/9/"}},{"text":"When held by a POKéMON, it will be\nused in battle to heal paralysis.","version_group":{"name":"firered-leafgreen","url":"http://pokeapi.co/api/v2/version-group/7/"},"language":{"name":"en","url":"http://pokeapi.co/api/v2/language/9/"}},{"text":"A hold item that\nheals paralysis\nin battle.","version_group":{"name":"emerald","url":"http://pokeapi.co/api/v2/version-group/6/"},"language":{"name":"en","url":"http://pokeapi.co/api/v2/language/9/"}},{"text":"A hold item that\nheals paralysis\nin battle.","version_group":{"name":"ruby-sapphire","url":"http://pokeapi.co/api/v2/version-group/5/"},"language":{"name":"en","url":"http://pokeapi.co/api/v2/language/9/"}}],"game_indices":[{"game_index":149,"generation":{"name":"generation-vi","url":"http://pokeapi.co/api/v2/generation/6/"}},{"game_index":149,"generation":{"name":"generation-v","url":"http://pokeapi.co/api/v2/generation/5/"}},{"game_index":149,"generation":{"name":"generation-iv","url":"http://pokeapi.co/api/v2/generation/4/"}},{"game_index":133,"generation":{"name":"generation-iii","url":"http://pokeapi.co/api/v2/generation/3/"}}],"names":[{"name":"Cheri Berry","language":{"name":"en","url":"http://pokeapi.co/api/v2/language/9/"}},{"name":"Baccaliegia","language":{"name":"it","url":"http://pokeapi.co/api/v2/language/8/"}},{"name":"Baya Zreza","language":{"name":"es","url":"http://pokeapi.co/api/v2/language/7/"}},{"name":"Amrenabeere","language":{"name":"de","url":"http://pokeapi.co/api/v2/language/6/"}},{"name":"Baie Ceriz","language":{"name":"fr","url":"http://pokeapi.co/api/v2/language/5/"}},{"name":"버치열매","language":{"name":"ko","url":"http://pokeapi.co/api/v2/language/3/"}},{"name":"クラボのみ","language":{"name":"ja","url":"http://pokeapi.co/api/v2/language/1/"}}],"held_by_pokemon":[{"pokemon":{"name":"glameow","url":"http://pokeapi.co/api/v2/pokemon/431/"},"version_details":[{"rarity":5,"version":{"name":"white-2","url":"http://pokeapi.co/api/v2/version/22/"}},{"rarity":5,"version":{"name":"black-2","url":"http://pokeapi.co/api/v2/version/21/"}},{"rarity":5,"version":{"name":"white","url":"http://pokeapi.co/api/v2/version/18/"}},{"rarity":5,"version":{"name":"black","url":"http://pokeapi.co/api/v2/version/17/"}},{"rarity":5,"version":{"name":"soulsilver","url":"http://pokeapi.co/api/v2/version/16/"}},{"rarity":5,"version":{"name":"heartgold","url":"http://pokeapi.co/api/v2/version/15/"}},{"rarity":5,"version":{"name":"platinum","url":"http://pokeapi.co/api/v2/version/14/"}},{"rarity":5,"version":{"name":"pearl","url":"http://pokeapi.co/api/v2/version/13/"}},{"rarity":5,"version":{"name":"diamond","url":"http://pokeapi.co/api/v2/version/12/"}}]},{"pokemon":{"name":"purugly","url":"http://pokeapi.co/api/v2/pokemon/432/"},"version_details":[{"rarity":5,"version":{"name":"white-2","url":"http://pokeapi.co/api/v2/version/22/"}},{"rarity":5,"version":{"name":"black-2","url":"http://pokeapi.co/api/v2/version/21/"}},{"rarity":5,"version":{"name":"white","url":"http://pokeapi.co/api/v2/version/18/"}},{"rarity":5,"version":{"name":"black","url":"http://pokeapi.co/api/v2/version/17/"}},{"rarity":5,"version":{"name":"soulsilver","url":"http://pokeapi.co/api/v2/version/16/"}},{"rarity":5,"version":{"name":"heartgold","url":"http://pokeapi.co/api/v2/version/15/"}},{"rarity":5,"version":{"name":"platinum","url":"http://pokeapi.co/api/v2/version/14/"}},{"rarity":5,"version":{"name":"pearl","url":"http://pokeapi.co/api/v2/version/13/"}},{"rarity":5,"version":{"name":"diamond","url":"http://pokeapi.co/api/v2/version/12/"}}]},{"pokemon":{"name":"blitzle","url":"http://pokeapi.co/api/v2/pokemon/522/"},"version_details":[{"rarity":50,"version":{"name":"white-2","url":"http://pokeapi.co/api/v2/version/22/"}},{"rarity":50,"version":{"name":"black-2","url":"http://pokeapi.co/api/v2/version/21/"}},{"rarity":50,"version":{"name":"white","url":"http://pokeapi.co/api/v2/version/18/"}},{"rarity":50,"version":{"name":"black","url":"http://pokeapi.co/api/v2/version/17/"}}]},{"pokemon":{"name":"zebstrika","url":"http://pokeapi.co/api/v2/pokemon/523/"},"version_details":[{"rarity":50,"version":{"name":"white-2","url":"http://pokeapi.co/api/v2/version/22/"}},{"rarity":50,"version":{"name":"black-2","url":"http://pokeapi.co/api/v2/version/21/"}},{"rarity":50,"version":{"name":"white","url":"http://pokeapi.co/api/v2/version/18/"}},{"rarity":50,"version":{"name":"black","url":"http://pokeapi.co/api/v2/version/17/"}}]},{"pokemon":{"name":"emolga","url":"http://pokeapi.co/api/v2/pokemon/587/"},"version_details":[{"rarity":100,"version":{"name":"white-2","url":"http://pokeapi.co/api/v2/version/22/"}},{"rarity":100,"version":{"name":"black-2","url":"http://pokeapi.co/api/v2/version/21/"}},{"rarity":100,"version":{"name":"white","url":"http://pokeapi.co/api/v2/version/18/"}},{"rarity":100,"version":{"name":"black","url":"http://pokeapi.co/api/v2/version/17/"}}]}],"baby_trigger_for":null}