{"id":102,"name":"dome-fossil","cost":1000,"fling_power":100,"fling_effect":null,"attributes":[{"name":"underground","url":"http://pokeapi.co/api/v2/item-attribute/8/"}],"category":{"name":"dex-completion","url":"http://pokeapi.co/api/v2/item-category/35/"},"effect_entries":[{"effect":"Give to a scientist in the mining museum in oreburgh city or the Museum of Science in pewter city to receive a kabuto.","short_effect":"Can be revived into a Kabuto.","language":{"name":"en","url":"http://pokeapi.co/api/v2/language/9/"}}],"flavor_text_entries":[{"text":"大昔　海に　すんでいた\n古代ポケモンの　カセキ。\nこうらの　一部らしい。","version_group":{"name":"x-y","url":"http://pokeapi.co/api/v2/version-group/15/"},"language":{"name":"ja-kanji","url":"http://pokeapi.co/api/v2/language/11/"}},{"text":"A fossil from a prehistoric Pokémon\nthat once lived in the sea. It could\nbe a shell or carapace.","version_group":{"name":"x-y","url":"http://pokeapi.co/api/v2/version-group/15/"},"language":{"name":"en","url":"http://pokeapi.co/api/v2/language/9/"}},{"text":"Fossile di un Pokémon preistorico che viveva in\nmare. Sembra essere parte di una corazza.","version_group":{"name":"x-y","url":"http://pokeapi.co/api/v2/version-group/15/"},"language":{"name":"it","url":"http://pokeapi.co/api/v2/language/8/"}},{"text":"Fósil de un Pokémon ancestral que vivió en el\nfondo del mar. Parece ser un fragmento de\nconcha.","version_group":{"name":"x-y","url":"http://pokeapi.co/api/v2/version-group/15/"},"language":{"name":"es","url":"http://pokeapi.co/api/v2/language/7/"}},{"text":"Das Fossil eines uralten Pokémon, das in der\nTiefsee lebte. Es sieht wie eine Muschelschale\noder ein Rückenschild aus.","version_group":{"name":"x-y","url":"http://pokeapi.co/api/v2/version-group/15/"},"language":{"name":"de","url":"http://pokeapi.co/api/v2/language/6/"}},{"text":"Le fossile d’un ancien Pokémon aquatique.\nOn dirait un morceau de carapace.","version_group":{"name":"x-y","url":"http://pokeapi.co/api/v2/version-group/15/"},"language":{"name":"fr","url":"http://pokeapi.co/api/v2/language/5/"}},{"text":"오랜 옛날 바다에 살았던\n고대 포켓몬의 화석.\n등껍질의 일부인 듯하다.","version_group":{"name":"x-y","url":"http://pokeapi.co/api/v2/version-group/15/"},"language":{"name":"ko","url":"http://pokeapi.co/api/v2/language/3/"}},{"text":"おおむかし　うみに　すんでいた\nこだい　ポケモンの　カセキ。\nこうらの　いちぶ　らしい。","version_group":{"name":"x-y","url":"http://pokeapi.co/api/v2/version-group/15/"},"language":{"name":"ja","url":"http://pokeapi.co/api/v2/language/1/"}},{"text":"A fossil of an ancient Pokémon that\nlived in the sea. It appears to be\npart of a shell.","version_group":{"name":"black-2-white-2","url":"http://pokeapi.co/api/v2/version-group/14/"},"language":{"name":"en","url":"http://pokeapi.co/api/v2/language/9/"}},{"text":"A fossil of an ancient Pokémon that\nlived in the sea. It appears to be\npart of a shell.","version_group":{"name":"black-white","url":"http://pokeapi.co/api/v2/version-group/11/"},"language":{"name":"en","url":"http://pokeapi.co/api/v2/language/9/"}},{"text":"Fossile d’un ancien Pokémon aquatique.\nOn dirait un morceau de carapace.","version_group":{"name":"black-white","url":"http://pokeapi.co/api/v2/version-group/11/"},"language":{"name":"fr","url":"http://pokeapi.co/api/v2/language/5/"}},{"text":"A fossil of an ancient Pokémon that\nlived in the sea. It appears to be\npart of a shell.","version_group":{"name":"heartgold-soulsilver","url":"http://pokeapi.co/api/v2/version-group/10/"},"language":{"name":"en","url":"http://pokeapi.co/api/v2/language/9/"}},{"text":"A fossil of an ancient Pokémon that\nlived in the sea. It appears to be\npart of a shell.","version_group":{"name":"platinum","url":"http://pokeapi.co/api/v2/version-group/9/"},"language":{"name":"en","url":"http://pokeapi.co/api/v2/language/9/"}},{"text":"A fossil of an ancient Pokémon that\nlived in the sea. It appears to be\npart of a shell.","version_group":{"name":"diamond-pearl","url":"http://pokeapi.co/api/v2/version-group/8/"},"language":{"name":"en","url":"http://pokeapi.co/api/v2/language/9/"}},{"text":"A fossil of an ancient, seafloor-\ndwelling POKéMON. It appears to be\npart of a shell.","version_group":{"name":"firered-leafgreen","url":"http://pokeapi.co/api/v2/version-group/7/"},"language":{"name":"en","url":"http://pokeapi.co/api/v2/language/9/"}},{"text":"A piece of an\nancient marine\nPOKéMON’s shell.","version_group":{"name":"emerald","url":"http://pokeapi.co/api/v2/version-group/6/"},"language":{"name":"en","url":"http://pokeapi.co/api/v2/language/9/"}}],"game_indices":[{"game_index":102,"generation":{"name":"generation-vi","url":"http://pokeapi.co/api/v2/generation/6/"}},{"game_index":102,"generation":{"name":"generation-v","url":"http://pokeapi.co/api/v2/generation/5/"}},{"game_index":102,"generation":{"name":"generation-iv","url":"http://pokeapi.co/api/v2/generation/4/"}},{"game_index":358,"generation":{"name":"generation-iii","url":"http://pokeapi.co/api/v2/generation/3/"}}],"names":[{"name":"Dome Fossil","language":{"name":"en","url":"http://pokeapi.co/api/v2/language/9/"}},{"name":"Domofossile","language":{"name":"it","url":"http://pokeapi.co/api/v2/language/8/"}},{"name":"Fósil Domo","language":{"name":"es","url":"http://pokeapi.co/api/v2/language/7/"}},{"name":"Domfossil","language":{"name":"de","url":"http://pokeapi.co/api/v2/language/6/"}},{"name":"Fossile Dôme","language":{"name":"fr","url":"http://pokeapi.co/api/v2/language/5/"}},{"name":"껍질화석","language":{"name":"ko","url":"http://pokeapi.co/api/v2/language/3/"}},{"name":"こうらのカセキ","language":{"name":"ja","url":"http://pokeapi.co/api/v2/language/1/"}}],"held_by_pokemon":[],"baby_trigger_for":null}