{"id":13,"name":"dusk-ball","cost":1000,"fling_power":null,"fling_effect":null,"attributes":[{"name":"countable","url":"http://pokeapi.co/api/v2/item-attribute/1/"},{"name":"consumable","url":"http://pokeapi.co/api/v2/item-attribute/2/"},{"name":"usable-in-battle","url":"http://pokeapi.co/api/v2/item-attribute/4/"},{"name":"holdable","url":"http://pokeapi.co/api/v2/item-attribute/5/"}],"category":{"name":"special-balls","url":"http://pokeapi.co/api/v2/item-category/33/"},"effect_entries":[{"effect":"Used in battle\n:   Attempts to catch a wild Pokémon.  If it's currently nighttime or the wild Pokémon was encountered while walking in a cave, this ball has a catch rate of 3.5×.  Otherwise, it has a catch rate of 1×.\n\n    If used in a trainer battle, nothing happens and the ball is lost.","short_effect":"Tries to catch a wild Pokémon.  Success rate is 3.5× at night and in caves.","language":{"name":"en","url":"http://pokeapi.co/api/v2/language/9/"}}],"flavor_text_entries":[{"text":"夜や　どうくつなど　暗いところで\nポケモンが　捕まえやすくなる\nちょっと　変わった　ボール。","version_group":{"name":"x-y","url":"http://pokeapi.co/api/v2/version-group/15/"},"language":{"name":"ja-kanji","url":"http://pokeapi.co/api/v2/language/11/"}},{"text":"A somewhat different Poké Ball that\nmakes it easier to catch wild Pokémon\nat night or in dark places like caves.","version_group":{"name":"x-y","url":"http://pokeapi.co/api/v2/version-group/15/"},"language":{"name":"en","url":"http://pokeapi.co/api/v2/language/9/"}},{"text":"Poké Ball un po’ diversa che rende più facile\ncatturare Pokémon selvatici di notte o in luoghi\nbui come le grotte.","version_group":{"name":"x-y","url":"http://pokeapi.co/api/v2/version-group/15/"},"language":{"name":"it","url":"http://pokeapi.co/api/v2/language/8/"}},{"text":"Es algo particular. Hace que sea más fácil\ncapturar a los Pokémon salvajes por la noche\no en lugares oscuros.","version_group":{"name":"x-y","url":"http://pokeapi.co/api/v2/version-group/15/"},"language":{"name":"es","url":"http://pokeapi.co/api/v2/language/7/"}},{"text":"Ein mysteriöser Ball, geeignet für Einsätze in der\nNacht oder an dunklen Orten.","version_group":{"name":"x-y","url":"http://pokeapi.co/api/v2/version-group/15/"},"language":{"name":"de","url":"http://pokeapi.co/api/v2/language/6/"}},{"text":"Une Poké Ball efficace de nuit ou dans les\nendroits sombres, tels que les grottes.","version_group":{"name":"x-y","url":"http://pokeapi.co/api/v2/version-group/15/"},"language":{"name":"fr","url":"http://pokeapi.co/api/v2/language/5/"}},{"text":"밤이나 동굴 등 어두운 곳에서\n포켓몬을 잡기 쉬운\n조금 특이한 볼.","version_group":{"name":"x-y","url":"http://pokeapi.co/api/v2/version-group/15/"},"language":{"name":"ko","url":"http://pokeapi.co/api/v2/language/3/"}},{"text":"よるや　どうくつなど　くらいところで\nポケモンが　つかまえやすくなる\nちょっと　かわった　ボール。","version_group":{"name":"x-y","url":"http://pokeapi.co/api/v2/version-group/15/"},"language":{"name":"ja","url":"http://pokeapi.co/api/v2/language/1/"}},{"text":"A somewhat different Poké Ball that\nmakes it easier to catch wild Pokémon\nat night or in dark places like caves.","version_group":{"name":"black-2-white-2","url":"http://pokeapi.co/api/v2/version-group/14/"},"language":{"name":"en","url":"http://pokeapi.co/api/v2/language/9/"}},{"text":"A somewhat different Poké Ball that\nmakes it easier to catch wild Pokémon\nat night or in dark places like caves.","version_group":{"name":"black-white","url":"http://pokeapi.co/api/v2/version-group/11/"},"language":{"name":"en","url":"http://pokeapi.co/api/v2/language/9/"}},{"text":"Une Poké Ball efficace pour attraper\nles Pokémon de nuit ou dans des\nendroits sombres tels que les grottes.","version_group":{"name":"black-white","url":"http://pokeapi.co/api/v2/version-group/11/"},"language":{"name":"fr","url":"http://pokeapi.co/api/v2/language/5/"}},{"text":"A somewhat different Poké Ball that\nmakes it easier to catch wild Pokémon\nat night or in dark places like caves.","version_group":{"name":"heartgold-soulsilver","url":"http://pokeapi.co/api/v2/version-group/10/"},"language":{"name":"en","url":"http://pokeapi.co/api/v2/language/9/"}},{"text":"A somewhat different Poké Ball that\nmakes it easier to catch wild Pokémon\nat night or in dark places like caves.","version_group":{"name":"platinum","url":"http://pokeapi.co/api/v2/version-group/9/"},"language":{"name":"en","url":"http://pokeapi.co/api/v2/language/9/"}},{"text":"A somewhat different Poké Ball that\nmakes it easier to catch wild Pokémon\nat night or in dark places like caves.","version_group":{"name":"diamond-pearl","url":"http://pokeapi.co/api/v2/version-group/8/"},"language":{"name":"en","url":"http://pokeapi.co/api/v2/language/9/"}}],"game_indices":[{"game_index":13,"generation":{"name":"generation-vi","url":"http://pokeapi.co/api/v2/generation/6/"}},{"game_index":13,"generation":{"name":"generation-v","url":"http://pokeapi.co/api/v2/generation/5/"}},{"game_index":13,"generation":{"name":"generation-iv","url":"http://pokeapi.co/api/v2/generation/4/"}}],"names":[{"name":"Dusk Ball","language":{"name":"en","url":"http://pokeapi.co/api/v2/language/9/"}},{"name":"Scuro Ball","language":{"name":"it","url":"http://pokeapi.co/api/v2/language/8/"}},{"name":"Ocaso Ball","language":{"name":"es","url":"http://pokeapi.co/api/v2/language/7/"}},{"name":"Finsterball","language":{"name":"de","url":"http://pokeapi.co/api/v2/language/6/"}},{"name":"Sombre Ball","language":{"name":"fr","url":"http://pokeapi.co/api/v2/language/5/"}},{"name":"다크볼","language":{"name":"ko","url":"http://pokeapi.co/api/v2/language/3/"}},{"name":"ダークボール","language":{"name":"ja","url":"http://pokeapi.co/api/v2/language/1/"}}],"held_by_pokemon":[],"baby_trigger_for":null}