{"id":12,"name":"premier-ball","cost":200,"fling_power":null,"fling_effect":null,"attributes":[{"name":"countable","url":"http://pokeapi.co/api/v2/item-attribute/1/"},{"name":"consumable","url":"http://pokeapi.co/api/v2/item-attribute/2/"},{"name":"usable-in-battle","url":"http://pokeapi.co/api/v2/item-attribute/4/"},{"name":"holdable","url":"http://pokeapi.co/api/v2/item-attribute/5/"}],"category":{"name":"special-balls","url":"http://pokeapi.co/api/v2/item-category/33/"},"effect_entries":[{"effect":"Used in battle\n:   Attempts to catch a wild Pokémon, using a catch rate of 1×.\n\n    If used in a trainer battle, nothing happens and the ball is lost.","short_effect":"Tries to catch a wild Pokémon.","language":{"name":"en","url":"http://pokeapi.co/api/v2/language/9/"}}],"flavor_text_entries":[{"text":"なにかの　記念の　品として\n特別に　つくられた\nちょっと　珍しい　ボール。","version_group":{"name":"x-y","url":"http://pokeapi.co/api/v2/version-group/15/"},"language":{"name":"ja-kanji","url":"http://pokeapi.co/api/v2/language/11/"}},{"text":"A somewhat rare Poké Ball that was\nmade as a commemorative item used\nto celebrate an event of some sort.","version_group":{"name":"x-y","url":"http://pokeapi.co/api/v2/version-group/15/"},"language":{"name":"en","url":"http://pokeapi.co/api/v2/language/9/"}},{"text":"Poké Ball poco comune realizzata appositamente\nper commemorare un particolare evento.","version_group":{"name":"x-y","url":"http://pokeapi.co/api/v2/version-group/15/"},"language":{"name":"it","url":"http://pokeapi.co/api/v2/language/8/"}},{"text":"Es una Poké Ball algo singular que se creó para\nconmemorar algún acontecimiento.","version_group":{"name":"x-y","url":"http://pokeapi.co/api/v2/version-group/15/"},"language":{"name":"es","url":"http://pokeapi.co/api/v2/language/7/"}},{"text":"Ein eher seltener Ball, der als Reminiszenz\nan irgendein Ereignis hergestellt wurde.","version_group":{"name":"x-y","url":"http://pokeapi.co/api/v2/version-group/15/"},"language":{"name":"de","url":"http://pokeapi.co/api/v2/language/6/"}},{"text":"Une Poké Ball assez rare qui fut créée pour\nun événement particulier.","version_group":{"name":"x-y","url":"http://pokeapi.co/api/v2/version-group/15/"},"language":{"name":"fr","url":"http://pokeapi.co/api/v2/language/5/"}},{"text":"무언가의 기념품으로\n특별히 만들어진\n조금 희귀한 볼.","version_group":{"name":"x-y","url":"http://pokeapi.co/api/v2/version-group/15/"},"language":{"name":"ko","url":"http://pokeapi.co/api/v2/language/3/"}},{"text":"なにかの　きねんの　しなとして\nとくべつに　つくられた\nちょっと　めずらしい　ボール。","version_group":{"name":"x-y","url":"http://pokeapi.co/api/v2/version-group/15/"},"language":{"name":"ja","url":"http://pokeapi.co/api/v2/language/1/"}},{"text":"A somewhat rare Poké Ball that has\nbeen specially made to commemorate\nan event of some sort.","version_group":{"name":"black-2-white-2","url":"http://pokeapi.co/api/v2/version-group/14/"},"language":{"name":"en","url":"http://pokeapi.co/api/v2/language/9/"}},{"text":"A somewhat rare Poké Ball that has\nbeen specially made to commemorate\nan event of some sort.","version_group":{"name":"black-white","url":"http://pokeapi.co/api/v2/version-group/11/"},"language":{"name":"en","url":"http://pokeapi.co/api/v2/language/9/"}},{"text":"Une Poké Ball assez rare qui fut créée\npour un événement particulier.","version_group":{"name":"black-white","url":"http://pokeapi.co/api/v2/version-group/11/"},"language":{"name":"fr","url":"http://pokeapi.co/api/v2/language/5/"}},{"text":"A somewhat rare Poké Ball that has\nbeen specially made to commemorate\nan event of some sort.","version_group":{"name":"heartgold-soulsilver","url":"http://pokeapi.co/api/v2/version-group/10/"},"language":{"name":"en","url":"http://pokeapi.co/api/v2/language/9/"}},{"text":"A somewhat rare Poké Ball that has\nbeen specially made to commemorate\nan event of some sort.","version_group":{"name":"platinum","url":"http://pokeapi.co/api/v2/version-group/9/"},"language":{"name":"en","url":"http://pokeapi.co/api/v2/language/9/"}},{"text":"A somewhat rare Poké Ball that has\nbeen specially made to commemorate\nan event of some sort.","version_group":{"name":"diamond-pearl","url":"http://pokeapi.co/api/v2/version-group/8/"},"language":{"name":"en","url":"http://pokeapi.co/api/v2/language/9/"}},{"text":"A rare BALL that has been\nspecially made to commemorate an\nevent of some sort.","version_group":{"name":"firered-leafgreen","url":"http://pokeapi.co/api/v2/version-group/7/"},"language":{"name":"en","url":"http://pokeapi.co/api/v2/language/9/"}},{"text":"A rare BALL made\nin commemoration\nof some event.","version_group":{"name":"emerald","url":"http://pokeapi.co/api/v2/version-group/6/"},"language":{"name":"en","url":"http://pokeapi.co/api/v2/language/9/"}},{"text":"A rare BALL made\nin commemoration\nof some event.","version_group":{"name":"ruby-sapphire","url":"http://pokeapi.co/api/v2/version-group/5/"},"language":{"name":"en","url":"http://pokeapi.co/api/v2/language/9/"}}],"game_indices":[{"game_index":12,"generation":{"name":"generation-vi","url":"http://pokeapi.co/api/v2/generation/6/"}},{"game_index":12,"generation":{"name":"generation-v","url":"http://pokeapi.co/api/v2/generation/5/"}},{"game_index":12,"generation":{"name":"generation-iv","url":"http://pokeapi.co/api/v2/generation/4/"}},{"game_index":12,"generation":{"name":"generation-iii","url":"http://pokeapi.co/api/v2/generation/3/"}}],"names":[{"name":"Premier Ball","language":{"name":"en","url":"http://pokeapi.co/api/v2/language/9/"}},{"name":"Premier Ball","language":{"name":"it","url":"http://pokeapi.co/api/v2/language/8/"}},{"name":"Honor Ball","language":{"name":"es","url":"http://pokeapi.co/api/v2/language/7/"}},{"name":"Premierball","language":{"name":"de","url":"http://pokeapi.co/api/v2/language/6/"}},{"name":"Honor Ball","language":{"name":"fr","url":"http://pokeapi.co/api/v2/language/5/"}},{"name":"프레미어볼","language":{"name":"ko","url":"http://pokeapi.co/api/v2/language/3/"}},{"name":"プレミアボール","language":{"name":"ja","url":"http://pokeapi.co/api/v2/language/1/"}}],"held_by_pokemon":[],"baby_trigger_for":null}