{"id":358,"name":"tm54","cost":2000,"fling_power":null,"fling_effect":null,"attributes":[],"category":{"name":"all-machines","url":"http://pokeapi.co/api/v2/item-category/37/"},"effect_entries":[{"effect":"Teaches False Swipe to a compatible Pokémon.","short_effect":"Teaches False Swipe to a compatible Pokémon.","language":{"name":"en","url":"http://pokeapi.co/api/v2/language/9/"}}],"flavor_text_entries":[{"text":"相手の　ＨＰが\n必ず　１だけ　残るように\n手加減して　攻撃する。","version_group":{"name":"x-y","url":"http://pokeapi.co/api/v2/version-group/15/"},"language":{"name":"ja-kanji","url":"http://pokeapi.co/api/v2/language/11/"}},{"text":"A restrained attack that prevents the\ntarget from fainting. The target is left\nwith at least 1 HP.","version_group":{"name":"x-y","url":"http://pokeapi.co/api/v2/version-group/15/"},"language":{"name":"en","url":"http://pokeapi.co/api/v2/language/9/"}},{"text":"Chi la usa trattiene il colpo per impedire al nemico\ndi andare KO, lasciandolo con almeno un PS.","version_group":{"name":"x-y","url":"http://pokeapi.co/api/v2/version-group/15/"},"language":{"name":"it","url":"http://pokeapi.co/api/v2/language/8/"}},{"text":"Apuñala al objetivo desde abajo con piedras\nafiladas. Su índice de golpe crítico es muy alto.","version_group":{"name":"x-y","url":"http://pokeapi.co/api/v2/version-group/15/"},"language":{"name":"es","url":"http://pokeapi.co/api/v2/language/7/"}},{"text":"Eine zurückhaltende Attacke, die eine\nKampfunfähigkeit des Zieles verhindert,\nda dem Ziel mindestens 1 KP bleibt.","version_group":{"name":"x-y","url":"http://pokeapi.co/api/v2/version-group/15/"},"language":{"name":"de","url":"http://pokeapi.co/api/v2/language/6/"}},{"text":"Le lanceur retient ses coups pour que l’ennemi\ngarde au moins 1 PV et ne tombe pas K.O.","version_group":{"name":"x-y","url":"http://pokeapi.co/api/v2/version-group/15/"},"language":{"name":"fr","url":"http://pokeapi.co/api/v2/language/5/"}},{"text":"상대의 HP가\n반드시 1만큼 남도록\n조절하여 공격한다.","version_group":{"name":"x-y","url":"http://pokeapi.co/api/v2/version-group/15/"},"language":{"name":"ko","url":"http://pokeapi.co/api/v2/language/3/"}},{"text":"てかげんして　こうげきする。\nこうげきした　あいての　ＨＰは\nかならず　１　のこる。","version_group":{"name":"x-y","url":"http://pokeapi.co/api/v2/version-group/15/"},"language":{"name":"ja","url":"http://pokeapi.co/api/v2/language/1/"}},{"text":"A restrained attack that prevents the\ntarget from fainting. The target is left\nwith at least 1 HP.","version_group":{"name":"black-2-white-2","url":"http://pokeapi.co/api/v2/version-group/14/"},"language":{"name":"en","url":"http://pokeapi.co/api/v2/language/9/"}},{"text":"A restrained attack that prevents the\ntarget from fainting. The target is left\nwith at least 1 HP.","version_group":{"name":"black-white","url":"http://pokeapi.co/api/v2/version-group/11/"},"language":{"name":"en","url":"http://pokeapi.co/api/v2/language/9/"}},{"text":"Le lanceur retient ses coups pour\nque l’ennemi garde au moins 1 PV et\nne tombe pas K.O.","version_group":{"name":"black-white","url":"http://pokeapi.co/api/v2/version-group/11/"},"language":{"name":"fr","url":"http://pokeapi.co/api/v2/language/5/"}},{"text":"A restrained attack that prevents the\nfoe from fainting. The target is left\nwith at least 1 HP.","version_group":{"name":"heartgold-soulsilver","url":"http://pokeapi.co/api/v2/version-group/10/"},"language":{"name":"en","url":"http://pokeapi.co/api/v2/language/9/"}},{"text":"A restrained attack that prevents the\nfoe from fainting. The target is left\nwith at least 1 HP.","version_group":{"name":"platinum","url":"http://pokeapi.co/api/v2/version-group/9/"},"language":{"name":"en","url":"http://pokeapi.co/api/v2/language/9/"}},{"text":"A restrained attack that prevents the\nfoe from fainting. The target is left\nwith at least 1 HP.","version_group":{"name":"diamond-pearl","url":"http://pokeapi.co/api/v2/version-group/8/"},"language":{"name":"en","url":"http://pokeapi.co/api/v2/language/9/"}}],"game_indices":[{"game_index":381,"generation":{"name":"generation-vi","url":"http://pokeapi.co/api/v2/generation/6/"}},{"game_index":381,"generation":{"name":"generation-v","url":"http://pokeapi.co/api/v2/generation/5/"}},{"game_index":381,"generation":{"name":"generation-iv","url":"http://pokeapi.co/api/v2/generation/4/"}}],"names":[{"name":"TM54","language":{"name":"en","url":"http://pokeapi.co/api/v2/language/9/"}},{"name":"MT54","language":{"name":"it","url":"http://pokeapi.co/api/v2/language/8/"}},{"name":"MT54","language":{"name":"es","url":"http://pokeapi.co/api/v2/language/7/"}},{"name":"TM54","language":{"name":"de","url":"http://pokeapi.co/api/v2/language/6/"}},{"name":"CT54","language":{"name":"fr","url":"http://pokeapi.co/api/v2/language/5/"}},{"name":"기술머신54","language":{"name":"ko","url":"http://pokeapi.co/api/v2/language/3/"}},{"name":"わざマシン５４","language":{"name":"ja","url":"http://pokeapi.co/api/v2/language/1/"}}],"held_by_pokemon":[],"baby_trigger_for":null}