{"id":21,"name":"awakening","cost":250,"fling_power":30,"fling_effect":null,"attributes":[{"name":"countable","url":"http://pokeapi.co/api/v2/item-attribute/1/"},{"name":"consumable","url":"http://pokeapi.co/api/v2/item-attribute/2/"},{"name":"usable-overworld","url":"http://pokeapi.co/api/v2/item-attribute/3/"},{"name":"usable-in-battle","url":"http://pokeapi.co/api/v2/item-attribute/4/"},{"name":"holdable","url":"http://pokeapi.co/api/v2/item-attribute/5/"}],"category":{"name":"status-cures","url":"http://pokeapi.co/api/v2/item-category/30/"},"effect_entries":[{"effect":"Used on a party Pokémon\n:   Cures sleep.","short_effect":"Cures sleep.","language":{"name":"en","url":"http://pokeapi.co/api/v2/language/9/"}}],"flavor_text_entries":[{"text":"スプレー式の　薬。\nポケモン　１匹の　ねむりの\n状態を　回復する。","version_group":{"name":"x-y","url":"http://pokeapi.co/api/v2/version-group/15/"},"language":{"name":"ja-kanji","url":"http://pokeapi.co/api/v2/language/11/"}},{"text":"A spray-type medicine used against\nsleep. It can be used once to rouse a\nPokémon from the clutches of sleep.","version_group":{"name":"x-y","url":"http://pokeapi.co/api/v2/version-group/15/"},"language":{"name":"en","url":"http://pokeapi.co/api/v2/language/9/"}},{"text":"Rimedio spray.\nSveglia un Pokémon addormentato.","version_group":{"name":"x-y","url":"http://pokeapi.co/api/v2/version-group/15/"},"language":{"name":"it","url":"http://pokeapi.co/api/v2/language/8/"}},{"text":"Medicina en espray que libera a un Pokémon de\nlas garras del sueño.","version_group":{"name":"x-y","url":"http://pokeapi.co/api/v2/version-group/15/"},"language":{"name":"es","url":"http://pokeapi.co/api/v2/language/7/"}},{"text":"Ein Spray, das ein schlafendes Pokémon\naufweckt.","version_group":{"name":"x-y","url":"http://pokeapi.co/api/v2/version-group/15/"},"language":{"name":"de","url":"http://pokeapi.co/api/v2/language/6/"}},{"text":"Un médicament sous forme de spray.\nRéveille un Pokémon endormi.","version_group":{"name":"x-y","url":"http://pokeapi.co/api/v2/version-group/15/"},"language":{"name":"fr","url":"http://pokeapi.co/api/v2/language/5/"}},{"text":"스프레이식의 약.\n포켓몬 1마리의\n잠듦 상태를 회복한다.","version_group":{"name":"x-y","url":"http://pokeapi.co/api/v2/version-group/15/"},"language":{"name":"ko","url":"http://pokeapi.co/api/v2/language/3/"}},{"text":"スプレーしきの　くすり。\nポケモン　１ひきの　ねむりの\nじょうたいを　かいふくする。","version_group":{"name":"x-y","url":"http://pokeapi.co/api/v2/version-group/15/"},"language":{"name":"ja","url":"http://pokeapi.co/api/v2/language/1/"}},{"text":"A spray-type medicine.\nIt awakens a Pokémon from the\nclutches of sleep.","version_group":{"name":"black-2-white-2","url":"http://pokeapi.co/api/v2/version-group/14/"},"language":{"name":"en","url":"http://pokeapi.co/api/v2/language/9/"}},{"text":"A spray-type medicine.\nIt awakens a Pokémon from the\nclutches of sleep.","version_group":{"name":"black-white","url":"http://pokeapi.co/api/v2/version-group/11/"},"language":{"name":"en","url":"http://pokeapi.co/api/v2/language/9/"}},{"text":"Un médicament sous forme de spray.\nRéveille un Pokémon endormi.","version_group":{"name":"black-white","url":"http://pokeapi.co/api/v2/version-group/11/"},"language":{"name":"fr","url":"http://pokeapi.co/api/v2/language/5/"}},{"text":"A spray-type medicine.\nIt awakens a Pokémon from the\nclutches of sleep.","version_group":{"name":"heartgold-soulsilver","url":"http://pokeapi.co/api/v2/version-group/10/"},"language":{"name":"en","url":"http://pokeapi.co/api/v2/language/9/"}},{"text":"A spray-type medicine.\nIt awakens a Pokémon from the\nclutches of sleep.","version_group":{"name":"platinum","url":"http://pokeapi.co/api/v2/version-group/9/"},"language":{"name":"en","url":"http://pokeapi.co/api/v2/language/9/"}},{"text":"A spray-type medicine.\nIt awakens a Pokémon from the\nclutches of sleep.","version_group":{"name":"diamond-pearl","url":"http://pokeapi.co/api/v2/version-group/8/"},"language":{"name":"en","url":"http://pokeapi.co/api/v2/language/9/"}},{"text":"A spray-type medicine.\nIt awakens a sleeping POKéMON.","version_group":{"name":"firered-leafgreen","url":"http://pokeapi.co/api/v2/version-group/7/"},"language":{"name":"en","url":"http://pokeapi.co/api/v2/language/9/"}},{"text":"Awakens a sleeping\nPOKéMON.","version_group":{"name":"emerald","url":"http://pokeapi.co/api/v2/version-group/6/"},"language":{"name":"en","url":"http://pokeapi.co/api/v2/language/9/"}},{"text":"Awakens a sleeping\nPOKéMON.","version_group":{"name":"ruby-sapphire","url":"http://pokeapi.co/api/v2/version-group/5/"},"language":{"name":"en","url":"http://pokeapi.co/api/v2/language/9/"}}],"game_indices":[{"game_index":21,"generation":{"name":"generation-vi","url":"http://pokeapi.co/api/v2/generation/6/"}},{"game_index":21,"generation":{"name":"generation-v","url":"http://pokeapi.co/api/v2/generation/5/"}},{"game_index":21,"generation":{"name":"generation-iv","url":"http://pokeapi.co/api/v2/generation/4/"}},{"game_index":17,"generation":{"name":"generation-iii","url":"http://pokeapi.co/api/v2/generation/3/"}}],"names":[{"name":"Awakening","language":{"name":"en","url":"http://pokeapi.co/api/v2/language/9/"}},{"name":"Sveglia","language":{"name":"it","url":"http://pokeapi.co/api/v2/language/8/"}},{"name":"Despertar","language":{"name":"es","url":"http://pokeapi.co/api/v2/language/7/"}},{"name":"Aufwecker","language":{"name":"de","url":"http://pokeapi.co/api/v2/language/6/"}},{"name":"Réveil","language":{"name":"fr","url":"http://pokeapi.co/api/v2/language/5/"}},{"name":"잠깨는약","language":{"name":"ko","url":"http://pokeapi.co/api/v2/language/3/"}},{"name":"ねむけざまし","language":{"name":"ja","url":"http://pokeapi.co/api/v2/language/1/"}}],"held_by_pokemon":[],"baby_trigger_for":null}