{"id":311,"name":"tm07","cost":2000,"fling_power":null,"fling_effect":null,"attributes":[],"category":{"name":"all-machines","url":"http://pokeapi.co/api/v2/item-category/37/"},"effect_entries":[{"effect":"Teaches Hail to a compatible Pokémon.","short_effect":"Teaches Hail to a compatible Pokémon. (Gen II: Zap Cannon Gen I: Horn Drill)","language":{"name":"en","url":"http://pokeapi.co/api/v2/language/9/"}}],"flavor_text_entries":[{"text":"５ターンの　あいだ　あられを\n降らして　こおりタイプ　以外の\nポケモンに　ダメージを　与える。","version_group":{"name":"x-y","url":"http://pokeapi.co/api/v2/version-group/15/"},"language":{"name":"ja-kanji","url":"http://pokeapi.co/api/v2/language/11/"}},{"text":"The user summons a hailstorm lasting five\nturns. It damages all Pokémon except the\nIce type.","version_group":{"name":"x-y","url":"http://pokeapi.co/api/v2/version-group/15/"},"language":{"name":"en","url":"http://pokeapi.co/api/v2/language/9/"}},{"text":"Chi la usa causa una grandinata che dura\ncinque turni. Danneggia tutti i Pokémon\ntranne quelli di tipo Ghiaccio.","version_group":{"name":"x-y","url":"http://pokeapi.co/api/v2/version-group/15/"},"language":{"name":"it","url":"http://pokeapi.co/api/v2/language/8/"}},{"text":"Ataca al objetivo con una fuerte descarga\neléctrica que puede llegar a paralizar.","version_group":{"name":"x-y","url":"http://pokeapi.co/api/v2/version-group/15/"},"language":{"name":"es","url":"http://pokeapi.co/api/v2/language/7/"}},{"text":"Der verursachte Hagelsturm hält 5 Runden an\nund schadet allen Pokémon, außer denen\nvom Typ Eis.","version_group":{"name":"x-y","url":"http://pokeapi.co/api/v2/version-group/15/"},"language":{"name":"de","url":"http://pokeapi.co/api/v2/language/6/"}},{"text":"Invoque une tempête de grêle qui dure cinq\ntours. Ne blesse pas les Pokémon de type\nGlace.","version_group":{"name":"x-y","url":"http://pokeapi.co/api/v2/version-group/15/"},"language":{"name":"fr","url":"http://pokeapi.co/api/v2/language/5/"}},{"text":"5턴 동안 싸라기눈을\n내리게 해서 얼음타입 이외의\n포켓몬에게 데미지를 준다.","version_group":{"name":"x-y","url":"http://pokeapi.co/api/v2/version-group/15/"},"language":{"name":"ko","url":"http://pokeapi.co/api/v2/language/3/"}},{"text":"５ターンの　あいだ　あられを\nふらして　こおりタイプ　いがいの\nポケモンに　ダメージを　あたえる。","version_group":{"name":"x-y","url":"http://pokeapi.co/api/v2/version-group/15/"},"language":{"name":"ja","url":"http://pokeapi.co/api/v2/language/1/"}},{"text":"Summons a hailstorm that lasts for\nfive turns. The hailstorm damages\nall types except Ice.","version_group":{"name":"black-2-white-2","url":"http://pokeapi.co/api/v2/version-group/14/"},"language":{"name":"en","url":"http://pokeapi.co/api/v2/language/9/"}},{"text":"Summons a hailstorm that lasts for\nfive turns. The hailstorm damages\nall types except Ice.","version_group":{"name":"black-white","url":"http://pokeapi.co/api/v2/version-group/11/"},"language":{"name":"en","url":"http://pokeapi.co/api/v2/language/9/"}},{"text":"Invoque une tempête de grêle qui dure\n5 tours. Ne blesse pas les Pokémon de\ntype Glace.","version_group":{"name":"black-white","url":"http://pokeapi.co/api/v2/version-group/11/"},"language":{"name":"fr","url":"http://pokeapi.co/api/v2/language/5/"}},{"text":"Summons a hailstorm that lasts for\nfive turns. The hailstorm damages\nall types except Ice.","version_group":{"name":"heartgold-soulsilver","url":"http://pokeapi.co/api/v2/version-group/10/"},"language":{"name":"en","url":"http://pokeapi.co/api/v2/language/9/"}},{"text":"Summons a hailstorm that lasts for\nfive turns. The hailstorm damages\nall types except Ice.","version_group":{"name":"platinum","url":"http://pokeapi.co/api/v2/version-group/9/"},"language":{"name":"en","url":"http://pokeapi.co/api/v2/language/9/"}},{"text":"Summons a hailstorm that lasts for\nfive turns. The hailstorm damages\nall types except Ice.","version_group":{"name":"diamond-pearl","url":"http://pokeapi.co/api/v2/version-group/8/"},"language":{"name":"en","url":"http://pokeapi.co/api/v2/language/9/"}},{"text":"A hailstorm lasting\nfive turns damages\nall POKéMON except\nthe ICE-type.","version_group":{"name":"firered-leafgreen","url":"http://pokeapi.co/api/v2/version-group/7/"},"language":{"name":"en","url":"http://pokeapi.co/api/v2/language/9/"}},{"text":"Creates a hailstorm\nthat damages all\ntypes except ICE.","version_group":{"name":"emerald","url":"http://pokeapi.co/api/v2/version-group/6/"},"language":{"name":"en","url":"http://pokeapi.co/api/v2/language/9/"}},{"text":"Summons a hailstorm\nthat hurts all\ntypes except ICE.","version_group":{"name":"ruby-sapphire","url":"http://pokeapi.co/api/v2/version-group/5/"},"language":{"name":"en","url":"http://pokeapi.co/api/v2/language/9/"}}],"game_indices":[{"game_index":334,"generation":{"name":"generation-vi","url":"http://pokeapi.co/api/v2/generation/6/"}},{"game_index":334,"generation":{"name":"generation-v","url":"http://pokeapi.co/api/v2/generation/5/"}},{"game_index":334,"generation":{"name":"generation-iv","url":"http://pokeapi.co/api/v2/generation/4/"}},{"game_index":295,"generation":{"name":"generation-iii","url":"http://pokeapi.co/api/v2/generation/3/"}}],"names":[{"name":"TM07","language":{"name":"en","url":"http://pokeapi.co/api/v2/language/9/"}},{"name":"MT07","language":{"name":"it","url":"http://pokeapi.co/api/v2/language/8/"}},{"name":"MT07","language":{"name":"es","url":"http://pokeapi.co/api/v2/language/7/"}},{"name":"TM07","language":{"name":"de","url":"http://pokeapi.co/api/v2/language/6/"}},{"name":"CT07","language":{"name":"fr","url":"http://pokeapi.co/api/v2/language/5/"}},{"name":"기술머신07","language":{"name":"ko","url":"http://pokeapi.co/api/v2/language/3/"}},{"name":"わざマシン０７","language":{"name":"ja","url":"http://pokeapi.co/api/v2/language/1/"}}],"held_by_pokemon":[],"baby_trigger_for":null}