{"id":139,"name":"aguav-berry","cost":20,"fling_power":10,"fling_effect":{"name":"berry-effect","url":"http://pokeapi.co/api/v2/item-fling-effect/3/"},"attributes":[{"name":"holdable-active","url":"http://pokeapi.co/api/v2/item-attribute/7/"}],"category":{"name":"picky-healing","url":"http://pokeapi.co/api/v2/item-category/6/"},"effect_entries":[{"effect":"Held in battle\n:   When the holder has 1/2 its max HP remaining or less, it consumes this item to restore 1/8 its max HP.  If the holder dislikes bitter flavors (i.e., has a nature that lowers Special Defense), it will also become confused.","short_effect":"Held: Consumed at 1/2 max HP to restore 1/8 max HP. Confuses Pokémon that dislike bitter flavor.","language":{"name":"en","url":"http://pokeapi.co/api/v2/language/9/"}}],"flavor_text_entries":[{"text":"ポケモンに　持たせると\nピンチのとき　ＨＰを　回復する。\nきらいな味だと　混乱する。","version_group":{"name":"x-y","url":"http://pokeapi.co/api/v2/version-group/15/"},"language":{"name":"ja-kanji","url":"http://pokeapi.co/api/v2/language/11/"}},{"text":"If held by a Pokémon, it restores the\nuser’s HP in a pinch, but it will cause\nconfusion if the user hates the taste.","version_group":{"name":"x-y","url":"http://pokeapi.co/api/v2/version-group/15/"},"language":{"name":"en","url":"http://pokeapi.co/api/v2/language/9/"}},{"text":"Se un Pokémon in difficoltà ha questa bacca,\nrecupera dei PS. Se al Pokémon non piace\nil suo sapore, può causare confusione.","version_group":{"name":"x-y","url":"http://pokeapi.co/api/v2/version-group/15/"},"language":{"name":"it","url":"http://pokeapi.co/api/v2/language/8/"}},{"text":"Una baya muy rara en la región de Teselia.","version_group":{"name":"x-y","url":"http://pokeapi.co/api/v2/version-group/15/"},"language":{"name":"es","url":"http://pokeapi.co/api/v2/language/7/"}},{"text":"Als getragenes Item füllt die Beere die KP eines\nPokémon auf, doch ihr Aroma verwirrt jene,\ndie es nicht mögen.","version_group":{"name":"x-y","url":"http://pokeapi.co/api/v2/version-group/15/"},"language":{"name":"de","url":"http://pokeapi.co/api/v2/language/6/"}},{"text":"Tenue, cette Baie restaure des PV en cas\nde besoin, mais rend le Pokémon confus si\nson goût lui déplaît.","version_group":{"name":"x-y","url":"http://pokeapi.co/api/v2/version-group/15/"},"language":{"name":"fr","url":"http://pokeapi.co/api/v2/language/5/"}},{"text":"포켓몬에게 지니게 하면\n위급할 때 HP를 회복한다.\n싫어하는 맛이면 혼란에 빠진다.","version_group":{"name":"x-y","url":"http://pokeapi.co/api/v2/version-group/15/"},"language":{"name":"ko","url":"http://pokeapi.co/api/v2/language/3/"}},{"text":"ポケモンに　もたせると\nピンチのとき　ＨＰを　かいふくする。\nきらいな　あじだと　こんらん　する。","version_group":{"name":"x-y","url":"http://pokeapi.co/api/v2/version-group/15/"},"language":{"name":"ja","url":"http://pokeapi.co/api/v2/language/1/"}},{"text":"If held by a Pokémon, it restores the\nuser’s HP in a pinch, but will cause\nconfusion if it hates the taste.","version_group":{"name":"black-2-white-2","url":"http://pokeapi.co/api/v2/version-group/14/"},"language":{"name":"en","url":"http://pokeapi.co/api/v2/language/9/"}},{"text":"If held by a Pokémon, it restores the\nuser’s HP in a pinch, but will cause\nconfusion if it hates the taste.","version_group":{"name":"black-white","url":"http://pokeapi.co/api/v2/version-group/11/"},"language":{"name":"en","url":"http://pokeapi.co/api/v2/language/9/"}},{"text":"Tenue, cette Baie restaure des PV en\ncas de besoin, mais rend confus si\nle Pokémon n’aime pas son goût.","version_group":{"name":"black-white","url":"http://pokeapi.co/api/v2/version-group/11/"},"language":{"name":"fr","url":"http://pokeapi.co/api/v2/language/5/"}},{"text":"If held by a Pokémon, it restores the\nuser’s HP in a pinch, but will cause\nconfusion if it hates bitter food.","version_group":{"name":"heartgold-soulsilver","url":"http://pokeapi.co/api/v2/version-group/10/"},"language":{"name":"en","url":"http://pokeapi.co/api/v2/language/9/"}},{"text":"A Poffin ingredient. If held by a\nPokémon, it restores the user’s HP in\na pinch, but may also cause confusion.","version_group":{"name":"platinum","url":"http://pokeapi.co/api/v2/version-group/9/"},"language":{"name":"en","url":"http://pokeapi.co/api/v2/language/9/"}},{"text":"A Poffin ingredient. If held by a\nPokémon, it restores the user’s HP in\na pinch, but may also cause confusion.","version_group":{"name":"diamond-pearl","url":"http://pokeapi.co/api/v2/version-group/8/"},"language":{"name":"en","url":"http://pokeapi.co/api/v2/language/9/"}},{"text":"A hold item that restores HP but\nmay cause confusion when used.","version_group":{"name":"firered-leafgreen","url":"http://pokeapi.co/api/v2/version-group/7/"},"language":{"name":"en","url":"http://pokeapi.co/api/v2/language/9/"}},{"text":"A hold item that\nrestores HP but\nmay confuse.","version_group":{"name":"emerald","url":"http://pokeapi.co/api/v2/version-group/6/"},"language":{"name":"en","url":"http://pokeapi.co/api/v2/language/9/"}},{"text":"A hold item that\nrestores HP but\nmay confuse.","version_group":{"name":"ruby-sapphire","url":"http://pokeapi.co/api/v2/version-group/5/"},"language":{"name":"en","url":"http://pokeapi.co/api/v2/language/9/"}}],"game_indices":[{"game_index":162,"generation":{"name":"generation-vi","url":"http://pokeapi.co/api/v2/generation/6/"}},{"game_index":162,"generation":{"name":"generation-v","url":"http://pokeapi.co/api/v2/generation/5/"}},{"game_index":162,"generation":{"name":"generation-iv","url":"http://pokeapi.co/api/v2/generation/4/"}},{"game_index":146,"generation":{"name":"generation-iii","url":"http://pokeapi.co/api/v2/generation/3/"}}],"names":[{"name":"Aguav Berry","language":{"name":"en","url":"http://pokeapi.co/api/v2/language/9/"}},{"name":"Baccaguava","language":{"name":"it","url":"http://pokeapi.co/api/v2/language/8/"}},{"name":"Baya Guaya","language":{"name":"es","url":"http://pokeapi.co/api/v2/language/7/"}},{"name":"Gauvebeere","language":{"name":"de","url":"http://pokeapi.co/api/v2/language/6/"}},{"name":"Baie Gowav","language":{"name":"fr","url":"http://pokeapi.co/api/v2/language/5/"}},{"name":"아바열매","language":{"name":"ko","url":"http://pokeapi.co/api/v2/language/3/"}},{"name":"バンジのみ","language":{"name":"ja","url":"http://pokeapi.co/api/v2/language/1/"}}],"held_by_pokemon":[],"baby_trigger_for":null}