{"id":249,"name":"toxic-orb","cost":100,"fling_power":30,"fling_effect":{"name":"badly-poison","url":"http://pokeapi.co/api/v2/item-fling-effect/1/"},"attributes":[{"name":"holdable","url":"http://pokeapi.co/api/v2/item-attribute/5/"},{"name":"holdable-active","url":"http://pokeapi.co/api/v2/item-attribute/7/"}],"category":{"name":"bad-held-items","url":"http://pokeapi.co/api/v2/item-category/15/"},"effect_entries":[{"effect":"Held: Badly poisons the holder at the end of each turn.","short_effect":"Held: Inflicts Toxic on the holder at the end of the turn. Activates after Poison damage would occur.","language":{"name":"en","url":"http://pokeapi.co/api/v2/language/9/"}}],"flavor_text_entries":[{"text":"触ると　毒をだす　不思議な玉。\n持たせると　戦闘中に\n猛毒の　状態に　なる。","version_group":{"name":"x-y","url":"http://pokeapi.co/api/v2/version-group/15/"},"language":{"name":"ja-kanji","url":"http://pokeapi.co/api/v2/language/11/"}},{"text":"An item to be held by a Pokémon.\nIt is a bizarre orb that will badly\npoison the holder during battle.","version_group":{"name":"x-y","url":"http://pokeapi.co/api/v2/version-group/15/"},"language":{"name":"en","url":"http://pokeapi.co/api/v2/language/9/"}},{"text":"Strumento da dare a un Pokémon.\nSfera bizzarra che iperavvelena chi l’ha con sé\nin una lotta.","version_group":{"name":"x-y","url":"http://pokeapi.co/api/v2/version-group/15/"},"language":{"name":"it","url":"http://pokeapi.co/api/v2/language/8/"}},{"text":"Potencia el Ataque de base, pero reduce la\nVelocidad en combate. Debe llevarlo un\nPokémon.","version_group":{"name":"x-y","url":"http://pokeapi.co/api/v2/version-group/15/"},"language":{"name":"es","url":"http://pokeapi.co/api/v2/language/7/"}},{"text":"Ein Item zum Tragen. Dieser bizarre Orb vergiftet\nseinen Träger im Kampf schwer.","version_group":{"name":"x-y","url":"http://pokeapi.co/api/v2/version-group/15/"},"language":{"name":"de","url":"http://pokeapi.co/api/v2/language/6/"}},{"text":"Objet à tenir. Un orbe bizarre empoisonnant\ngravement son porteur durant le combat.","version_group":{"name":"x-y","url":"http://pokeapi.co/api/v2/version-group/15/"},"language":{"name":"fr","url":"http://pokeapi.co/api/v2/language/5/"}},{"text":"만지면 독을 발산하는 이상한 구슬.\n지니게 하면 배틀 중에\n맹독 상태가 된다.","version_group":{"name":"x-y","url":"http://pokeapi.co/api/v2/version-group/15/"},"language":{"name":"ko","url":"http://pokeapi.co/api/v2/language/3/"}},{"text":"さわると　どくをだす　ふしぎなたま。\nもたせると　せんとうちゅうに\nもうどくの　じょうたいに　なる。","version_group":{"name":"x-y","url":"http://pokeapi.co/api/v2/version-group/15/"},"language":{"name":"ja","url":"http://pokeapi.co/api/v2/language/1/"}},{"text":"An item to be held by a Pokémon.\nIt is a bizarre orb that badly poisons\nthe holder in battle.","version_group":{"name":"black-2-white-2","url":"http://pokeapi.co/api/v2/version-group/14/"},"language":{"name":"en","url":"http://pokeapi.co/api/v2/language/9/"}},{"text":"An item to be held by a Pokémon.\nIt is a bizarre orb that badly poisons\nthe holder in battle.","version_group":{"name":"black-white","url":"http://pokeapi.co/api/v2/version-group/11/"},"language":{"name":"en","url":"http://pokeapi.co/api/v2/language/9/"}},{"text":"Objet à tenir. Orbe bizarre\nempoisonnant gravement son\nporteur durant le combat.","version_group":{"name":"black-white","url":"http://pokeapi.co/api/v2/version-group/11/"},"language":{"name":"fr","url":"http://pokeapi.co/api/v2/language/5/"}},{"text":"An item to be held by a Pokémon.\nIt is a bizarre orb that badly poisons\nthe holder in battle.","version_group":{"name":"heartgold-soulsilver","url":"http://pokeapi.co/api/v2/version-group/10/"},"language":{"name":"en","url":"http://pokeapi.co/api/v2/language/9/"}},{"text":"An item to be held by a Pokémon.\nIt is a bizarre orb that badly poisons\nthe holder in battle.","version_group":{"name":"platinum","url":"http://pokeapi.co/api/v2/version-group/9/"},"language":{"name":"en","url":"http://pokeapi.co/api/v2/language/9/"}},{"text":"An item to be held by a Pokémon.\nIt is a bizarre orb that badly poisons\nthe holder in battle.","version_group":{"name":"diamond-pearl","url":"http://pokeapi.co/api/v2/version-group/8/"},"language":{"name":"en","url":"http://pokeapi.co/api/v2/language/9/"}}],"game_indices":[{"game_index":272,"generation":{"name":"generation-vi","url":"http://pokeapi.co/api/v2/generation/6/"}},{"game_index":272,"generation":{"name":"generation-v","url":"http://pokeapi.co/api/v2/generation/5/"}},{"game_index":272,"generation":{"name":"generation-iv","url":"http://pokeapi.co/api/v2/generation/4/"}}],"names":[{"name":"Toxic Orb","language":{"name":"en","url":"http://pokeapi.co/api/v2/language/9/"}},{"name":"Tossicsfera","language":{"name":"it","url":"http://pokeapi.co/api/v2/language/8/"}},{"name":"Toxisfera","language":{"name":"es","url":"http://pokeapi.co/api/v2/language/7/"}},{"name":"Toxik-Orb","language":{"name":"de","url":"http://pokeapi.co/api/v2/language/6/"}},{"name":"Orbe Toxique","language":{"name":"fr","url":"http://pokeapi.co/api/v2/language/5/"}},{"name":"맹독구슬","language":{"name":"ko","url":"http://pokeapi.co/api/v2/language/3/"}},{"name":"どくどくだま","language":{"name":"ja","url":"http://pokeapi.co/api/v2/language/1/"}}],"held_by_pokemon":[{"pokemon":{"name":"muk","url":"http://pokeapi.co/api/v2/pokemon/89/"},"version_details":[{"rarity":1,"version":{"name":"white-2","url":"http://pokeapi.co/api/v2/version/22/"}},{"rarity":1,"version":{"name":"black-2","url":"http://pokeapi.co/api/v2/version/21/"}}]}],"baby_trigger_for":null}