{"id":202,"name":"soul-dew","cost":200,"fling_power":30,"fling_effect":null,"attributes":[{"name":"holdable","url":"http://pokeapi.co/api/v2/item-attribute/5/"}],"category":{"name":"species-specific","url":"http://pokeapi.co/api/v2/item-category/18/"},"effect_entries":[{"effect":"Held by Latias or Latios: Increases the holder's Special Attack and Special Defense by 50%.","short_effect":"Raises Latias and Latios's Special Attack and Special Defense by 50%.","language":{"name":"en","url":"http://pokeapi.co/api/v2/language/9/"}}],"flavor_text_entries":[{"text":"ラティオス　または　ラティアスに\n持たせると　特攻と　特防が\nあがる　不思議な　珠。","version_group":{"name":"x-y","url":"http://pokeapi.co/api/v2/version-group/15/"},"language":{"name":"ja-kanji","url":"http://pokeapi.co/api/v2/language/11/"}},{"text":"A wondrous orb to be held by either\nLatios or Latias. It raises both the\nSp. Atk and Sp. Def stats.","version_group":{"name":"x-y","url":"http://pokeapi.co/api/v2/version-group/15/"},"language":{"name":"en","url":"http://pokeapi.co/api/v2/language/9/"}},{"text":"Sfera miracolosa da dare a Latios o Latias.\nAumenta l’Attacco Speciale e la Difesa Speciale.","version_group":{"name":"x-y","url":"http://pokeapi.co/api/v2/version-group/15/"},"language":{"name":"it","url":"http://pokeapi.co/api/v2/language/8/"}},{"text":"Debe llevarlo un Pokémon. Su potente\nmagnetismo fortalece los movimientos de tipo\nEléctrico.","version_group":{"name":"x-y","url":"http://pokeapi.co/api/v2/version-group/15/"},"language":{"name":"es","url":"http://pokeapi.co/api/v2/language/7/"}},{"text":"Ein Item, das von Latios oder Latias getragen\nwerden kann. Es hebt Spezial-Angriff und\nSpezial-Verteidigung.","version_group":{"name":"x-y","url":"http://pokeapi.co/api/v2/version-group/15/"},"language":{"name":"de","url":"http://pokeapi.co/api/v2/language/6/"}},{"text":"Objet à faire tenir à Latios ou Latias.\nUn orbe prodigieux qui augmente leur Attaque\nSpéciale et leur Défense Spéciale.","version_group":{"name":"x-y","url":"http://pokeapi.co/api/v2/version-group/15/"},"language":{"name":"fr","url":"http://pokeapi.co/api/v2/language/5/"}},{"text":"라티오스 혹은 라티아스에게\n지니게 하면 특수공격과 특수방어가\n올라가는 이상한 구슬.","version_group":{"name":"x-y","url":"http://pokeapi.co/api/v2/version-group/15/"},"language":{"name":"ko","url":"http://pokeapi.co/api/v2/language/3/"}},{"text":"ラティオス　または　ラティアスに\nもたせると　とくこうと　とくぼうが\nあがる　ふしぎな　たま。","version_group":{"name":"x-y","url":"http://pokeapi.co/api/v2/version-group/15/"},"language":{"name":"ja","url":"http://pokeapi.co/api/v2/language/1/"}},{"text":"A wondrous orb to be held by Latios\nor Latias. It raises both the\nSp. Atk and Sp. Def stats.","version_group":{"name":"black-2-white-2","url":"http://pokeapi.co/api/v2/version-group/14/"},"language":{"name":"en","url":"http://pokeapi.co/api/v2/language/9/"}},{"text":"A wondrous orb to be held by Latios\nor Latias. It raises both the\nSp. Atk and Sp. Def stats.","version_group":{"name":"black-white","url":"http://pokeapi.co/api/v2/version-group/11/"},"language":{"name":"en","url":"http://pokeapi.co/api/v2/language/9/"}},{"text":"Orbe prodigieux à faire tenir à Latios\nou Latias qui monte leur Attaque\nSpéciale et leur Défense Spéciale.","version_group":{"name":"black-white","url":"http://pokeapi.co/api/v2/version-group/11/"},"language":{"name":"fr","url":"http://pokeapi.co/api/v2/language/5/"}},{"text":"A wondrous orb to be held by LATIOS\nor LATIAS. It raises both the\nSp. Atk and Sp. Def stats.","version_group":{"name":"heartgold-soulsilver","url":"http://pokeapi.co/api/v2/version-group/10/"},"language":{"name":"en","url":"http://pokeapi.co/api/v2/language/9/"}},{"text":"A wondrous orb to be held by LATIOS or\nLATIAS. It raises both the Sp. Atk and\nSp. Def stats.","version_group":{"name":"platinum","url":"http://pokeapi.co/api/v2/version-group/9/"},"language":{"name":"en","url":"http://pokeapi.co/api/v2/language/9/"}},{"text":"A wondrous orb to be held by LATIOS or\nLATIAS. It raises both the Sp. Atk and\nSp. Def stats.","version_group":{"name":"diamond-pearl","url":"http://pokeapi.co/api/v2/version-group/8/"},"language":{"name":"en","url":"http://pokeapi.co/api/v2/language/9/"}},{"text":"An orb to be held by a LATIOS or\nLATIAS. It raises the SP. ATK\nand SP. DEF stats.","version_group":{"name":"firered-leafgreen","url":"http://pokeapi.co/api/v2/version-group/7/"},"language":{"name":"en","url":"http://pokeapi.co/api/v2/language/9/"}},{"text":"Hold item: raises\nSP. ATK & SP. DEF of\nLATIOS & LATIAS.","version_group":{"name":"emerald","url":"http://pokeapi.co/api/v2/version-group/6/"},"language":{"name":"en","url":"http://pokeapi.co/api/v2/language/9/"}},{"text":"Hold item: Raises\nSP. ATK & SP. DEF\nof LATIOS & LATIAS.","version_group":{"name":"ruby-sapphire","url":"http://pokeapi.co/api/v2/version-group/5/"},"language":{"name":"en","url":"http://pokeapi.co/api/v2/language/9/"}}],"game_indices":[{"game_index":225,"generation":{"name":"generation-vi","url":"http://pokeapi.co/api/v2/generation/6/"}},{"game_index":225,"generation":{"name":"generation-v","url":"http://pokeapi.co/api/v2/generation/5/"}},{"game_index":225,"generation":{"name":"generation-iv","url":"http://pokeapi.co/api/v2/generation/4/"}},{"game_index":191,"generation":{"name":"generation-iii","url":"http://pokeapi.co/api/v2/generation/3/"}}],"names":[{"name":"Soul Dew","language":{"name":"en","url":"http://pokeapi.co/api/v2/language/9/"}},{"name":"Cuorugiada","language":{"name":"it","url":"http://pokeapi.co/api/v2/language/8/"}},{"name":"Rocío Bondad","language":{"name":"es","url":"http://pokeapi.co/api/v2/language/7/"}},{"name":"Seelentau","language":{"name":"de","url":"http://pokeapi.co/api/v2/language/6/"}},{"name":"Rosée Âme","language":{"name":"fr","url":"http://pokeapi.co/api/v2/language/5/"}},{"name":"마음의물방울","language":{"name":"ko","url":"http://pokeapi.co/api/v2/language/3/"}},{"name":"こころのしずく","language":{"name":"ja","url":"http://pokeapi.co/api/v2/language/1/"}}],"held_by_pokemon":[],"baby_trigger_for":null}