{"id":190,"name":"bright-powder","cost":10,"fling_power":10,"fling_effect":null,"attributes":[{"name":"holdable","url":"http://pokeapi.co/api/v2/item-attribute/5/"},{"name":"holdable-active","url":"http://pokeapi.co/api/v2/item-attribute/7/"}],"category":{"name":"held-items","url":"http://pokeapi.co/api/v2/item-category/12/"},"effect_entries":[{"effect":"Held in battle\n:   Moves targeting the holder have 0.9× chance to hit.","short_effect":"Held: Increases the holder's evasion by 1/9 (11 1/9%).","language":{"name":"en","url":"http://pokeapi.co/api/v2/language/9/"}}],"flavor_text_entries":[{"text":"キラキラ　光る粉。　持たせると\n光が　相手を　惑わして\n技が　命中しにくくなる。","version_group":{"name":"x-y","url":"http://pokeapi.co/api/v2/version-group/15/"},"language":{"name":"ja-kanji","url":"http://pokeapi.co/api/v2/language/11/"}},{"text":"An item to be held by a Pokémon.\nIt casts a tricky glare that lowers\nthe opposing Pokémon’s accuracy.","version_group":{"name":"x-y","url":"http://pokeapi.co/api/v2/version-group/15/"},"language":{"name":"en","url":"http://pokeapi.co/api/v2/language/9/"}},{"text":"Strumento da dare a un Pokémon.\nEmette un bagliore insidioso che riduce\nla precisione del nemico.","version_group":{"name":"x-y","url":"http://pokeapi.co/api/v2/version-group/15/"},"language":{"name":"it","url":"http://pokeapi.co/api/v2/language/8/"}},{"text":"El Pokémon que la lleva puede resistir un golpe\nque potencialmente lo dejaría K.O. y se queda\ncon 1 PS.","version_group":{"name":"x-y","url":"http://pokeapi.co/api/v2/version-group/15/"},"language":{"name":"es","url":"http://pokeapi.co/api/v2/language/7/"}},{"text":"Ein Item, das einem Pokémon zum Tragen\ngegeben werden kann. Es senkt die Genauigkeit\ndes Gegners.","version_group":{"name":"x-y","url":"http://pokeapi.co/api/v2/version-group/15/"},"language":{"name":"de","url":"http://pokeapi.co/api/v2/language/6/"}},{"text":"Objet à tenir. Intimide et baisse la Précision\nde l’ennemi.","version_group":{"name":"x-y","url":"http://pokeapi.co/api/v2/version-group/15/"},"language":{"name":"fr","url":"http://pokeapi.co/api/v2/language/5/"}},{"text":"반짝반짝 빛나는 가루. 지니게 하면\n빛이 상대를 혼란시켜\n기술이 명중되기 어려워진다.","version_group":{"name":"x-y","url":"http://pokeapi.co/api/v2/version-group/15/"},"language":{"name":"ko","url":"http://pokeapi.co/api/v2/language/3/"}},{"text":"キラキラ　ひかるこな。　もたせると\nひかりが　あいてを　まどわして\nわざが　めいちゅう　しにくくなる。","version_group":{"name":"x-y","url":"http://pokeapi.co/api/v2/version-group/15/"},"language":{"name":"ja","url":"http://pokeapi.co/api/v2/language/1/"}},{"text":"An item to be held by a Pokémon.\nIt casts a tricky glare that lowers\nthe opponent’s accuracy.","version_group":{"name":"black-2-white-2","url":"http://pokeapi.co/api/v2/version-group/14/"},"language":{"name":"en","url":"http://pokeapi.co/api/v2/language/9/"}},{"text":"An item to be held by a Pokémon.\nIt casts a tricky glare that lowers\nthe opponent’s accuracy.","version_group":{"name":"black-white","url":"http://pokeapi.co/api/v2/version-group/11/"},"language":{"name":"en","url":"http://pokeapi.co/api/v2/language/9/"}},{"text":"Objet à tenir qui intimide et baisse\nla Précision de l’ennemi.","version_group":{"name":"black-white","url":"http://pokeapi.co/api/v2/version-group/11/"},"language":{"name":"fr","url":"http://pokeapi.co/api/v2/language/5/"}},{"text":"An item to be held by a Pokémon.\nIt casts a tricky glare that lowers\nthe opponent’s accuracy.","version_group":{"name":"heartgold-soulsilver","url":"http://pokeapi.co/api/v2/version-group/10/"},"language":{"name":"en","url":"http://pokeapi.co/api/v2/language/9/"}},{"text":"An item to be held by a Pokémon.\nIt casts a tricky glare that lowers\nthe opponent’s accuracy.","version_group":{"name":"platinum","url":"http://pokeapi.co/api/v2/version-group/9/"},"language":{"name":"en","url":"http://pokeapi.co/api/v2/language/9/"}},{"text":"An item to be held by a Pokémon.\nIt casts a tricky glare that lowers\nthe opponent’s accuracy.","version_group":{"name":"diamond-pearl","url":"http://pokeapi.co/api/v2/version-group/8/"},"language":{"name":"en","url":"http://pokeapi.co/api/v2/language/9/"}},{"text":"An item to be held by a POKéMON.\nIt casts a tricky glare that lowers\nthe opponent’s accuracy.","version_group":{"name":"firered-leafgreen","url":"http://pokeapi.co/api/v2/version-group/7/"},"language":{"name":"en","url":"http://pokeapi.co/api/v2/language/9/"}},{"text":"A hold item that\ncasts a glare to\nreduce accuracy.","version_group":{"name":"emerald","url":"http://pokeapi.co/api/v2/version-group/6/"},"language":{"name":"en","url":"http://pokeapi.co/api/v2/language/9/"}},{"text":"A hold item that\ncasts a glare to\nreduce accuracy.","version_group":{"name":"ruby-sapphire","url":"http://pokeapi.co/api/v2/version-group/5/"},"language":{"name":"en","url":"http://pokeapi.co/api/v2/language/9/"}}],"game_indices":[{"game_index":213,"generation":{"name":"generation-vi","url":"http://pokeapi.co/api/v2/generation/6/"}},{"game_index":213,"generation":{"name":"generation-v","url":"http://pokeapi.co/api/v2/generation/5/"}},{"game_index":213,"generation":{"name":"generation-iv","url":"http://pokeapi.co/api/v2/generation/4/"}},{"game_index":179,"generation":{"name":"generation-iii","url":"http://pokeapi.co/api/v2/generation/3/"}}],"names":[{"name":"Bright Powder","language":{"name":"en","url":"http://pokeapi.co/api/v2/language/9/"}},{"name":"Luminpolvere","language":{"name":"it","url":"http://pokeapi.co/api/v2/language/8/"}},{"name":"Polvo Brillo","language":{"name":"es","url":"http://pokeapi.co/api/v2/language/7/"}},{"name":"Blendpuder","language":{"name":"de","url":"http://pokeapi.co/api/v2/language/6/"}},{"name":"Poudre Claire","language":{"name":"fr","url":"http://pokeapi.co/api/v2/language/5/"}},{"name":"반짝가루","language":{"name":"ko","url":"http://pokeapi.co/api/v2/language/3/"}},{"name":"ひかりのこな","language":{"name":"ja","url":"http://pokeapi.co/api/v2/language/1/"}}],"held_by_pokemon":[],"baby_trigger_for":null}