{"id":302,"name":"reaper-cloth","cost":2100,"fling_power":10,"fling_effect":null,"attributes":[],"category":{"name":"evolution","url":"http://pokeapi.co/api/v2/item-category/10/"},"effect_entries":[{"effect":"Held by Dusclops: Evolves the holder into Dusknoir when traded.","short_effect":"Traded on a Dusclops: Holder evolves into Dusknoir.","language":{"name":"en","url":"http://pokeapi.co/api/v2/language/9/"}}],"flavor_text_entries":[{"text":"おそろしく　強い　霊力が\nこめられている　布。\nある　ポケモンが　好んでいる。","version_group":{"name":"x-y","url":"http://pokeapi.co/api/v2/version-group/15/"},"language":{"name":"ja-kanji","url":"http://pokeapi.co/api/v2/language/11/"}},{"text":"A cloth imbued with horrifyingly\nstrong spiritual energy.\nIt’s loved by a certain Pokémon.","version_group":{"name":"x-y","url":"http://pokeapi.co/api/v2/version-group/15/"},"language":{"name":"en","url":"http://pokeapi.co/api/v2/language/9/"}},{"text":"Panno intriso di un’energia spirituale terribilmente\nforte. Piace a un Pokémon in particolare.","version_group":{"name":"x-y","url":"http://pokeapi.co/api/v2/version-group/15/"},"language":{"name":"it","url":"http://pokeapi.co/api/v2/language/8/"}},{"text":"Ataca al objetivo con un potente rayo, pero quien\nlo usa debe descansar en el siguiente turno para\nreponer energía.","version_group":{"name":"x-y","url":"http://pokeapi.co/api/v2/version-group/15/"},"language":{"name":"es","url":"http://pokeapi.co/api/v2/language/7/"}},{"text":"Ein Stoffumhang mit geistiger Energie.\nDas Lieblingsstück eines bestimmten Pokémon.","version_group":{"name":"x-y","url":"http://pokeapi.co/api/v2/version-group/15/"},"language":{"name":"de","url":"http://pokeapi.co/api/v2/language/6/"}},{"text":"Un tissu imprégné d’une énergie spirituelle\nhorriblement puissante. Apprécié d’un certain\nPokémon.","version_group":{"name":"x-y","url":"http://pokeapi.co/api/v2/version-group/15/"},"language":{"name":"fr","url":"http://pokeapi.co/api/v2/language/5/"}},{"text":"무섭고 강한 영력이\n담겨 있는 천.\n어떤 포켓몬이 좋아하는 물건이다.","version_group":{"name":"x-y","url":"http://pokeapi.co/api/v2/version-group/15/"},"language":{"name":"ko","url":"http://pokeapi.co/api/v2/language/3/"}},{"text":"おそろしく　つよい　れいりょくが\nこめられている　ぬの。\nある　ポケモンが　このんでいる。","version_group":{"name":"x-y","url":"http://pokeapi.co/api/v2/version-group/15/"},"language":{"name":"ja","url":"http://pokeapi.co/api/v2/language/1/"}},{"text":"A cloth imbued with horrifyingly strong\nspiritual energy.\nIt is loved by a certain Pokémon.","version_group":{"name":"black-2-white-2","url":"http://pokeapi.co/api/v2/version-group/14/"},"language":{"name":"en","url":"http://pokeapi.co/api/v2/language/9/"}},{"text":"A cloth imbued with horrifyingly strong\nspiritual energy.\nIt is loved by a certain Pokémon.","version_group":{"name":"black-white","url":"http://pokeapi.co/api/v2/version-group/11/"},"language":{"name":"en","url":"http://pokeapi.co/api/v2/language/9/"}},{"text":"Un tissu imprégné d’une énergie\nspirituelle horriblement puissante.\nApprécié d’un certain Pokémon.","version_group":{"name":"black-white","url":"http://pokeapi.co/api/v2/version-group/11/"},"language":{"name":"fr","url":"http://pokeapi.co/api/v2/language/5/"}},{"text":"A cloth imbued with horrifyingly strong\nspiritual energy.\nIt is loved by a certain Pokémon.","version_group":{"name":"heartgold-soulsilver","url":"http://pokeapi.co/api/v2/version-group/10/"},"language":{"name":"en","url":"http://pokeapi.co/api/v2/language/9/"}},{"text":"A cloth imbued with horrifyingly strong\nspiritual energy.\nIt is loved by a certain Pokémon.","version_group":{"name":"platinum","url":"http://pokeapi.co/api/v2/version-group/9/"},"language":{"name":"en","url":"http://pokeapi.co/api/v2/language/9/"}},{"text":"A cloth imbued with horrifyingly strong\nspiritual energy.\nIt is loved by a certain Pokémon.","version_group":{"name":"diamond-pearl","url":"http://pokeapi.co/api/v2/version-group/8/"},"language":{"name":"en","url":"http://pokeapi.co/api/v2/language/9/"}}],"game_indices":[{"game_index":325,"generation":{"name":"generation-vi","url":"http://pokeapi.co/api/v2/generation/6/"}},{"game_index":325,"generation":{"name":"generation-v","url":"http://pokeapi.co/api/v2/generation/5/"}},{"game_index":325,"generation":{"name":"generation-iv","url":"http://pokeapi.co/api/v2/generation/4/"}}],"names":[{"name":"Reaper Cloth","language":{"name":"en","url":"http://pokeapi.co/api/v2/language/9/"}},{"name":"Terrorpanno","language":{"name":"it","url":"http://pokeapi.co/api/v2/language/8/"}},{"name":"Tela Terrible","language":{"name":"es","url":"http://pokeapi.co/api/v2/language/7/"}},{"name":"Düsterumhang","language":{"name":"de","url":"http://pokeapi.co/api/v2/language/6/"}},{"name":"Tissu Fauche","language":{"name":"fr","url":"http://pokeapi.co/api/v2/language/5/"}},{"name":"영계의천","language":{"name":"ko","url":"http://pokeapi.co/api/v2/language/3/"}},{"name":"れいかいのぬの","language":{"name":"ja","url":"http://pokeapi.co/api/v2/language/1/"}}],"held_by_pokemon":[],"baby_trigger_for":null}