{"id":279,"name":"icicle-plate","cost":1000,"fling_power":90,"fling_effect":null,"attributes":[{"name":"holdable","url":"http://pokeapi.co/api/v2/item-attribute/5/"},{"name":"holdable-active","url":"http://pokeapi.co/api/v2/item-attribute/7/"},{"name":"underground","url":"http://pokeapi.co/api/v2/item-attribute/8/"}],"category":{"name":"plates","url":"http://pokeapi.co/api/v2/item-category/17/"},"effect_entries":[{"effect":"Held: Increases the power of the holder's Ice moves by 20%.\nHeld by a Multitype Pokémon: Holder's type becomes Ice.","short_effect":"Held: Ice-Type moves from holder do 20% more damage. Changes Arceus's and Judgment's type to Ice.","language":{"name":"en","url":"http://pokeapi.co/api/v2/language/9/"}}],"flavor_text_entries":[{"text":"こおりの　タイプの　石盤。\n持たせると　こおりタイプの\n技の　威力が　強まる。","version_group":{"name":"x-y","url":"http://pokeapi.co/api/v2/version-group/15/"},"language":{"name":"ja-kanji","url":"http://pokeapi.co/api/v2/language/11/"}},{"text":"An item to be held by a Pokémon.\nIt’s a stone tablet that boosts the\npower of Ice-type moves.","version_group":{"name":"x-y","url":"http://pokeapi.co/api/v2/version-group/15/"},"language":{"name":"en","url":"http://pokeapi.co/api/v2/language/9/"}},{"text":"Strumento da dare a un Pokémon.\nLastra di pietra che potenzia le mosse\ndi tipo Ghiaccio.","version_group":{"name":"x-y","url":"http://pokeapi.co/api/v2/version-group/15/"},"language":{"name":"it","url":"http://pokeapi.co/api/v2/language/8/"}},{"text":"Si el Pokémon que lo lleva lucha en un combate,\nduplica las ganancias.","version_group":{"name":"x-y","url":"http://pokeapi.co/api/v2/version-group/15/"},"language":{"name":"es","url":"http://pokeapi.co/api/v2/language/7/"}},{"text":"Ein Item zum Tragen. Diese Steintafel verstärkt\nAttacken vom Typ Eis.","version_group":{"name":"x-y","url":"http://pokeapi.co/api/v2/version-group/15/"},"language":{"name":"de","url":"http://pokeapi.co/api/v2/language/6/"}},{"text":"Objet à tenir. Une tablette en pierre augmentant\nla puissance des capacités de type Glace.","version_group":{"name":"x-y","url":"http://pokeapi.co/api/v2/version-group/15/"},"language":{"name":"fr","url":"http://pokeapi.co/api/v2/language/5/"}},{"text":"얼음타입의 석판.\n지니게 하면 얼음타입\n기술의 위력이 강해진다.","version_group":{"name":"x-y","url":"http://pokeapi.co/api/v2/version-group/15/"},"language":{"name":"ko","url":"http://pokeapi.co/api/v2/language/3/"}},{"text":"こおりの　タイプの　せきばん。\nもたせると　こおりタイプの\nわざの　いりょくが　つよまる。","version_group":{"name":"x-y","url":"http://pokeapi.co/api/v2/version-group/15/"},"language":{"name":"ja","url":"http://pokeapi.co/api/v2/language/1/"}},{"text":"An item to be held by a Pokémon.\nIt is a stone tablet that boosts the\npower of Ice-type moves.","version_group":{"name":"black-2-white-2","url":"http://pokeapi.co/api/v2/version-group/14/"},"language":{"name":"en","url":"http://pokeapi.co/api/v2/language/9/"}},{"text":"An item to be held by a Pokémon.\nIt is a stone tablet that boosts the\npower of Ice-type moves.","version_group":{"name":"black-white","url":"http://pokeapi.co/api/v2/version-group/11/"},"language":{"name":"en","url":"http://pokeapi.co/api/v2/language/9/"}},{"text":"Objet à tenir. Tablette en pierre\naugmentant la puissance des capacités\nde type Glace.","version_group":{"name":"black-white","url":"http://pokeapi.co/api/v2/version-group/11/"},"language":{"name":"fr","url":"http://pokeapi.co/api/v2/language/5/"}},{"text":"An item to be held by a Pokémon.\nIt is a stone tablet that boosts the\npower of Ice-type moves.","version_group":{"name":"heartgold-soulsilver","url":"http://pokeapi.co/api/v2/version-group/10/"},"language":{"name":"en","url":"http://pokeapi.co/api/v2/language/9/"}},{"text":"An item to be held by a Pokémon.\nIt is a stone tablet that boosts the\npower of Ice-type moves.","version_group":{"name":"platinum","url":"http://pokeapi.co/api/v2/version-group/9/"},"language":{"name":"en","url":"http://pokeapi.co/api/v2/language/9/"}},{"text":"An item to be held by a Pokémon.\nIt is a stone tablet that boosts the\npower of Ice-type moves.","version_group":{"name":"diamond-pearl","url":"http://pokeapi.co/api/v2/version-group/8/"},"language":{"name":"en","url":"http://pokeapi.co/api/v2/language/9/"}}],"game_indices":[{"game_index":302,"generation":{"name":"generation-vi","url":"http://pokeapi.co/api/v2/generation/6/"}},{"game_index":302,"generation":{"name":"generation-v","url":"http://pokeapi.co/api/v2/generation/5/"}},{"game_index":302,"generation":{"name":"generation-iv","url":"http://pokeapi.co/api/v2/generation/4/"}}],"names":[{"name":"Icicle Plate","language":{"name":"en","url":"http://pokeapi.co/api/v2/language/9/"}},{"name":"Lastragelo","language":{"name":"it","url":"http://pokeapi.co/api/v2/language/8/"}},{"name":"Tabla Helada","language":{"name":"es","url":"http://pokeapi.co/api/v2/language/7/"}},{"name":"Frosttafel","language":{"name":"de","url":"http://pokeapi.co/api/v2/language/6/"}},{"name":"Plaque Glace","language":{"name":"fr","url":"http://pokeapi.co/api/v2/language/5/"}},{"name":"고드름플레이트","language":{"name":"ko","url":"http://pokeapi.co/api/v2/language/3/"}},{"name":"つららのプレート","language":{"name":"ja","url":"http://pokeapi.co/api/v2/language/1/"}}],"held_by_pokemon":[],"baby_trigger_for":null}