{"id":134,"name":"lum-berry","cost":20,"fling_power":10,"fling_effect":{"name":"berry-effect","url":"http://pokeapi.co/api/v2/item-fling-effect/3/"},"attributes":[{"name":"holdable-active","url":"http://pokeapi.co/api/v2/item-attribute/7/"}],"category":{"name":"medicine","url":"http://pokeapi.co/api/v2/item-category/3/"},"effect_entries":[{"effect":"Held in battle\n:   When the holder is afflicted with a major status ailment, it consumes this item to cure the ailment.\n\nUsed on a party Pokémon\n:   Cures any major status ailment.","short_effect":"Held: Consumed to cure any status condition or confusion.","language":{"name":"en","url":"http://pokeapi.co/api/v2/language/9/"}}],"flavor_text_entries":[{"text":"ポケモンに　持たせると\nすべての　状態異常を\n回復する。","version_group":{"name":"x-y","url":"http://pokeapi.co/api/v2/version-group/15/"},"language":{"name":"ja-kanji","url":"http://pokeapi.co/api/v2/language/11/"}},{"text":"A Berry to be consumed by Pokémon.\nIf a Pokémon holds one, it can recover\nfrom any status condition during battle.","version_group":{"name":"x-y","url":"http://pokeapi.co/api/v2/version-group/15/"},"language":{"name":"en","url":"http://pokeapi.co/api/v2/language/9/"}},{"text":"Se un Pokémon ha questa bacca, guarisce\nda qualsiasi problema di stato.","version_group":{"name":"x-y","url":"http://pokeapi.co/api/v2/version-group/15/"},"language":{"name":"it","url":"http://pokeapi.co/api/v2/language/8/"}},{"text":"Al usarla con un Pokémon, se gana su amistad,\npero también reduce su Velocidad de base.","version_group":{"name":"x-y","url":"http://pokeapi.co/api/v2/version-group/15/"},"language":{"name":"es","url":"http://pokeapi.co/api/v2/language/7/"}},{"text":"Gibst du die Beere einem Pokémon zum Tragen,\nhebt sie alle seine Statusprobleme auf.","version_group":{"name":"x-y","url":"http://pokeapi.co/api/v2/version-group/15/"},"language":{"name":"de","url":"http://pokeapi.co/api/v2/language/6/"}},{"text":"Une Baie qui soigne tous les problèmes de statut\nlorsqu’elle est tenue par un Pokémon.","version_group":{"name":"x-y","url":"http://pokeapi.co/api/v2/version-group/15/"},"language":{"name":"fr","url":"http://pokeapi.co/api/v2/language/5/"}},{"text":"포켓몬에게 지니게 하면\n모든 상태 이상을\n회복한다.","version_group":{"name":"x-y","url":"http://pokeapi.co/api/v2/version-group/15/"},"language":{"name":"ko","url":"http://pokeapi.co/api/v2/language/3/"}},{"text":"ポケモンに　もたせると\nすべての　じょうたい　いじょうを\nかいふくする。","version_group":{"name":"x-y","url":"http://pokeapi.co/api/v2/version-group/15/"},"language":{"name":"ja","url":"http://pokeapi.co/api/v2/language/1/"}},{"text":"If held by a Pokémon,\nit recovers from any status problem.","version_group":{"name":"black-2-white-2","url":"http://pokeapi.co/api/v2/version-group/14/"},"language":{"name":"en","url":"http://pokeapi.co/api/v2/language/9/"}},{"text":"If held by a Pokémon,\nit recovers from any status problem.","version_group":{"name":"black-white","url":"http://pokeapi.co/api/v2/version-group/11/"},"language":{"name":"en","url":"http://pokeapi.co/api/v2/language/9/"}},{"text":"Baie qui soigne tous les problèmes\nde statut lorsqu’elle est tenue\npar un Pokémon.","version_group":{"name":"black-white","url":"http://pokeapi.co/api/v2/version-group/11/"},"language":{"name":"fr","url":"http://pokeapi.co/api/v2/language/5/"}},{"text":"It may be used or held by a Pokémon to\nrecover from any status problem.","version_group":{"name":"heartgold-soulsilver","url":"http://pokeapi.co/api/v2/version-group/10/"},"language":{"name":"en","url":"http://pokeapi.co/api/v2/language/9/"}},{"text":"A Poffin ingredient. It may be used\nor held by a Pokémon to recover from\nany status problem.","version_group":{"name":"platinum","url":"http://pokeapi.co/api/v2/version-group/9/"},"language":{"name":"en","url":"http://pokeapi.co/api/v2/language/9/"}},{"text":"A Poffin ingredient. It may be used\nor held by a Pokémon to recover from\nany status problem.","version_group":{"name":"diamond-pearl","url":"http://pokeapi.co/api/v2/version-group/8/"},"language":{"name":"en","url":"http://pokeapi.co/api/v2/language/9/"}},{"text":"When held by a POKéMON, it will be\nused in battle to heal any problem.","version_group":{"name":"firered-leafgreen","url":"http://pokeapi.co/api/v2/version-group/7/"},"language":{"name":"en","url":"http://pokeapi.co/api/v2/language/9/"}},{"text":"A hold item that\nheals any status\nproblem in battle.","version_group":{"name":"emerald","url":"http://pokeapi.co/api/v2/version-group/6/"},"language":{"name":"en","url":"http://pokeapi.co/api/v2/language/9/"}},{"text":"A hold item that\nheals status in\nbattle.","version_group":{"name":"ruby-sapphire","url":"http://pokeapi.co/api/v2/version-group/5/"},"language":{"name":"en","url":"http://pokeapi.co/api/v2/language/9/"}}],"game_indices":[{"game_index":157,"generation":{"name":"generation-vi","url":"http://pokeapi.co/api/v2/generation/6/"}},{"game_index":157,"generation":{"name":"generation-v","url":"http://pokeapi.co/api/v2/generation/5/"}},{"game_index":157,"generation":{"name":"generation-iv","url":"http://pokeapi.co/api/v2/generation/4/"}},{"game_index":141,"generation":{"name":"generation-iii","url":"http://pokeapi.co/api/v2/generation/3/"}}],"names":[{"name":"Lum Berry","language":{"name":"en","url":"http://pokeapi.co/api/v2/language/9/"}},{"name":"Baccaprugna","language":{"name":"it","url":"http://pokeapi.co/api/v2/language/8/"}},{"name":"Baya Ziuela","language":{"name":"es","url":"http://pokeapi.co/api/v2/language/7/"}},{"name":"Prunusbeere","language":{"name":"de","url":"http://pokeapi.co/api/v2/language/6/"}},{"name":"Baie Prine","language":{"name":"fr","url":"http://pokeapi.co/api/v2/language/5/"}},{"name":"리샘열매","language":{"name":"ko","url":"http://pokeapi.co/api/v2/language/3/"}},{"name":"ラムのみ","language":{"name":"ja","url":"http://pokeapi.co/api/v2/language/1/"}}],"held_by_pokemon":[{"pokemon":{"name":"mew","url":"http://pokeapi.co/api/v2/pokemon/151/"},"version_details":[{"rarity":100,"version":{"name":"y","url":"http://pokeapi.co/api/v2/version/24/"}},{"rarity":100,"version":{"name":"x","url":"http://pokeapi.co/api/v2/version/23/"}},{"rarity":100,"version":{"name":"white-2","url":"http://pokeapi.co/api/v2/version/22/"}},{"rarity":100,"version":{"name":"black-2","url":"http://pokeapi.co/api/v2/version/21/"}},{"rarity":100,"version":{"name":"white","url":"http://pokeapi.co/api/v2/version/18/"}},{"rarity":100,"version":{"name":"black","url":"http://pokeapi.co/api/v2/version/17/"}},{"rarity":100,"version":{"name":"soulsilver","url":"http://pokeapi.co/api/v2/version/16/"}},{"rarity":100,"version":{"name":"heartgold","url":"http://pokeapi.co/api/v2/version/15/"}},{"rarity":100,"version":{"name":"platinum","url":"http://pokeapi.co/api/v2/version/14/"}},{"rarity":100,"version":{"name":"pearl","url":"http://pokeapi.co/api/v2/version/13/"}},{"rarity":100,"version":{"name":"diamond","url":"http://pokeapi.co/api/v2/version/12/"}},{"rarity":100,"version":{"name":"emerald","url":"http://pokeapi.co/api/v2/version/9/"}},{"rarity":100,"version":{"name":"sapphire","url":"http://pokeapi.co/api/v2/version/8/"}},{"rarity":100,"version":{"name":"ruby","url":"http://pokeapi.co/api/v2/version/7/"}}]},{"pokemon":{"name":"chikorita","url":"http://pokeapi.co/api/v2/pokemon/152/"},"version_details":[{"rarity":100,"version":{"name":"leafgreen","url":"http://pokeapi.co/api/v2/version/11/"}},{"rarity":100,"version":{"name":"firered","url":"http://pokeapi.co/api/v2/version/10/"}}]},{"pokemon":{"name":"celebi","url":"http://pokeapi.co/api/v2/pokemon/251/"},"version_details":[{"rarity":100,"version":{"name":"y","url":"http://pokeapi.co/api/v2/version/24/"}},{"rarity":100,"version":{"name":"x","url":"http://pokeapi.co/api/v2/version/23/"}},{"rarity":100,"version":{"name":"white-2","url":"http://pokeapi.co/api/v2/version/22/"}},{"rarity":100,"version":{"name":"black-2","url":"http://pokeapi.co/api/v2/version/21/"}},{"rarity":100,"version":{"name":"white","url":"http://pokeapi.co/api/v2/version/18/"}},{"rarity":100,"version":{"name":"black","url":"http://pokeapi.co/api/v2/version/17/"}},{"rarity":100,"version":{"name":"soulsilver","url":"http://pokeapi.co/api/v2/version/16/"}},{"rarity":100,"version":{"name":"heartgold","url":"http://pokeapi.co/api/v2/version/15/"}},{"rarity":100,"version":{"name":"platinum","url":"http://pokeapi.co/api/v2/version/14/"}},{"rarity":100,"version":{"name":"pearl","url":"http://pokeapi.co/api/v2/version/13/"}},{"rarity":100,"version":{"name":"diamond","url":"http://pokeapi.co/api/v2/version/12/"}},{"rarity":100,"version":{"name":"leafgreen","url":"http://pokeapi.co/api/v2/version/11/"}},{"rarity":100,"version":{"name":"firered","url":"http://pokeapi.co/api/v2/version/10/"}},{"rarity":100,"version":{"name":"emerald","url":"http://pokeapi.co/api/v2/version/9/"}},{"rarity":100,"version":{"name":"sapphire","url":"http://pokeapi.co/api/v2/version/8/"}},{"rarity":100,"version":{"name":"ruby","url":"http://pokeapi.co/api/v2/version/7/"}}]},{"pokemon":{"name":"shaymin-land","url":"http://pokeapi.co/api/v2/pokemon/492/"},"version_details":[{"rarity":100,"version":{"name":"y","url":"http://pokeapi.co/api/v2/version/24/"}},{"rarity":100,"version":{"name":"x","url":"http://pokeapi.co/api/v2/version/23/"}},{"rarity":100,"version":{"name":"white-2","url":"http://pokeapi.co/api/v2/version/22/"}},{"rarity":100,"version":{"name":"black-2","url":"http://pokeapi.co/api/v2/version/21/"}},{"rarity":100,"version":{"name":"white","url":"http://pokeapi.co/api/v2/version/18/"}},{"rarity":100,"version":{"name":"black","url":"http://pokeapi.co/api/v2/version/17/"}},{"rarity":100,"version":{"name":"soulsilver","url":"http://pokeapi.co/api/v2/version/16/"}},{"rarity":100,"version":{"name":"heartgold","url":"http://pokeapi.co/api/v2/version/15/"}},{"rarity":100,"version":{"name":"platinum","url":"http://pokeapi.co/api/v2/version/14/"}},{"rarity":100,"version":{"name":"pearl","url":"http://pokeapi.co/api/v2/version/13/"}},{"rarity":100,"version":{"name":"diamond","url":"http://pokeapi.co/api/v2/version/12/"}}]},{"pokemon":{"name":"shaymin-sky","url":"http://pokeapi.co/api/v2/pokemon/10006/"},"version_details":[{"rarity":100,"version":{"name":"y","url":"http://pokeapi.co/api/v2/version/24/"}},{"rarity":100,"version":{"name":"x","url":"http://pokeapi.co/api/v2/version/23/"}},{"rarity":100,"version":{"name":"white-2","url":"http://pokeapi.co/api/v2/version/22/"}},{"rarity":100,"version":{"name":"black-2","url":"http://pokeapi.co/api/v2/version/21/"}},{"rarity":100,"version":{"name":"white","url":"http://pokeapi.co/api/v2/version/18/"}},{"rarity":100,"version":{"name":"black","url":"http://pokeapi.co/api/v2/version/17/"}},{"rarity":100,"version":{"name":"soulsilver","url":"http://pokeapi.co/api/v2/version/16/"}},{"rarity":100,"version":{"name":"heartgold","url":"http://pokeapi.co/api/v2/version/15/"}},{"rarity":100,"version":{"name":"platinum","url":"http://pokeapi.co/api/v2/version/14/"}}]}],"baby_trigger_for":null}