{"id":234,"name":"metal-powder","cost":10,"fling_power":10,"fling_effect":null,"attributes":[{"name":"holdable","url":"http://pokeapi.co/api/v2/item-attribute/5/"}],"category":{"name":"species-specific","url":"http://pokeapi.co/api/v2/item-category/18/"},"effect_entries":[{"effect":"Held by Ditto: Increases the holder's initial Defense and Special Defense by 50%.","short_effect":"Raises Ditto's Defense and Special Defense by 50%. The boost is lost after transforming.","language":{"name":"en","url":"http://pokeapi.co/api/v2/language/9/"}}],"flavor_text_entries":[{"text":"メタモンに　持たせると　防御が\nあがる　不思議な粉。\nとても　こまかくて　硬い。","version_group":{"name":"x-y","url":"http://pokeapi.co/api/v2/version-group/15/"},"language":{"name":"ja-kanji","url":"http://pokeapi.co/api/v2/language/11/"}},{"text":"An item to be held by Ditto.\nExtremely fine yet hard, this odd\npowder boosts the Defense stat.","version_group":{"name":"x-y","url":"http://pokeapi.co/api/v2/version-group/15/"},"language":{"name":"en","url":"http://pokeapi.co/api/v2/language/9/"}},{"text":"Strumento da dare a Ditto.\nStrana polvere finissima e al tempo stesso dura\nche migliora la Difesa.","version_group":{"name":"x-y","url":"http://pokeapi.co/api/v2/version-group/15/"},"language":{"name":"it","url":"http://pokeapi.co/api/v2/language/8/"}},{"text":"Debe llevarlo Ditto. Es un polvo muy fino, pero\na la vez resistente, que aumenta su Velocidad.","version_group":{"name":"x-y","url":"http://pokeapi.co/api/v2/version-group/15/"},"language":{"name":"es","url":"http://pokeapi.co/api/v2/language/7/"}},{"text":"Ein Item, das von Ditto getragen werden kann.\nEs erhöht seinen Verteidigungs-Wert.","version_group":{"name":"x-y","url":"http://pokeapi.co/api/v2/version-group/15/"},"language":{"name":"de","url":"http://pokeapi.co/api/v2/language/6/"}},{"text":"Objet à faire tenir à Métamorph.\nCette poudre étrange, très fine mais résistante,\naugmente sa Défense.","version_group":{"name":"x-y","url":"http://pokeapi.co/api/v2/version-group/15/"},"language":{"name":"fr","url":"http://pokeapi.co/api/v2/language/5/"}},{"text":"메타몽에게 지니게 하면\n방어가 올라가는 이상한 가루.\n매우 잘고 단단하다.","version_group":{"name":"x-y","url":"http://pokeapi.co/api/v2/version-group/15/"},"language":{"name":"ko","url":"http://pokeapi.co/api/v2/language/3/"}},{"text":"メタモンに　もたせると　ぼうぎょが\nあがる　ふしぎなこな。\nとても　こまかくて　かたい。","version_group":{"name":"x-y","url":"http://pokeapi.co/api/v2/version-group/15/"},"language":{"name":"ja","url":"http://pokeapi.co/api/v2/language/1/"}},{"text":"An item to be held by Ditto.\nExtremely fine yet hard, this odd\npowder boosts the Defense stat.","version_group":{"name":"black-2-white-2","url":"http://pokeapi.co/api/v2/version-group/14/"},"language":{"name":"en","url":"http://pokeapi.co/api/v2/language/9/"}},{"text":"An item to be held by Ditto.\nExtremely fine yet hard, this odd\npowder boosts the Defense stat.","version_group":{"name":"black-white","url":"http://pokeapi.co/api/v2/version-group/11/"},"language":{"name":"en","url":"http://pokeapi.co/api/v2/language/9/"}},{"text":"Objet à faire tenir à Métamorph. Cette\npoudre étrange, très fine mais\nrésistante, booste sa Défense.","version_group":{"name":"black-white","url":"http://pokeapi.co/api/v2/version-group/11/"},"language":{"name":"fr","url":"http://pokeapi.co/api/v2/language/5/"}},{"text":"An item to be held by DITTO.\nExtremely fine yet hard, this odd\npowder boosts the Defense stat.","version_group":{"name":"heartgold-soulsilver","url":"http://pokeapi.co/api/v2/version-group/10/"},"language":{"name":"en","url":"http://pokeapi.co/api/v2/language/9/"}},{"text":"An item to be held by DITTO.\nExtremely fine yet hard, this odd\npowder boosts the Defense stat.","version_group":{"name":"platinum","url":"http://pokeapi.co/api/v2/version-group/9/"},"language":{"name":"en","url":"http://pokeapi.co/api/v2/language/9/"}},{"text":"An item to be held by DITTO.\nExtremely fine yet hard, this odd\npowder boosts the Defense stat.","version_group":{"name":"diamond-pearl","url":"http://pokeapi.co/api/v2/version-group/8/"},"language":{"name":"en","url":"http://pokeapi.co/api/v2/language/9/"}},{"text":"A fine, hard powder to be held by\na DITTO.\nIt raises DITTO’s DEFENSE stat.","version_group":{"name":"firered-leafgreen","url":"http://pokeapi.co/api/v2/version-group/7/"},"language":{"name":"en","url":"http://pokeapi.co/api/v2/language/9/"}},{"text":"A hold item that\nraises DITTO’s\nDEFENSE.","version_group":{"name":"emerald","url":"http://pokeapi.co/api/v2/version-group/6/"},"language":{"name":"en","url":"http://pokeapi.co/api/v2/language/9/"}},{"text":"A hold item that\nraises DEFENSE.","version_group":{"name":"ruby-sapphire","url":"http://pokeapi.co/api/v2/version-group/5/"},"language":{"name":"en","url":"http://pokeapi.co/api/v2/language/9/"}}],"game_indices":[{"game_index":257,"generation":{"name":"generation-vi","url":"http://pokeapi.co/api/v2/generation/6/"}},{"game_index":257,"generation":{"name":"generation-v","url":"http://pokeapi.co/api/v2/generation/5/"}},{"game_index":257,"generation":{"name":"generation-iv","url":"http://pokeapi.co/api/v2/generation/4/"}},{"game_index":223,"generation":{"name":"generation-iii","url":"http://pokeapi.co/api/v2/generation/3/"}}],"names":[{"name":"Metal Powder","language":{"name":"en","url":"http://pokeapi.co/api/v2/language/9/"}},{"name":"Metalpolvere","language":{"name":"it","url":"http://pokeapi.co/api/v2/language/8/"}},{"name":"Polvo Metálico","language":{"name":"es","url":"http://pokeapi.co/api/v2/language/7/"}},{"name":"Metallstaub","language":{"name":"de","url":"http://pokeapi.co/api/v2/language/6/"}},{"name":"Poudre Métal","language":{"name":"fr","url":"http://pokeapi.co/api/v2/language/5/"}},{"name":"금속파우더","language":{"name":"ko","url":"http://pokeapi.co/api/v2/language/3/"}},{"name":"メタルパウダー","language":{"name":"ja","url":"http://pokeapi.co/api/v2/language/1/"}}],"held_by_pokemon":[{"pokemon":{"name":"ditto","url":"http://pokeapi.co/api/v2/pokemon/132/"},"version_details":[{"rarity":5,"version":{"name":"y","url":"http://pokeapi.co/api/v2/version/24/"}},{"rarity":5,"version":{"name":"x","url":"http://pokeapi.co/api/v2/version/23/"}},{"rarity":5,"version":{"name":"white-2","url":"http://pokeapi.co/api/v2/version/22/"}},{"rarity":5,"version":{"name":"black-2","url":"http://pokeapi.co/api/v2/version/21/"}},{"rarity":5,"version":{"name":"white","url":"http://pokeapi.co/api/v2/version/18/"}},{"rarity":5,"version":{"name":"black","url":"http://pokeapi.co/api/v2/version/17/"}},{"rarity":5,"version":{"name":"soulsilver","url":"http://pokeapi.co/api/v2/version/16/"}},{"rarity":5,"version":{"name":"heartgold","url":"http://pokeapi.co/api/v2/version/15/"}},{"rarity":5,"version":{"name":"platinum","url":"http://pokeapi.co/api/v2/version/14/"}},{"rarity":5,"version":{"name":"pearl","url":"http://pokeapi.co/api/v2/version/13/"}},{"rarity":5,"version":{"name":"diamond","url":"http://pokeapi.co/api/v2/version/12/"}},{"rarity":5,"version":{"name":"leafgreen","url":"http://pokeapi.co/api/v2/version/11/"}},{"rarity":5,"version":{"name":"firered","url":"http://pokeapi.co/api/v2/version/10/"}},{"rarity":5,"version":{"name":"emerald","url":"http://pokeapi.co/api/v2/version/9/"}},{"rarity":5,"version":{"name":"sapphire","url":"http://pokeapi.co/api/v2/version/8/"}},{"rarity":5,"version":{"name":"ruby","url":"http://pokeapi.co/api/v2/version/7/"}}]}],"baby_trigger_for":null}