{"id":349,"name":"tm45","cost":3000,"fling_power":null,"fling_effect":null,"attributes":[],"category":{"name":"all-machines","url":"http://pokeapi.co/api/v2/item-category/37/"},"effect_entries":[{"effect":"Teaches Attract to a compatible Pokémon.","short_effect":"Teaches Attract to a compatible Pokémon. (Gen I: Thunder Wave)","language":{"name":"en","url":"http://pokeapi.co/api/v2/language/9/"}}],"flavor_text_entries":[{"text":"♂なら♀を　♀なら♂を　誘惑して\nメロメロに　する。\n相手は　技が　だしにくくなる。","version_group":{"name":"x-y","url":"http://pokeapi.co/api/v2/version-group/15/"},"language":{"name":"ja-kanji","url":"http://pokeapi.co/api/v2/language/11/"}},{"text":"If it is the opposite gender of the user,\nthe target becomes infatuated and less\nlikely to attack.","version_group":{"name":"x-y","url":"http://pokeapi.co/api/v2/version-group/15/"},"language":{"name":"en","url":"http://pokeapi.co/api/v2/language/9/"}},{"text":"Se il nemico è del sesso opposto, s’infatua\ne diventa riluttante ad attaccare.","version_group":{"name":"x-y","url":"http://pokeapi.co/api/v2/version-group/15/"},"language":{"name":"it","url":"http://pokeapi.co/api/v2/language/8/"}},{"text":"Quien lo usa realiza un ataque rápido que\naumenta de potencia si el atacante no lleva\nningún objeto.","version_group":{"name":"x-y","url":"http://pokeapi.co/api/v2/version-group/15/"},"language":{"name":"es","url":"http://pokeapi.co/api/v2/language/7/"}},{"text":"Gehört das Ziel dem anderen Geschlecht an,\nverliebt es sich und greift eventuell nicht an.","version_group":{"name":"x-y","url":"http://pokeapi.co/api/v2/version-group/15/"},"language":{"name":"de","url":"http://pokeapi.co/api/v2/language/6/"}},{"text":"Si l’ennemi est du sexe opposé, il tombe\namoureux et rechigne alors à attaquer.","version_group":{"name":"x-y","url":"http://pokeapi.co/api/v2/version-group/15/"},"language":{"name":"fr","url":"http://pokeapi.co/api/v2/language/5/"}},{"text":"수컷은 암컷을 암컷은 수컷을 유혹하여\n헤롱헤롱하게 만든다.\n상대가 기술을 쓰기 어려워진다.","version_group":{"name":"x-y","url":"http://pokeapi.co/api/v2/version-group/15/"},"language":{"name":"ko","url":"http://pokeapi.co/api/v2/language/3/"}},{"text":"♂なら♀を　♀なら♂を　ゆうわくして\nメロメロにする。　メロメロに　なった\nあいては　わざが　だしにくくなる。","version_group":{"name":"x-y","url":"http://pokeapi.co/api/v2/version-group/15/"},"language":{"name":"ja","url":"http://pokeapi.co/api/v2/language/1/"}},{"text":"If it is the opposite gender of the\nuser, the target becomes infatuated\nand less likely to attack.","version_group":{"name":"black-2-white-2","url":"http://pokeapi.co/api/v2/version-group/14/"},"language":{"name":"en","url":"http://pokeapi.co/api/v2/language/9/"}},{"text":"If it is the opposite gender of the\nuser, the target becomes infatuated\nand less likely to attack.","version_group":{"name":"black-white","url":"http://pokeapi.co/api/v2/version-group/11/"},"language":{"name":"en","url":"http://pokeapi.co/api/v2/language/9/"}},{"text":"Si l’ennemi est du sexe opposé, il\ntombe amoureux et rechigne alors\nà attaquer.","version_group":{"name":"black-white","url":"http://pokeapi.co/api/v2/version-group/11/"},"language":{"name":"fr","url":"http://pokeapi.co/api/v2/language/5/"}},{"text":"If it is the opposite gender of the\nuser, the foe becomes infatuated\nand less likely to attack.","version_group":{"name":"heartgold-soulsilver","url":"http://pokeapi.co/api/v2/version-group/10/"},"language":{"name":"en","url":"http://pokeapi.co/api/v2/language/9/"}},{"text":"If it is the opposite gender of the\nuser, the foe becomes infatuated\nand less likely to attack.","version_group":{"name":"platinum","url":"http://pokeapi.co/api/v2/version-group/9/"},"language":{"name":"en","url":"http://pokeapi.co/api/v2/language/9/"}},{"text":"If it is the opposite gender of the\nuser, the foe becomes infatuated\nand less likely to attack.","version_group":{"name":"diamond-pearl","url":"http://pokeapi.co/api/v2/version-group/8/"},"language":{"name":"en","url":"http://pokeapi.co/api/v2/language/9/"}},{"text":"If it is the other\ngender, the foe is\nmade infatuated and\nunlikely to attack.","version_group":{"name":"firered-leafgreen","url":"http://pokeapi.co/api/v2/version-group/7/"},"language":{"name":"en","url":"http://pokeapi.co/api/v2/language/9/"}},{"text":"Makes it tough to\nattack a foe of the\nopposite gender.","version_group":{"name":"emerald","url":"http://pokeapi.co/api/v2/version-group/6/"},"language":{"name":"en","url":"http://pokeapi.co/api/v2/language/9/"}},{"text":"Makes it tough to\nattack a foe of the\nopposite gender.","version_group":{"name":"ruby-sapphire","url":"http://pokeapi.co/api/v2/version-group/5/"},"language":{"name":"en","url":"http://pokeapi.co/api/v2/language/9/"}}],"game_indices":[{"game_index":372,"generation":{"name":"generation-vi","url":"http://pokeapi.co/api/v2/generation/6/"}},{"game_index":372,"generation":{"name":"generation-v","url":"http://pokeapi.co/api/v2/generation/5/"}},{"game_index":372,"generation":{"name":"generation-iv","url":"http://pokeapi.co/api/v2/generation/4/"}},{"game_index":333,"generation":{"name":"generation-iii","url":"http://pokeapi.co/api/v2/generation/3/"}}],"names":[{"name":"TM45","language":{"name":"en","url":"http://pokeapi.co/api/v2/language/9/"}},{"name":"MT45","language":{"name":"it","url":"http://pokeapi.co/api/v2/language/8/"}},{"name":"MT45","language":{"name":"es","url":"http://pokeapi.co/api/v2/language/7/"}},{"name":"TM45","language":{"name":"de","url":"http://pokeapi.co/api/v2/language/6/"}},{"name":"CT45","language":{"name":"fr","url":"http://pokeapi.co/api/v2/language/5/"}},{"name":"기술머신45","language":{"name":"ko","url":"http://pokeapi.co/api/v2/language/3/"}},{"name":"わざマシン４５","language":{"name":"ja","url":"http://pokeapi.co/api/v2/language/1/"}}],"held_by_pokemon":[],"baby_trigger_for":null}