{"id":253,"name":"zoom-lens","cost":200,"fling_power":10,"fling_effect":null,"attributes":[{"name":"holdable","url":"http://pokeapi.co/api/v2/item-attribute/5/"},{"name":"holdable-active","url":"http://pokeapi.co/api/v2/item-attribute/7/"}],"category":{"name":"held-items","url":"http://pokeapi.co/api/v2/item-category/12/"},"effect_entries":[{"effect":"Held: Raises the holder's Accuracy by 20% when it goes last.\nIngame description is incorrect.","short_effect":"Held: Provides a 1/5 (20%) boost in accuracy if the holder moves after the target.","language":{"name":"en","url":"http://pokeapi.co/api/v2/language/9/"}}],"flavor_text_entries":[{"text":"持たせた　ポケモンが　相手よりも\n行動するのが　遅いとき\n技が　命中しやすくなる。","version_group":{"name":"x-y","url":"http://pokeapi.co/api/v2/version-group/15/"},"language":{"name":"ja-kanji","url":"http://pokeapi.co/api/v2/language/11/"}},{"text":"An item to be held by a Pokémon.\nIf the holder moves after its target\nmoves, its accuracy will be boosted.","version_group":{"name":"x-y","url":"http://pokeapi.co/api/v2/version-group/15/"},"language":{"name":"en","url":"http://pokeapi.co/api/v2/language/9/"}},{"text":"Strumento da dare a un Pokémon.\nSe chi ce l’ha attacca dopo il nemico,\nla sua precisione aumenta.","version_group":{"name":"x-y","url":"http://pokeapi.co/api/v2/version-group/15/"},"language":{"name":"it","url":"http://pokeapi.co/api/v2/language/8/"}},{"text":"Potencia la Velocidad de base, pero reduce la\nVelocidad en combate. Debe llevarla un\nPokémon.","version_group":{"name":"x-y","url":"http://pokeapi.co/api/v2/version-group/15/"},"language":{"name":"es","url":"http://pokeapi.co/api/v2/language/7/"}},{"text":"Ein Item zum Tragen. Agiert das Ziel zuerst,\nerhöht sich die Genauigkeit des Trägers.","version_group":{"name":"x-y","url":"http://pokeapi.co/api/v2/version-group/15/"},"language":{"name":"de","url":"http://pokeapi.co/api/v2/language/6/"}},{"text":"Objet à tenir. Augmente la Précision du porteur\ns’il attaque après l’ennemi.","version_group":{"name":"x-y","url":"http://pokeapi.co/api/v2/version-group/15/"},"language":{"name":"fr","url":"http://pokeapi.co/api/v2/language/5/"}},{"text":"지니게 한 포켓몬이 상대보다도\n행동하는 것이 늦을 때\n기술이 명중하기 쉬워진다.","version_group":{"name":"x-y","url":"http://pokeapi.co/api/v2/version-group/15/"},"language":{"name":"ko","url":"http://pokeapi.co/api/v2/language/3/"}},{"text":"もたせた　ポケモンが　あいてよりも\nこうどうするのが　おそいとき\nわざが　めいちゅう　しやすくなる。","version_group":{"name":"x-y","url":"http://pokeapi.co/api/v2/version-group/15/"},"language":{"name":"ja","url":"http://pokeapi.co/api/v2/language/1/"}},{"text":"An item to be held by a Pokémon.\nIf the holder moves after its\ntarget, its accuracy will be boosted.","version_group":{"name":"black-2-white-2","url":"http://pokeapi.co/api/v2/version-group/14/"},"language":{"name":"en","url":"http://pokeapi.co/api/v2/language/9/"}},{"text":"An item to be held by a Pokémon.\nIf the holder moves after its\ntarget, its accuracy will be boosted.","version_group":{"name":"black-white","url":"http://pokeapi.co/api/v2/version-group/11/"},"language":{"name":"en","url":"http://pokeapi.co/api/v2/language/9/"}},{"text":"Objet à tenir. Augmente la Précision\ndu porteur s’il attaque après l’ennemi.","version_group":{"name":"black-white","url":"http://pokeapi.co/api/v2/version-group/11/"},"language":{"name":"fr","url":"http://pokeapi.co/api/v2/language/5/"}},{"text":"An item to be held by a Pokémon.\nIf the holder moves after the foe, its\naccuracy will be boosted.","version_group":{"name":"heartgold-soulsilver","url":"http://pokeapi.co/api/v2/version-group/10/"},"language":{"name":"en","url":"http://pokeapi.co/api/v2/language/9/"}},{"text":"An item to be held by a Pokémon.\nIf the holder moves after the foe, its\naccuracy will be boosted.","version_group":{"name":"platinum","url":"http://pokeapi.co/api/v2/version-group/9/"},"language":{"name":"en","url":"http://pokeapi.co/api/v2/language/9/"}},{"text":"An item to be held by a Pokémon.\nIf the holder moves after the foe, its\ncritical-hit ratio will be boosted.","version_group":{"name":"diamond-pearl","url":"http://pokeapi.co/api/v2/version-group/8/"},"language":{"name":"en","url":"http://pokeapi.co/api/v2/language/9/"}}],"game_indices":[{"game_index":276,"generation":{"name":"generation-vi","url":"http://pokeapi.co/api/v2/generation/6/"}},{"game_index":276,"generation":{"name":"generation-v","url":"http://pokeapi.co/api/v2/generation/5/"}},{"game_index":276,"generation":{"name":"generation-iv","url":"http://pokeapi.co/api/v2/generation/4/"}}],"names":[{"name":"Zoom Lens","language":{"name":"en","url":"http://pokeapi.co/api/v2/language/9/"}},{"name":"Zoomlente","language":{"name":"it","url":"http://pokeapi.co/api/v2/language/8/"}},{"name":"Telescopio","language":{"name":"es","url":"http://pokeapi.co/api/v2/language/7/"}},{"name":"Zoomlinse","language":{"name":"de","url":"http://pokeapi.co/api/v2/language/6/"}},{"name":"Lentille Zoom","language":{"name":"fr","url":"http://pokeapi.co/api/v2/language/5/"}},{"name":"포커스렌즈","language":{"name":"ko","url":"http://pokeapi.co/api/v2/language/3/"}},{"name":"フォーカスレンズ","language":{"name":"ja","url":"http://pokeapi.co/api/v2/language/1/"}}],"held_by_pokemon":[],"baby_trigger_for":null}