{"id":113,"name":"lustrous-orb","cost":10000,"fling_power":60,"fling_effect":null,"attributes":[{"name":"holdable","url":"http://pokeapi.co/api/v2/item-attribute/5/"}],"category":{"name":"species-specific","url":"http://pokeapi.co/api/v2/item-category/18/"},"effect_entries":[{"effect":"Held by palkia\n:   Holder's dragon- and water-type moves have 1.2× their usual power.","short_effect":"Boosts the damage from Palkia's Dragon-type and Water-type moves by 20%.","language":{"name":"en","url":"http://pokeapi.co/api/v2/language/9/"}}],"flavor_text_entries":[{"text":"パルキアに　持たせると　ドラゴンと\nみずタイプの　技の　威力が\nあがる　美しく　輝く　珠。","version_group":{"name":"x-y","url":"http://pokeapi.co/api/v2/version-group/15/"},"language":{"name":"ja-kanji","url":"http://pokeapi.co/api/v2/language/11/"}},{"text":"A beautifully glowing orb to be held by\nPalkia. It boosts the power of Dragon-​\nand Water-type moves when it is held.","version_group":{"name":"x-y","url":"http://pokeapi.co/api/v2/version-group/15/"},"language":{"name":"en","url":"http://pokeapi.co/api/v2/language/9/"}},{"text":"Sfera splendente da dare a Palkia.\nPotenzia le mosse di tipo Drago e Acqua.","version_group":{"name":"x-y","url":"http://pokeapi.co/api/v2/version-group/15/"},"language":{"name":"it","url":"http://pokeapi.co/api/v2/language/8/"}},{"text":"Los Pokémon pueden llevarla o usarla para\ndescongelarse.","version_group":{"name":"x-y","url":"http://pokeapi.co/api/v2/version-group/15/"},"language":{"name":"es","url":"http://pokeapi.co/api/v2/language/7/"}},{"text":"Ein hell leuchtender Orb. Verstärkt Attacken vom\nTyp Drache und Wasser, wenn Palkia ihn trägt.","version_group":{"name":"x-y","url":"http://pokeapi.co/api/v2/version-group/15/"},"language":{"name":"de","url":"http://pokeapi.co/api/v2/language/6/"}},{"text":"Un bel orbe luisant destiné à Palkia.\nAugmente la puissance des capacités de type\nDragon et Eau.","version_group":{"name":"x-y","url":"http://pokeapi.co/api/v2/version-group/15/"},"language":{"name":"fr","url":"http://pokeapi.co/api/v2/language/5/"}},{"text":"펄기아에게 지니게 하면 드래곤과\n물타입 기술의 위력이 올라가는\n아름답게 반짝이는 구슬.","version_group":{"name":"x-y","url":"http://pokeapi.co/api/v2/version-group/15/"},"language":{"name":"ko","url":"http://pokeapi.co/api/v2/language/3/"}},{"text":"パルキアに　もたせると　ドラゴンと\nみずタイプの　わざの　いりょくが\nあがる　うつくしく　かがやく　たま。","version_group":{"name":"x-y","url":"http://pokeapi.co/api/v2/version-group/15/"},"language":{"name":"ja","url":"http://pokeapi.co/api/v2/language/1/"}},{"text":"A beautifully glowing orb to be held by\nPalkia. It boosts the power of Dragon-​\nand Water-type moves.","version_group":{"name":"black-2-white-2","url":"http://pokeapi.co/api/v2/version-group/14/"},"language":{"name":"en","url":"http://pokeapi.co/api/v2/language/9/"}},{"text":"A beautifully glowing orb to be held by\nPalkia. It boosts the power of Dragon-​\nand Water-type moves.","version_group":{"name":"black-white","url":"http://pokeapi.co/api/v2/version-group/11/"},"language":{"name":"en","url":"http://pokeapi.co/api/v2/language/9/"}},{"text":"Bel orbe luisant destiné à Palkia.\nAugmente la puissance des capacités\nde type Dragon et Eau.","version_group":{"name":"black-white","url":"http://pokeapi.co/api/v2/version-group/11/"},"language":{"name":"fr","url":"http://pokeapi.co/api/v2/language/5/"}},{"text":"A beautifully glowing orb to be held by\nPALKIA. It boosts the power of Dragon-​\nand Water-type moves.","version_group":{"name":"heartgold-soulsilver","url":"http://pokeapi.co/api/v2/version-group/10/"},"language":{"name":"en","url":"http://pokeapi.co/api/v2/language/9/"}},{"text":"A beautifully glowing orb to be held by\nPALKIA. It boosts the power of Dragon-​\nand Water-type moves.","version_group":{"name":"platinum","url":"http://pokeapi.co/api/v2/version-group/9/"},"language":{"name":"en","url":"http://pokeapi.co/api/v2/language/9/"}},{"text":"A beautifully glowing orb to be held by\nPALKIA. It boosts the power of Dragon-​\nand Water-type moves.","version_group":{"name":"diamond-pearl","url":"http://pokeapi.co/api/v2/version-group/8/"},"language":{"name":"en","url":"http://pokeapi.co/api/v2/language/9/"}}],"game_indices":[{"game_index":136,"generation":{"name":"generation-vi","url":"http://pokeapi.co/api/v2/generation/6/"}},{"game_index":136,"generation":{"name":"generation-v","url":"http://pokeapi.co/api/v2/generation/5/"}},{"game_index":136,"generation":{"name":"generation-iv","url":"http://pokeapi.co/api/v2/generation/4/"}}],"names":[{"name":"Lustrous Orb","language":{"name":"en","url":"http://pokeapi.co/api/v2/language/9/"}},{"name":"Splendisfera","language":{"name":"it","url":"http://pokeapi.co/api/v2/language/8/"}},{"name":"Lustresfera","language":{"name":"es","url":"http://pokeapi.co/api/v2/language/7/"}},{"name":"Weiß-Orb","language":{"name":"de","url":"http://pokeapi.co/api/v2/language/6/"}},{"name":"Orbe Perlé","language":{"name":"fr","url":"http://pokeapi.co/api/v2/language/5/"}},{"name":"백옥","language":{"name":"ko","url":"http://pokeapi.co/api/v2/language/3/"}},{"name":"しらたま","language":{"name":"ja","url":"http://pokeapi.co/api/v2/language/1/"}}],"held_by_pokemon":[],"baby_trigger_for":null}