{"id":263,"name":"grip-claw","cost":200,"fling_power":90,"fling_effect":null,"attributes":[{"name":"holdable","url":"http://pokeapi.co/api/v2/item-attribute/5/"},{"name":"holdable-active","url":"http://pokeapi.co/api/v2/item-attribute/7/"}],"category":{"name":"held-items","url":"http://pokeapi.co/api/v2/item-category/12/"},"effect_entries":[{"effect":"Held: Increases the duration of the holder's multiturn (2-5 turn) moves by three turns.","short_effect":"Held: Holder's multi-turn trapping moves last 5 turns.","language":{"name":"en","url":"http://pokeapi.co/api/v2/language/9/"}}],"flavor_text_entries":[{"text":"持たせると　しめつける　まきつくなど\nダメージを　あたえつづける　技の\nターン数が　増える。","version_group":{"name":"x-y","url":"http://pokeapi.co/api/v2/version-group/15/"},"language":{"name":"ja-kanji","url":"http://pokeapi.co/api/v2/language/11/"}},{"text":"An item to be held by a Pokémon.\nIt extends the duration of multi-turn\nattacks like Bind and Wrap.","version_group":{"name":"x-y","url":"http://pokeapi.co/api/v2/version-group/15/"},"language":{"name":"en","url":"http://pokeapi.co/api/v2/language/9/"}},{"text":"Strumento da dare a un Pokémon.\nProlunga gli attacchi multiturno come\nAvvolgibotta e Legatutto.","version_group":{"name":"x-y","url":"http://pokeapi.co/api/v2/version-group/15/"},"language":{"name":"it","url":"http://pokeapi.co/api/v2/language/8/"}},{"text":"Tabla de piedra que potencia los movimientos de\ntipo Lucha. Debe llevarla un Pokémon.","version_group":{"name":"x-y","url":"http://pokeapi.co/api/v2/version-group/15/"},"language":{"name":"es","url":"http://pokeapi.co/api/v2/language/7/"}},{"text":"Ein Item zum Tragen. Verlängert die Dauer\nvon Klammergriff, Wickel etc.","version_group":{"name":"x-y","url":"http://pokeapi.co/api/v2/version-group/15/"},"language":{"name":"de","url":"http://pokeapi.co/api/v2/language/6/"}},{"text":"Objet à tenir. Augmente la durée des attaques\nà tours multiples telles que Ligotage et Étreinte.","version_group":{"name":"x-y","url":"http://pokeapi.co/api/v2/version-group/15/"},"language":{"name":"fr","url":"http://pokeapi.co/api/v2/language/5/"}},{"text":"지니게 하면 조이기나 김밥말이 등\n데미지를 계속 주는 기술의\n턴 수가 늘어난다.","version_group":{"name":"x-y","url":"http://pokeapi.co/api/v2/version-group/15/"},"language":{"name":"ko","url":"http://pokeapi.co/api/v2/language/3/"}},{"text":"もたせると　しめつける　まきつくなど\nダメージを　あたえつづける　わざの\nターンすうが　ふえる。","version_group":{"name":"x-y","url":"http://pokeapi.co/api/v2/version-group/15/"},"language":{"name":"ja","url":"http://pokeapi.co/api/v2/language/1/"}},{"text":"A Pokémon held item that extends the\nduration of multiturn attacks like\nBind and Wrap.","version_group":{"name":"black-2-white-2","url":"http://pokeapi.co/api/v2/version-group/14/"},"language":{"name":"en","url":"http://pokeapi.co/api/v2/language/9/"}},{"text":"A Pokémon held item that extends the\nduration of multiturn attacks like\nBind and Wrap.","version_group":{"name":"black-white","url":"http://pokeapi.co/api/v2/version-group/11/"},"language":{"name":"en","url":"http://pokeapi.co/api/v2/language/9/"}},{"text":"Objet à tenir augmentant la durée des\nattaques à tours multiples telles que\nLigotage et Étreinte.","version_group":{"name":"black-white","url":"http://pokeapi.co/api/v2/version-group/11/"},"language":{"name":"fr","url":"http://pokeapi.co/api/v2/language/5/"}},{"text":"A Pokémon held item that extends the\nduration of multiturn attacks like\nBind and Wrap.","version_group":{"name":"heartgold-soulsilver","url":"http://pokeapi.co/api/v2/version-group/10/"},"language":{"name":"en","url":"http://pokeapi.co/api/v2/language/9/"}},{"text":"A Pokémon hold item that extends the\nduration of multiturn attacks like\nBind and Wrap.","version_group":{"name":"platinum","url":"http://pokeapi.co/api/v2/version-group/9/"},"language":{"name":"en","url":"http://pokeapi.co/api/v2/language/9/"}},{"text":"A Pokémon hold item that extends the\nduration of multiturn attacks like\nBind and Wrap.","version_group":{"name":"diamond-pearl","url":"http://pokeapi.co/api/v2/version-group/8/"},"language":{"name":"en","url":"http://pokeapi.co/api/v2/language/9/"}}],"game_indices":[{"game_index":286,"generation":{"name":"generation-vi","url":"http://pokeapi.co/api/v2/generation/6/"}},{"game_index":286,"generation":{"name":"generation-v","url":"http://pokeapi.co/api/v2/generation/5/"}},{"game_index":286,"generation":{"name":"generation-iv","url":"http://pokeapi.co/api/v2/generation/4/"}}],"names":[{"name":"Grip Claw","language":{"name":"en","url":"http://pokeapi.co/api/v2/language/9/"}},{"name":"Presartigli","language":{"name":"it","url":"http://pokeapi.co/api/v2/language/8/"}},{"name":"Garra Garfio","language":{"name":"es","url":"http://pokeapi.co/api/v2/language/7/"}},{"name":"Griffklaue","language":{"name":"de","url":"http://pokeapi.co/api/v2/language/6/"}},{"name":"Accro Griffe","language":{"name":"fr","url":"http://pokeapi.co/api/v2/language/5/"}},{"name":"끈기갈고리손톱","language":{"name":"ko","url":"http://pokeapi.co/api/v2/language/3/"}},{"name":"ねばりのかぎづめ","language":{"name":"ja","url":"http://pokeapi.co/api/v2/language/1/"}}],"held_by_pokemon":[{"pokemon":{"name":"sneasel","url":"http://pokeapi.co/api/v2/pokemon/215/"},"version_details":[{"rarity":50,"version":{"name":"y","url":"http://pokeapi.co/api/v2/version/24/"}},{"rarity":50,"version":{"name":"x","url":"http://pokeapi.co/api/v2/version/23/"}},{"rarity":50,"version":{"name":"white-2","url":"http://pokeapi.co/api/v2/version/22/"}},{"rarity":50,"version":{"name":"black-2","url":"http://pokeapi.co/api/v2/version/21/"}},{"rarity":50,"version":{"name":"white","url":"http://pokeapi.co/api/v2/version/18/"}},{"rarity":50,"version":{"name":"black","url":"http://pokeapi.co/api/v2/version/17/"}},{"rarity":50,"version":{"name":"soulsilver","url":"http://pokeapi.co/api/v2/version/16/"}},{"rarity":50,"version":{"name":"heartgold","url":"http://pokeapi.co/api/v2/version/15/"}},{"rarity":50,"version":{"name":"platinum","url":"http://pokeapi.co/api/v2/version/14/"}},{"rarity":50,"version":{"name":"pearl","url":"http://pokeapi.co/api/v2/version/13/"}},{"rarity":50,"version":{"name":"diamond","url":"http://pokeapi.co/api/v2/version/12/"}}]},{"pokemon":{"name":"weavile","url":"http://pokeapi.co/api/v2/pokemon/461/"},"version_details":[{"rarity":50,"version":{"name":"y","url":"http://pokeapi.co/api/v2/version/24/"}},{"rarity":50,"version":{"name":"x","url":"http://pokeapi.co/api/v2/version/23/"}},{"rarity":50,"version":{"name":"white-2","url":"http://pokeapi.co/api/v2/version/22/"}},{"rarity":50,"version":{"name":"black-2","url":"http://pokeapi.co/api/v2/version/21/"}},{"rarity":50,"version":{"name":"white","url":"http://pokeapi.co/api/v2/version/18/"}},{"rarity":50,"version":{"name":"black","url":"http://pokeapi.co/api/v2/version/17/"}},{"rarity":50,"version":{"name":"soulsilver","url":"http://pokeapi.co/api/v2/version/16/"}},{"rarity":50,"version":{"name":"heartgold","url":"http://pokeapi.co/api/v2/version/15/"}},{"rarity":50,"version":{"name":"platinum","url":"http://pokeapi.co/api/v2/version/14/"}},{"rarity":50,"version":{"name":"pearl","url":"http://pokeapi.co/api/v2/version/13/"}},{"rarity":50,"version":{"name":"diamond","url":"http://pokeapi.co/api/v2/version/12/"}}]}],"baby_trigger_for":null}