{"id":251,"name":"quick-powder","cost":10,"fling_power":10,"fling_effect":null,"attributes":[{"name":"holdable","url":"http://pokeapi.co/api/v2/item-attribute/5/"}],"category":{"name":"species-specific","url":"http://pokeapi.co/api/v2/item-category/18/"},"effect_entries":[{"effect":"Held by Ditto: Doubles the holder's initial Speed.","short_effect":"Doubles Ditto's Speed when held. The boost is lost after transforming.","language":{"name":"en","url":"http://pokeapi.co/api/v2/language/9/"}}],"flavor_text_entries":[{"text":"メタモンに　持たせると　素早さが\nあがる　不思議な粉。\nとても　こまかくて　硬い。","version_group":{"name":"x-y","url":"http://pokeapi.co/api/v2/version-group/15/"},"language":{"name":"ja-kanji","url":"http://pokeapi.co/api/v2/language/11/"}},{"text":"An item to be held by Ditto.\nExtremely fine yet hard, this odd\npowder boosts the Speed stat.","version_group":{"name":"x-y","url":"http://pokeapi.co/api/v2/version-group/15/"},"language":{"name":"en","url":"http://pokeapi.co/api/v2/language/9/"}},{"text":"Strumento da dare a Ditto.\nQuesta strana polvere, fine e al contempo dura,\naumenta la Velocità.","version_group":{"name":"x-y","url":"http://pokeapi.co/api/v2/version-group/15/"},"language":{"name":"it","url":"http://pokeapi.co/api/v2/language/8/"}},{"text":"Potencia el Ataque Especial de base, pero reduce\nla Velocidad en combate. Debe llevarla un\nPokémon.","version_group":{"name":"x-y","url":"http://pokeapi.co/api/v2/version-group/15/"},"language":{"name":"es","url":"http://pokeapi.co/api/v2/language/7/"}},{"text":"Ein Item, das Ditto zum Tragen gegeben\nwerden kann. Fein und doch hart, erhöht\nes den Initiative-Wert.","version_group":{"name":"x-y","url":"http://pokeapi.co/api/v2/version-group/15/"},"language":{"name":"de","url":"http://pokeapi.co/api/v2/language/6/"}},{"text":"Objet à faire tenir à Métamorph.\nCette poudre étrange, très fine mais résistante,\naugmente sa Vitesse.","version_group":{"name":"x-y","url":"http://pokeapi.co/api/v2/version-group/15/"},"language":{"name":"fr","url":"http://pokeapi.co/api/v2/language/5/"}},{"text":"메타몽에게 지니게 하면 스피드가\n올라가는 이상한 가루.\n매우 곱고 단단하다.","version_group":{"name":"x-y","url":"http://pokeapi.co/api/v2/version-group/15/"},"language":{"name":"ko","url":"http://pokeapi.co/api/v2/language/3/"}},{"text":"メタモンに　もたせると　すばやさが\nあがる　ふしぎなこな。\nとても　こまかくて　かたい。","version_group":{"name":"x-y","url":"http://pokeapi.co/api/v2/version-group/15/"},"language":{"name":"ja","url":"http://pokeapi.co/api/v2/language/1/"}},{"text":"An item to be held by Ditto.\nExtremely fine yet hard, this odd\npowder boosts the Speed stat.","version_group":{"name":"black-2-white-2","url":"http://pokeapi.co/api/v2/version-group/14/"},"language":{"name":"en","url":"http://pokeapi.co/api/v2/language/9/"}},{"text":"An item to be held by Ditto.\nExtremely fine yet hard, this odd\npowder boosts the Speed stat.","version_group":{"name":"black-white","url":"http://pokeapi.co/api/v2/version-group/11/"},"language":{"name":"en","url":"http://pokeapi.co/api/v2/language/9/"}},{"text":"Objet à faire tenir à Métamorph. Cette\npoudre étrange, très fine mais\nrésistante, augmente sa Vitesse.","version_group":{"name":"black-white","url":"http://pokeapi.co/api/v2/version-group/11/"},"language":{"name":"fr","url":"http://pokeapi.co/api/v2/language/5/"}},{"text":"An item to be held by DITTO.\nExtremely fine yet hard, this odd\npowder boosts the Speed stat.","version_group":{"name":"heartgold-soulsilver","url":"http://pokeapi.co/api/v2/version-group/10/"},"language":{"name":"en","url":"http://pokeapi.co/api/v2/language/9/"}},{"text":"An item to be held by DITTO.\nExtremely fine yet hard, this odd\npowder boosts the Speed stat.","version_group":{"name":"platinum","url":"http://pokeapi.co/api/v2/version-group/9/"},"language":{"name":"en","url":"http://pokeapi.co/api/v2/language/9/"}},{"text":"An item to be held by DITTO.\nExtremely fine yet hard, this odd\npowder boosts the Speed stat.","version_group":{"name":"diamond-pearl","url":"http://pokeapi.co/api/v2/version-group/8/"},"language":{"name":"en","url":"http://pokeapi.co/api/v2/language/9/"}}],"game_indices":[{"game_index":274,"generation":{"name":"generation-vi","url":"http://pokeapi.co/api/v2/generation/6/"}},{"game_index":274,"generation":{"name":"generation-v","url":"http://pokeapi.co/api/v2/generation/5/"}},{"game_index":274,"generation":{"name":"generation-iv","url":"http://pokeapi.co/api/v2/generation/4/"}}],"names":[{"name":"Quick Powder","language":{"name":"en","url":"http://pokeapi.co/api/v2/language/9/"}},{"name":"Velopolvere","language":{"name":"it","url":"http://pokeapi.co/api/v2/language/8/"}},{"name":"Polvo Veloz","language":{"name":"es","url":"http://pokeapi.co/api/v2/language/7/"}},{"name":"Flottstaub","language":{"name":"de","url":"http://pokeapi.co/api/v2/language/6/"}},{"name":"Poudre Vite","language":{"name":"fr","url":"http://pokeapi.co/api/v2/language/5/"}},{"name":"스피드파우더","language":{"name":"ko","url":"http://pokeapi.co/api/v2/language/3/"}},{"name":"スピードパウダー","language":{"name":"ja","url":"http://pokeapi.co/api/v2/language/1/"}}],"held_by_pokemon":[{"pokemon":{"name":"ditto","url":"http://pokeapi.co/api/v2/pokemon/132/"},"version_details":[{"rarity":50,"version":{"name":"y","url":"http://pokeapi.co/api/v2/version/24/"}},{"rarity":50,"version":{"name":"x","url":"http://pokeapi.co/api/v2/version/23/"}},{"rarity":50,"version":{"name":"white-2","url":"http://pokeapi.co/api/v2/version/22/"}},{"rarity":50,"version":{"name":"black-2","url":"http://pokeapi.co/api/v2/version/21/"}},{"rarity":50,"version":{"name":"white","url":"http://pokeapi.co/api/v2/version/18/"}},{"rarity":50,"version":{"name":"black","url":"http://pokeapi.co/api/v2/version/17/"}},{"rarity":50,"version":{"name":"soulsilver","url":"http://pokeapi.co/api/v2/version/16/"}},{"rarity":50,"version":{"name":"heartgold","url":"http://pokeapi.co/api/v2/version/15/"}},{"rarity":50,"version":{"name":"platinum","url":"http://pokeapi.co/api/v2/version/14/"}},{"rarity":50,"version":{"name":"pearl","url":"http://pokeapi.co/api/v2/version/13/"}},{"rarity":50,"version":{"name":"diamond","url":"http://pokeapi.co/api/v2/version/12/"}}]}],"baby_trigger_for":null}