{"id":320,"name":"tm16","cost":2000,"fling_power":null,"fling_effect":null,"attributes":[],"category":{"name":"all-machines","url":"http://pokeapi.co/api/v2/item-category/37/"},"effect_entries":[{"effect":"Teaches Light Screen to a compatible Pokémon.","short_effect":"Teaches Light Screen to a compatible Pokémon. (Gen II: Icy Wind Gen I: Pay Day)","language":{"name":"en","url":"http://pokeapi.co/api/v2/language/9/"}}],"flavor_text_entries":[{"text":"５ターンの　あいだ　不思議な　かべで\n相手から　受ける　特殊攻撃の\nダメージを　弱める。","version_group":{"name":"x-y","url":"http://pokeapi.co/api/v2/version-group/15/"},"language":{"name":"ja-kanji","url":"http://pokeapi.co/api/v2/language/11/"}},{"text":"A wondrous wall of light is put up to\nreduce damage from special attacks\nfor five turns.","version_group":{"name":"x-y","url":"http://pokeapi.co/api/v2/version-group/15/"},"language":{"name":"en","url":"http://pokeapi.co/api/v2/language/9/"}},{"text":"Innalza una barriera di luce fantastica che riduce\ni danni degli attacchi speciali per sé e gli alleati\nper cinque turni.","version_group":{"name":"x-y","url":"http://pokeapi.co/api/v2/version-group/15/"},"language":{"name":"it","url":"http://pokeapi.co/api/v2/language/8/"}},{"text":"Impresionante pared de luz que reduce el daño\nde los ataques físicos durante cinco turnos.","version_group":{"name":"x-y","url":"http://pokeapi.co/api/v2/version-group/15/"},"language":{"name":"es","url":"http://pokeapi.co/api/v2/language/7/"}},{"text":"Eine Wand aus Licht wird über 5 Runden errichtet.\nSie senkt den durch Spezial-Angriffe\nherbeigeführten Schaden.","version_group":{"name":"x-y","url":"http://pokeapi.co/api/v2/version-group/15/"},"language":{"name":"de","url":"http://pokeapi.co/api/v2/language/6/"}},{"text":"Un fabuleux mur de lumière qui réduit les dégâts\ncausés par les attaques spéciales durant cinq\ntours.","version_group":{"name":"x-y","url":"http://pokeapi.co/api/v2/version-group/15/"},"language":{"name":"fr","url":"http://pokeapi.co/api/v2/language/5/"}},{"text":"5턴 동안 이상한 장막으로\n상대로부터 받는 특수 기술의\n데미지를 약하게 만든다.","version_group":{"name":"x-y","url":"http://pokeapi.co/api/v2/version-group/15/"},"language":{"name":"ko","url":"http://pokeapi.co/api/v2/language/3/"}},{"text":"５ターンの　あいだ　ふしぎな　かべで\nあいてから　うける　とくしゅわざの\nダメージを　よわめる。","version_group":{"name":"x-y","url":"http://pokeapi.co/api/v2/version-group/15/"},"language":{"name":"ja","url":"http://pokeapi.co/api/v2/language/1/"}},{"text":"A wondrous wall of light is put up to\nsuppress damage from special attacks\nfor five turns.","version_group":{"name":"black-2-white-2","url":"http://pokeapi.co/api/v2/version-group/14/"},"language":{"name":"en","url":"http://pokeapi.co/api/v2/language/9/"}},{"text":"A wondrous wall of light is put up to\nsuppress damage from special attacks\nfor five turns.","version_group":{"name":"black-white","url":"http://pokeapi.co/api/v2/version-group/11/"},"language":{"name":"en","url":"http://pokeapi.co/api/v2/language/9/"}},{"text":"Un fabuleux mur de lumière qui réduit\nles dégâts causés par les attaques\nspéciales durant 5 tours.","version_group":{"name":"black-white","url":"http://pokeapi.co/api/v2/version-group/11/"},"language":{"name":"fr","url":"http://pokeapi.co/api/v2/language/5/"}},{"text":"A wondrous wall of light is put up to\nsuppress damage from special attacks\nfor five turns.","version_group":{"name":"heartgold-soulsilver","url":"http://pokeapi.co/api/v2/version-group/10/"},"language":{"name":"en","url":"http://pokeapi.co/api/v2/language/9/"}},{"text":"A wondrous wall of light is put up to\nsuppress damage from special attacks\nfor five turns.","version_group":{"name":"platinum","url":"http://pokeapi.co/api/v2/version-group/9/"},"language":{"name":"en","url":"http://pokeapi.co/api/v2/language/9/"}},{"text":"A wondrous wall of light is put up to\nsuppress damage from special attacks\nfor five turns.","version_group":{"name":"diamond-pearl","url":"http://pokeapi.co/api/v2/version-group/8/"},"language":{"name":"en","url":"http://pokeapi.co/api/v2/language/9/"}},{"text":"A wall of light\ncuts damage from\nSP. ATK attacks\nfor five turns.","version_group":{"name":"firered-leafgreen","url":"http://pokeapi.co/api/v2/version-group/7/"},"language":{"name":"en","url":"http://pokeapi.co/api/v2/language/9/"}},{"text":"Creates a wall of\nlight that lowers\nSP. ATK damage.","version_group":{"name":"emerald","url":"http://pokeapi.co/api/v2/version-group/6/"},"language":{"name":"en","url":"http://pokeapi.co/api/v2/language/9/"}},{"text":"Creates a wall of\nlight that lowers\nSP. ATK damage.","version_group":{"name":"ruby-sapphire","url":"http://pokeapi.co/api/v2/version-group/5/"},"language":{"name":"en","url":"http://pokeapi.co/api/v2/language/9/"}}],"game_indices":[{"game_index":343,"generation":{"name":"generation-vi","url":"http://pokeapi.co/api/v2/generation/6/"}},{"game_index":343,"generation":{"name":"generation-v","url":"http://pokeapi.co/api/v2/generation/5/"}},{"game_index":343,"generation":{"name":"generation-iv","url":"http://pokeapi.co/api/v2/generation/4/"}},{"game_index":304,"generation":{"name":"generation-iii","url":"http://pokeapi.co/api/v2/generation/3/"}}],"names":[{"name":"TM16","language":{"name":"en","url":"http://pokeapi.co/api/v2/language/9/"}},{"name":"MT16","language":{"name":"it","url":"http://pokeapi.co/api/v2/language/8/"}},{"name":"MT16","language":{"name":"es","url":"http://pokeapi.co/api/v2/language/7/"}},{"name":"TM16","language":{"name":"de","url":"http://pokeapi.co/api/v2/language/6/"}},{"name":"CT16","language":{"name":"fr","url":"http://pokeapi.co/api/v2/language/5/"}},{"name":"기술머신16","language":{"name":"ko","url":"http://pokeapi.co/api/v2/language/3/"}},{"name":"わざマシン１６","language":{"name":"ja","url":"http://pokeapi.co/api/v2/language/1/"}}],"held_by_pokemon":[],"baby_trigger_for":null}