{"id":335,"name":"tm31","cost":3000,"fling_power":null,"fling_effect":null,"attributes":[],"category":{"name":"all-machines","url":"http://pokeapi.co/api/v2/item-category/37/"},"effect_entries":[{"effect":"Teaches Brick Break to a compatible Pokémon.","short_effect":"Teaches Brick Break to a compatible Pokémon. (Gen II: Mud-Slap Gen I: Mimic)","language":{"name":"en","url":"http://pokeapi.co/api/v2/language/9/"}}],"flavor_text_entries":[{"text":"硬い　こぶしなどで\n相手を　攻撃する。ひかりのかべや\nリフレクターも　破壊できる。","version_group":{"name":"x-y","url":"http://pokeapi.co/api/v2/version-group/15/"},"language":{"name":"ja-kanji","url":"http://pokeapi.co/api/v2/language/11/"}},{"text":"The user attacks with a swift chop.\nIt can also break barriers, such as\nLight Screen and Reflect.","version_group":{"name":"x-y","url":"http://pokeapi.co/api/v2/version-group/15/"},"language":{"name":"en","url":"http://pokeapi.co/api/v2/language/9/"}},{"text":"Colpisce il nemico con una mano e rompe\nbarriere come Riflesso e Schermoluce.","version_group":{"name":"x-y","url":"http://pokeapi.co/api/v2/version-group/15/"},"language":{"name":"it","url":"http://pokeapi.co/api/v2/language/8/"}},{"text":"Canto que sirve de ataque. Su fuerza aumenta\ncuantos más Pokémon lo usan en cadena.","version_group":{"name":"x-y","url":"http://pokeapi.co/api/v2/version-group/15/"},"language":{"name":"es","url":"http://pokeapi.co/api/v2/language/7/"}},{"text":"Das Ziel wird mit der Handkante angegriffen.\nBarrieren wie Lichtschild oder Reflektor\nwerden zerstört.","version_group":{"name":"x-y","url":"http://pokeapi.co/api/v2/version-group/15/"},"language":{"name":"de","url":"http://pokeapi.co/api/v2/language/6/"}},{"text":"Une attaque avec le tranchant de la main.\nPermet aussi de briser les barrières comme\nMur Lumière et Protection.","version_group":{"name":"x-y","url":"http://pokeapi.co/api/v2/version-group/15/"},"language":{"name":"fr","url":"http://pokeapi.co/api/v2/language/5/"}},{"text":"주먹 등으로 공격한다.\n빛의장막이나 리플렉터도\n파괴할 수 있다.","version_group":{"name":"x-y","url":"http://pokeapi.co/api/v2/version-group/15/"},"language":{"name":"ko","url":"http://pokeapi.co/api/v2/language/3/"}},{"text":"こぶしなどで　こうげきする。\nひかりのかべや　リフレクターも\nはかいできる。","version_group":{"name":"x-y","url":"http://pokeapi.co/api/v2/version-group/15/"},"language":{"name":"ja","url":"http://pokeapi.co/api/v2/language/1/"}},{"text":"The user attacks with tough fists,\netc. It can also break any barrier\nsuch as Light Screen and Reflect.","version_group":{"name":"black-2-white-2","url":"http://pokeapi.co/api/v2/version-group/14/"},"language":{"name":"en","url":"http://pokeapi.co/api/v2/language/9/"}},{"text":"The user attacks with tough fists,\netc. It can also break any barrier\nsuch as Light Screen and Reflect.","version_group":{"name":"black-white","url":"http://pokeapi.co/api/v2/version-group/11/"},"language":{"name":"en","url":"http://pokeapi.co/api/v2/language/9/"}},{"text":"Une attaque avec la main ou autre.\nPeut briser les barrières comme Mur\nLumière et Protection.","version_group":{"name":"black-white","url":"http://pokeapi.co/api/v2/version-group/11/"},"language":{"name":"fr","url":"http://pokeapi.co/api/v2/language/5/"}},{"text":"The user attacks with tough fists,\netc. It can also break any barrier\nsuch as Light Screen and Reflect.","version_group":{"name":"heartgold-soulsilver","url":"http://pokeapi.co/api/v2/version-group/10/"},"language":{"name":"en","url":"http://pokeapi.co/api/v2/language/9/"}},{"text":"The user attacks with tough fists,\netc. It can also break any barrier\nsuch as Light Screen and Reflect.","version_group":{"name":"platinum","url":"http://pokeapi.co/api/v2/version-group/9/"},"language":{"name":"en","url":"http://pokeapi.co/api/v2/language/9/"}},{"text":"The user attacks with tough fists,\netc. It can also break any barrier\nsuch as Light Screen and Reflect.","version_group":{"name":"diamond-pearl","url":"http://pokeapi.co/api/v2/version-group/8/"},"language":{"name":"en","url":"http://pokeapi.co/api/v2/language/9/"}},{"text":"An attack that also\nbreaks any barrier\nlike LIGHT SCREEN\nand REFLECT.","version_group":{"name":"firered-leafgreen","url":"http://pokeapi.co/api/v2/version-group/7/"},"language":{"name":"en","url":"http://pokeapi.co/api/v2/language/9/"}},{"text":"Destroys barriers\nlike LIGHT SCREEN\nand causes damage.","version_group":{"name":"emerald","url":"http://pokeapi.co/api/v2/version-group/6/"},"language":{"name":"en","url":"http://pokeapi.co/api/v2/language/9/"}},{"text":"Destroys barriers\nlike LIGHT SCREEN\nand causes damage.","version_group":{"name":"ruby-sapphire","url":"http://pokeapi.co/api/v2/version-group/5/"},"language":{"name":"en","url":"http://pokeapi.co/api/v2/language/9/"}}],"game_indices":[{"game_index":358,"generation":{"name":"generation-vi","url":"http://pokeapi.co/api/v2/generation/6/"}},{"game_index":358,"generation":{"name":"generation-v","url":"http://pokeapi.co/api/v2/generation/5/"}},{"game_index":358,"generation":{"name":"generation-iv","url":"http://pokeapi.co/api/v2/generation/4/"}},{"game_index":319,"generation":{"name":"generation-iii","url":"http://pokeapi.co/api/v2/generation/3/"}}],"names":[{"name":"TM31","language":{"name":"en","url":"http://pokeapi.co/api/v2/language/9/"}},{"name":"MT31","language":{"name":"it","url":"http://pokeapi.co/api/v2/language/8/"}},{"name":"MT31","language":{"name":"es","url":"http://pokeapi.co/api/v2/language/7/"}},{"name":"TM31","language":{"name":"de","url":"http://pokeapi.co/api/v2/language/6/"}},{"name":"CT31","language":{"name":"fr","url":"http://pokeapi.co/api/v2/language/5/"}},{"name":"기술머신31","language":{"name":"ko","url":"http://pokeapi.co/api/v2/language/3/"}},{"name":"わざマシン３１","language":{"name":"ja","url":"http://pokeapi.co/api/v2/language/1/"}}],"held_by_pokemon":[],"baby_trigger_for":null}