{"id":2,"name":"ultra-ball","cost":1200,"fling_power":null,"fling_effect":null,"attributes":[{"name":"countable","url":"http://pokeapi.co/api/v2/item-attribute/1/"},{"name":"consumable","url":"http://pokeapi.co/api/v2/item-attribute/2/"},{"name":"usable-in-battle","url":"http://pokeapi.co/api/v2/item-attribute/4/"},{"name":"holdable","url":"http://pokeapi.co/api/v2/item-attribute/5/"}],"category":{"name":"standard-balls","url":"http://pokeapi.co/api/v2/item-category/34/"},"effect_entries":[{"effect":"Used in battle\n:   Attempts to catch a wild Pokémon, using a catch rate of 2×.\n\n    If used in a trainer battle, nothing happens and the ball is lost.","short_effect":"Tries to catch a wild Pokémon.  Success rate is 2×.","language":{"name":"en","url":"http://pokeapi.co/api/v2/language/9/"}}],"flavor_text_entries":[{"text":"スーパーボールよりも　さらに\nポケモンを　捕まえやすくなった\nすごく　性能のいい　ボール。","version_group":{"name":"x-y","url":"http://pokeapi.co/api/v2/version-group/15/"},"language":{"name":"ja-kanji","url":"http://pokeapi.co/api/v2/language/11/"}},{"text":"An ultra-high-performance Poké Ball\nthat provides a higher success rate for\ncatching Pokémon than a Great Ball.","version_group":{"name":"x-y","url":"http://pokeapi.co/api/v2/version-group/15/"},"language":{"name":"en","url":"http://pokeapi.co/api/v2/language/9/"}},{"text":"Poké Ball dalle prestazioni eccellenti:\nfornisce maggiori probabilità di cattura rispetto\nalla Mega Ball.","version_group":{"name":"x-y","url":"http://pokeapi.co/api/v2/version-group/15/"},"language":{"name":"it","url":"http://pokeapi.co/api/v2/language/8/"}},{"text":"Poké Ball de rendimiento superior. Tiene un\níndice de éxito mayor al de la Super Ball.","version_group":{"name":"x-y","url":"http://pokeapi.co/api/v2/version-group/15/"},"language":{"name":"es","url":"http://pokeapi.co/api/v2/language/7/"}},{"text":"Ein Ball mit hoher Erfolgsquote. Dem Superball in\nallen Punkten überlegen.","version_group":{"name":"x-y","url":"http://pokeapi.co/api/v2/version-group/15/"},"language":{"name":"de","url":"http://pokeapi.co/api/v2/language/6/"}},{"text":"Une Ball ultraperformante dont le taux de\nréussite est supérieur à celui de la Super Ball.","version_group":{"name":"x-y","url":"http://pokeapi.co/api/v2/version-group/15/"},"language":{"name":"fr","url":"http://pokeapi.co/api/v2/language/5/"}},{"text":"수퍼볼보다도 더욱\n포켓몬을 잡기 쉬워진\n매우 성능이 좋은 볼.","version_group":{"name":"x-y","url":"http://pokeapi.co/api/v2/version-group/15/"},"language":{"name":"ko","url":"http://pokeapi.co/api/v2/language/3/"}},{"text":"スーパーボールよりも　さらに\nポケモンを　つかまえやすくなった\nすごく　せいのうのいい　ボール。","version_group":{"name":"x-y","url":"http://pokeapi.co/api/v2/version-group/15/"},"language":{"name":"ja","url":"http://pokeapi.co/api/v2/language/1/"}},{"text":"An ultra-performance Ball that\nprovides a higher Pokémon catch rate\nthan a Great Ball.","version_group":{"name":"black-2-white-2","url":"http://pokeapi.co/api/v2/version-group/14/"},"language":{"name":"en","url":"http://pokeapi.co/api/v2/language/9/"}},{"text":"An ultra-performance Ball that\nprovides a higher Pokémon catch rate\nthan a Great Ball.","version_group":{"name":"black-white","url":"http://pokeapi.co/api/v2/version-group/11/"},"language":{"name":"en","url":"http://pokeapi.co/api/v2/language/9/"}},{"text":"Une Ball ultraperformante dont le taux\nde réussite est supérieur à celui de la\nSuper Ball.","version_group":{"name":"black-white","url":"http://pokeapi.co/api/v2/version-group/11/"},"language":{"name":"fr","url":"http://pokeapi.co/api/v2/language/5/"}},{"text":"An ultra-performance Ball that\nprovides a higher Pokémon catch rate\nthan a Great Ball.","version_group":{"name":"heartgold-soulsilver","url":"http://pokeapi.co/api/v2/version-group/10/"},"language":{"name":"en","url":"http://pokeapi.co/api/v2/language/9/"}},{"text":"An ultra-performance Ball that\nprovides a higher Pokémon catch rate\nthan a Great Ball.","version_group":{"name":"platinum","url":"http://pokeapi.co/api/v2/version-group/9/"},"language":{"name":"en","url":"http://pokeapi.co/api/v2/language/9/"}},{"text":"An ultra-performance Ball that\nprovides a higher Pokémon catch rate\nthan a Great Ball.","version_group":{"name":"diamond-pearl","url":"http://pokeapi.co/api/v2/version-group/8/"},"language":{"name":"en","url":"http://pokeapi.co/api/v2/language/9/"}},{"text":"A very high-grade BALL that offers\na higher POKéMON catch rate than\na GREAT BALL.","version_group":{"name":"firered-leafgreen","url":"http://pokeapi.co/api/v2/version-group/7/"},"language":{"name":"en","url":"http://pokeapi.co/api/v2/language/9/"}},{"text":"A better BALL with\na higher catch rate\nthan a GREAT BALL.","version_group":{"name":"emerald","url":"http://pokeapi.co/api/v2/version-group/6/"},"language":{"name":"en","url":"http://pokeapi.co/api/v2/language/9/"}},{"text":"A better BALL with\na higher catch rate\nthan a GREAT BALL.","version_group":{"name":"ruby-sapphire","url":"http://pokeapi.co/api/v2/version-group/5/"},"language":{"name":"en","url":"http://pokeapi.co/api/v2/language/9/"}}],"game_indices":[{"game_index":2,"generation":{"name":"generation-vi","url":"http://pokeapi.co/api/v2/generation/6/"}},{"game_index":2,"generation":{"name":"generation-v","url":"http://pokeapi.co/api/v2/generation/5/"}},{"game_index":2,"generation":{"name":"generation-iv","url":"http://pokeapi.co/api/v2/generation/4/"}},{"game_index":2,"generation":{"name":"generation-iii","url":"http://pokeapi.co/api/v2/generation/3/"}}],"names":[{"name":"Ultra Ball","language":{"name":"en","url":"http://pokeapi.co/api/v2/language/9/"}},{"name":"Ultra Ball","language":{"name":"it","url":"http://pokeapi.co/api/v2/language/8/"}},{"name":"Ultra Ball","language":{"name":"es","url":"http://pokeapi.co/api/v2/language/7/"}},{"name":"Hyperball","language":{"name":"de","url":"http://pokeapi.co/api/v2/language/6/"}},{"name":"Hyper Ball","language":{"name":"fr","url":"http://pokeapi.co/api/v2/language/5/"}},{"name":"하이퍼볼","language":{"name":"ko","url":"http://pokeapi.co/api/v2/language/3/"}},{"name":"ハイパーボール","language":{"name":"ja","url":"http://pokeapi.co/api/v2/language/1/"}}],"held_by_pokemon":[],"baby_trigger_for":null}