{"id":235,"name":"thick-club","cost":500,"fling_power":90,"fling_effect":null,"attributes":[{"name":"holdable","url":"http://pokeapi.co/api/v2/item-attribute/5/"}],"category":{"name":"species-specific","url":"http://pokeapi.co/api/v2/item-category/18/"},"effect_entries":[{"effect":"Held by Cubone or Marowak: Doubles the holder's Attack.","short_effect":"Doubles Cubone or Marowak's Attack.","language":{"name":"en","url":"http://pokeapi.co/api/v2/language/9/"}}],"flavor_text_entries":[{"text":"なにかの　硬い　ホネ。\nカラカラ　または　ガラガラに\n持たせると　攻撃が　あがる。","version_group":{"name":"x-y","url":"http://pokeapi.co/api/v2/version-group/15/"},"language":{"name":"ja-kanji","url":"http://pokeapi.co/api/v2/language/11/"}},{"text":"An item to be held by Cubone or\nMarowak. It is a hard bone of some\nsort that boosts the Attack stat.","version_group":{"name":"x-y","url":"http://pokeapi.co/api/v2/version-group/15/"},"language":{"name":"en","url":"http://pokeapi.co/api/v2/language/9/"}},{"text":"Strumento da dare a Cubone o Marowak.\nOsso duro che migliora l’Attacco.","version_group":{"name":"x-y","url":"http://pokeapi.co/api/v2/version-group/15/"},"language":{"name":"it","url":"http://pokeapi.co/api/v2/language/8/"}},{"text":"Si el Pokémon que la lleva tiene los PS al\nmáximo, puede resistir un golpe que lo dejaría\nK.O. y se queda con 1 PS.","version_group":{"name":"x-y","url":"http://pokeapi.co/api/v2/version-group/15/"},"language":{"name":"es","url":"http://pokeapi.co/api/v2/language/7/"}},{"text":"Ein harter Knochen, der den Angriffs-Wert\nvon Tragosso oder Knogga erhöht, wenn sie\nihn tragen.","version_group":{"name":"x-y","url":"http://pokeapi.co/api/v2/version-group/15/"},"language":{"name":"de","url":"http://pokeapi.co/api/v2/language/6/"}},{"text":"Objet à faire tenir à Osselait ou Ossatueur.\nUn os dur qui augmente leur Attaque.","version_group":{"name":"x-y","url":"http://pokeapi.co/api/v2/version-group/15/"},"language":{"name":"fr","url":"http://pokeapi.co/api/v2/language/5/"}},{"text":"무언가의 단단한 뼈.\n탕구리 혹은 텅구리에게\n지니게 하면 공격이 올라간다.","version_group":{"name":"x-y","url":"http://pokeapi.co/api/v2/version-group/15/"},"language":{"name":"ko","url":"http://pokeapi.co/api/v2/language/3/"}},{"text":"なにかの　かたい　ホネ。\nカラカラ　または　ガラガラに\nもたせると　こうげきが　あがる。","version_group":{"name":"x-y","url":"http://pokeapi.co/api/v2/version-group/15/"},"language":{"name":"ja","url":"http://pokeapi.co/api/v2/language/1/"}},{"text":"An item to be held by Cubone or\nMarowak. It is a hard bone of some\nsort that boosts the Attack stat.","version_group":{"name":"black-2-white-2","url":"http://pokeapi.co/api/v2/version-group/14/"},"language":{"name":"en","url":"http://pokeapi.co/api/v2/language/9/"}},{"text":"An item to be held by Cubone or\nMarowak. It is a hard bone of some\nsort that boosts the Attack stat.","version_group":{"name":"black-white","url":"http://pokeapi.co/api/v2/version-group/11/"},"language":{"name":"en","url":"http://pokeapi.co/api/v2/language/9/"}},{"text":"Objet à faire tenir à Osselait ou\nOssatueur. Os dur qui monte leur\nAttaque.","version_group":{"name":"black-white","url":"http://pokeapi.co/api/v2/version-group/11/"},"language":{"name":"fr","url":"http://pokeapi.co/api/v2/language/5/"}},{"text":"An item to be held by CUBONE or\nMAROWAK. It is a hard bone of some\nsort that boosts the Attack stat.","version_group":{"name":"heartgold-soulsilver","url":"http://pokeapi.co/api/v2/version-group/10/"},"language":{"name":"en","url":"http://pokeapi.co/api/v2/language/9/"}},{"text":"An item to be held by CUBONE or\nMAROWAK. It is a hard bone of some\nsort that boosts the Attack stat.","version_group":{"name":"platinum","url":"http://pokeapi.co/api/v2/version-group/9/"},"language":{"name":"en","url":"http://pokeapi.co/api/v2/language/9/"}},{"text":"An item to be held by CUBONE or\nMAROWAK. It is a hard bone of some\nsort that boosts the Attack stat.","version_group":{"name":"diamond-pearl","url":"http://pokeapi.co/api/v2/version-group/8/"},"language":{"name":"en","url":"http://pokeapi.co/api/v2/language/9/"}},{"text":"A hard bone of some sort to be\nheld by a CUBONE or MAROWAK.\nIt raises the ATTACK stat.","version_group":{"name":"firered-leafgreen","url":"http://pokeapi.co/api/v2/version-group/7/"},"language":{"name":"en","url":"http://pokeapi.co/api/v2/language/9/"}},{"text":"A hold item that \nraises CUBONE or\nMAROWAK’s ATTACK.","version_group":{"name":"emerald","url":"http://pokeapi.co/api/v2/version-group/6/"},"language":{"name":"en","url":"http://pokeapi.co/api/v2/language/9/"}},{"text":"A bone of some\nsort. It can be sold\ncheaply.","version_group":{"name":"ruby-sapphire","url":"http://pokeapi.co/api/v2/version-group/5/"},"language":{"name":"en","url":"http://pokeapi.co/api/v2/language/9/"}}],"game_indices":[{"game_index":258,"generation":{"name":"generation-vi","url":"http://pokeapi.co/api/v2/generation/6/"}},{"game_index":258,"generation":{"name":"generation-v","url":"http://pokeapi.co/api/v2/generation/5/"}},{"game_index":258,"generation":{"name":"generation-iv","url":"http://pokeapi.co/api/v2/generation/4/"}},{"game_index":224,"generation":{"name":"generation-iii","url":"http://pokeapi.co/api/v2/generation/3/"}}],"names":[{"name":"Thick Club","language":{"name":"en","url":"http://pokeapi.co/api/v2/language/9/"}},{"name":"Ossospesso","language":{"name":"it","url":"http://pokeapi.co/api/v2/language/8/"}},{"name":"Hueso Grueso","language":{"name":"es","url":"http://pokeapi.co/api/v2/language/7/"}},{"name":"Kampfknochen","language":{"name":"de","url":"http://pokeapi.co/api/v2/language/6/"}},{"name":"Masse Os","language":{"name":"fr","url":"http://pokeapi.co/api/v2/language/5/"}},{"name":"굵은뼈","language":{"name":"ko","url":"http://pokeapi.co/api/v2/language/3/"}},{"name":"ふといホネ","language":{"name":"ja","url":"http://pokeapi.co/api/v2/language/1/"}}],"held_by_pokemon":[{"pokemon":{"name":"cubone","url":"http://pokeapi.co/api/v2/pokemon/104/"},"version_details":[{"rarity":5,"version":{"name":"y","url":"http://pokeapi.co/api/v2/version/24/"}},{"rarity":5,"version":{"name":"x","url":"http://pokeapi.co/api/v2/version/23/"}},{"rarity":5,"version":{"name":"white-2","url":"http://pokeapi.co/api/v2/version/22/"}},{"rarity":5,"version":{"name":"black-2","url":"http://pokeapi.co/api/v2/version/21/"}},{"rarity":5,"version":{"name":"white","url":"http://pokeapi.co/api/v2/version/18/"}},{"rarity":5,"version":{"name":"black","url":"http://pokeapi.co/api/v2/version/17/"}},{"rarity":5,"version":{"name":"soulsilver","url":"http://pokeapi.co/api/v2/version/16/"}},{"rarity":5,"version":{"name":"heartgold","url":"http://pokeapi.co/api/v2/version/15/"}},{"rarity":5,"version":{"name":"platinum","url":"http://pokeapi.co/api/v2/version/14/"}},{"rarity":5,"version":{"name":"pearl","url":"http://pokeapi.co/api/v2/version/13/"}},{"rarity":5,"version":{"name":"diamond","url":"http://pokeapi.co/api/v2/version/12/"}},{"rarity":5,"version":{"name":"leafgreen","url":"http://pokeapi.co/api/v2/version/11/"}},{"rarity":5,"version":{"name":"firered","url":"http://pokeapi.co/api/v2/version/10/"}},{"rarity":5,"version":{"name":"emerald","url":"http://pokeapi.co/api/v2/version/9/"}},{"rarity":5,"version":{"name":"sapphire","url":"http://pokeapi.co/api/v2/version/8/"}},{"rarity":5,"version":{"name":"ruby","url":"http://pokeapi.co/api/v2/version/7/"}}]},{"pokemon":{"name":"marowak","url":"http://pokeapi.co/api/v2/pokemon/105/"},"version_details":[{"rarity":5,"version":{"name":"y","url":"http://pokeapi.co/api/v2/version/24/"}},{"rarity":5,"version":{"name":"x","url":"http://pokeapi.co/api/v2/version/23/"}},{"rarity":5,"version":{"name":"white-2","url":"http://pokeapi.co/api/v2/version/22/"}},{"rarity":5,"version":{"name":"black-2","url":"http://pokeapi.co/api/v2/version/21/"}},{"rarity":5,"version":{"name":"white","url":"http://pokeapi.co/api/v2/version/18/"}},{"rarity":5,"version":{"name":"black","url":"http://pokeapi.co/api/v2/version/17/"}},{"rarity":5,"version":{"name":"soulsilver","url":"http://pokeapi.co/api/v2/version/16/"}},{"rarity":5,"version":{"name":"heartgold","url":"http://pokeapi.co/api/v2/version/15/"}},{"rarity":5,"version":{"name":"platinum","url":"http://pokeapi.co/api/v2/version/14/"}},{"rarity":5,"version":{"name":"pearl","url":"http://pokeapi.co/api/v2/version/13/"}},{"rarity":5,"version":{"name":"diamond","url":"http://pokeapi.co/api/v2/version/12/"}},{"rarity":5,"version":{"name":"leafgreen","url":"http://pokeapi.co/api/v2/version/11/"}},{"rarity":5,"version":{"name":"firered","url":"http://pokeapi.co/api/v2/version/10/"}},{"rarity":5,"version":{"name":"emerald","url":"http://pokeapi.co/api/v2/version/9/"}},{"rarity":5,"version":{"name":"sapphire","url":"http://pokeapi.co/api/v2/version/8/"}},{"rarity":5,"version":{"name":"ruby","url":"http://pokeapi.co/api/v2/version/7/"}}]}],"baby_trigger_for":null}