{"id":240,"name":"green-scarf","cost":100,"fling_power":10,"fling_effect":null,"attributes":[{"name":"holdable-active","url":"http://pokeapi.co/api/v2/item-attribute/7/"}],"category":{"name":"scarves","url":"http://pokeapi.co/api/v2/item-category/36/"},"effect_entries":[{"effect":"Held: Increases the holder's Smartness during a Super Contest's Visual Competition.","short_effect":"Raises the holder's Smartness while in a contest.","language":{"name":"en","url":"http://pokeapi.co/api/v2/language/9/"}}],"flavor_text_entries":[{"text":"持たせて　コンテストに　参加すると\nその　ポケモンは　いつもより\nかしこく　みられる。","version_group":{"name":"x-y","url":"http://pokeapi.co/api/v2/version-group/15/"},"language":{"name":"ja-kanji","url":"http://pokeapi.co/api/v2/language/11/"}},{"text":"An item to be held by a Pokémon.\nDuring a Contest, it raises the Smart\naspect of the Pokémon holding it.","version_group":{"name":"x-y","url":"http://pokeapi.co/api/v2/version-group/15/"},"language":{"name":"en","url":"http://pokeapi.co/api/v2/language/9/"}},{"text":"Strumento da dare a un Pokémon.\nAumenta l’“Acume” di chi l’indossa in una Gara.","version_group":{"name":"x-y","url":"http://pokeapi.co/api/v2/version-group/15/"},"language":{"name":"it","url":"http://pokeapi.co/api/v2/language/8/"}},{"text":"Un hilo largo y delgado de color rojo que\ntransmite el enamoramiento del Pokémon que\nlo lleva a su objetivo.","version_group":{"name":"x-y","url":"http://pokeapi.co/api/v2/version-group/15/"},"language":{"name":"es","url":"http://pokeapi.co/api/v2/language/7/"}},{"text":"Ein Item zum Tragen. Trainer erhöhen damit in\nWettbewerben die „Klugheit“ ihres Pokémon.","version_group":{"name":"x-y","url":"http://pokeapi.co/api/v2/version-group/15/"},"language":{"name":"de","url":"http://pokeapi.co/api/v2/language/6/"}},{"text":"Objet à tenir. Augmente l’Intelligence\nd’un Pokémon dans les Concours.","version_group":{"name":"x-y","url":"http://pokeapi.co/api/v2/version-group/15/"},"language":{"name":"fr","url":"http://pokeapi.co/api/v2/language/5/"}},{"text":"지니게 하여 콘테스트에 참가하면\n그 포켓몬은 여느 때보다\n슬기롭게 보인다.","version_group":{"name":"x-y","url":"http://pokeapi.co/api/v2/version-group/15/"},"language":{"name":"ko","url":"http://pokeapi.co/api/v2/language/3/"}},{"text":"もたせて　コンテストに　さんかすると\nその　ポケモンは　いつもより\nかしこく　みられる。","version_group":{"name":"x-y","url":"http://pokeapi.co/api/v2/version-group/15/"},"language":{"name":"ja","url":"http://pokeapi.co/api/v2/language/1/"}},{"text":"An item to be held by a Pokémon.\nIt boosts the Smart aspect of the\nholder in a Contest.","version_group":{"name":"black-2-white-2","url":"http://pokeapi.co/api/v2/version-group/14/"},"language":{"name":"en","url":"http://pokeapi.co/api/v2/language/9/"}},{"text":"An item to be held by a Pokémon.\nIt boosts the Smart aspect of the\nholder in a Contest.","version_group":{"name":"black-white","url":"http://pokeapi.co/api/v2/version-group/11/"},"language":{"name":"en","url":"http://pokeapi.co/api/v2/language/9/"}},{"text":"Objet à tenir. Augmente l’Intelligence\nd’un Pokémon dans les Concours.","version_group":{"name":"black-white","url":"http://pokeapi.co/api/v2/version-group/11/"},"language":{"name":"fr","url":"http://pokeapi.co/api/v2/language/5/"}},{"text":"An item to be held by a Pokémon.\nIt boosts the “Smart” aspect of the\nholder in a Contest in Sinnoh.","version_group":{"name":"heartgold-soulsilver","url":"http://pokeapi.co/api/v2/version-group/10/"},"language":{"name":"en","url":"http://pokeapi.co/api/v2/language/9/"}},{"text":"An item to be held by a Pokémon.\nIt boosts the “Smart” aspect of the\nholder in a Contest.","version_group":{"name":"platinum","url":"http://pokeapi.co/api/v2/version-group/9/"},"language":{"name":"en","url":"http://pokeapi.co/api/v2/language/9/"}},{"text":"An item to be held by a Pokémon.\nIt boosts the “Smart” aspect of the\nholder in a Contest.","version_group":{"name":"diamond-pearl","url":"http://pokeapi.co/api/v2/version-group/8/"},"language":{"name":"en","url":"http://pokeapi.co/api/v2/language/9/"}},{"text":"An item to be held by a POKéMON.\nIt boosts the holding POKéMON’s\nSMART condition in CONTESTS.","version_group":{"name":"firered-leafgreen","url":"http://pokeapi.co/api/v2/version-group/7/"},"language":{"name":"en","url":"http://pokeapi.co/api/v2/language/9/"}},{"text":"A hold item that\nraises SMART in\nCONTESTS.","version_group":{"name":"emerald","url":"http://pokeapi.co/api/v2/version-group/6/"},"language":{"name":"en","url":"http://pokeapi.co/api/v2/language/9/"}},{"text":"A hold item that\nraises SMART in\nCONTESTS.","version_group":{"name":"ruby-sapphire","url":"http://pokeapi.co/api/v2/version-group/5/"},"language":{"name":"en","url":"http://pokeapi.co/api/v2/language/9/"}}],"game_indices":[{"game_index":263,"generation":{"name":"generation-vi","url":"http://pokeapi.co/api/v2/generation/6/"}},{"game_index":263,"generation":{"name":"generation-v","url":"http://pokeapi.co/api/v2/generation/5/"}},{"game_index":263,"generation":{"name":"generation-iv","url":"http://pokeapi.co/api/v2/generation/4/"}},{"game_index":257,"generation":{"name":"generation-iii","url":"http://pokeapi.co/api/v2/generation/3/"}}],"names":[{"name":"Green Scarf","language":{"name":"en","url":"http://pokeapi.co/api/v2/language/9/"}},{"name":"Fascia Verde","language":{"name":"it","url":"http://pokeapi.co/api/v2/language/8/"}},{"name":"Pañuelo Verde","language":{"name":"es","url":"http://pokeapi.co/api/v2/language/7/"}},{"name":"Grüner Schal","language":{"name":"de","url":"http://pokeapi.co/api/v2/language/6/"}},{"name":"Foulard Vert","language":{"name":"fr","url":"http://pokeapi.co/api/v2/language/5/"}},{"name":"초록밴드","language":{"name":"ko","url":"http://pokeapi.co/api/v2/language/3/"}},{"name":"みどりのバンダナ","language":{"name":"ja","url":"http://pokeapi.co/api/v2/language/1/"}}],"held_by_pokemon":[],"baby_trigger_for":null}