{"id":359,"name":"tm55","cost":3000,"fling_power":null,"fling_effect":null,"attributes":[],"category":{"name":"all-machines","url":"http://pokeapi.co/api/v2/item-category/37/"},"effect_entries":[{"effect":"Teaches Brine to a compatible Pokémon.","short_effect":"Teaches Scald to a compatible Pokémon. (Gen IV: Brine)","language":{"name":"en","url":"http://pokeapi.co/api/v2/language/9/"}}],"flavor_text_entries":[{"text":"熱く　煮えたぎる　水を\n相手に　発射して　攻撃する。\nやけど状態に　することが　ある。","version_group":{"name":"x-y","url":"http://pokeapi.co/api/v2/version-group/15/"},"language":{"name":"ja-kanji","url":"http://pokeapi.co/api/v2/language/11/"}},{"text":"The user shoots boiling hot water at\nits target. This may also leave the\ntarget with a burn.","version_group":{"name":"x-y","url":"http://pokeapi.co/api/v2/version-group/15/"},"language":{"name":"en","url":"http://pokeapi.co/api/v2/language/9/"}},{"text":"Chi la usa attacca il bersaglio con un getto\nd’acqua bollente che può anche scottarlo.","version_group":{"name":"x-y","url":"http://pokeapi.co/api/v2/version-group/15/"},"language":{"name":"it","url":"http://pokeapi.co/api/v2/language/8/"}},{"text":"Tras atacar, vuelve a toda prisa para dar paso a\notro Pokémon del equipo.","version_group":{"name":"x-y","url":"http://pokeapi.co/api/v2/version-group/15/"},"language":{"name":"es","url":"http://pokeapi.co/api/v2/language/7/"}},{"text":"Heizt dem Ziel mit einem Schwall siedend heißen\nKochwassers ein. Dieses erleidet eventuell\nVerbrennungen.","version_group":{"name":"x-y","url":"http://pokeapi.co/api/v2/version-group/15/"},"language":{"name":"de","url":"http://pokeapi.co/api/v2/language/6/"}},{"text":"L’ennemi est attaqué par un jet d’eau bouillante.\nPeut aussi le brûler.","version_group":{"name":"x-y","url":"http://pokeapi.co/api/v2/version-group/15/"},"language":{"name":"fr","url":"http://pokeapi.co/api/v2/language/5/"}},{"text":"뜨겁게 끓어오르는 물을\n상대에게 발사해서 공격한다.\n화상 상태로 만들 때가 있다.","version_group":{"name":"x-y","url":"http://pokeapi.co/api/v2/version-group/15/"},"language":{"name":"ko","url":"http://pokeapi.co/api/v2/language/3/"}},{"text":"あつく　にえたぎる　みずを\nはっしゃして　こうげきする。\nやけどに　することが　ある。","version_group":{"name":"x-y","url":"http://pokeapi.co/api/v2/version-group/15/"},"language":{"name":"ja","url":"http://pokeapi.co/api/v2/language/1/"}},{"text":"The user shoots boiling hot water at\nits target. It may also leave the\ntarget with a burn.","version_group":{"name":"black-2-white-2","url":"http://pokeapi.co/api/v2/version-group/14/"},"language":{"name":"en","url":"http://pokeapi.co/api/v2/language/9/"}},{"text":"The user shoots boiling hot water at\nits target. It may also leave the\ntarget with a burn.","version_group":{"name":"black-white","url":"http://pokeapi.co/api/v2/version-group/11/"},"language":{"name":"en","url":"http://pokeapi.co/api/v2/language/9/"}},{"text":"Envoie un jet d’eau bouillante.\nInflige des dégâts et peut\nparfois brûler.","version_group":{"name":"black-white","url":"http://pokeapi.co/api/v2/version-group/11/"},"language":{"name":"fr","url":"http://pokeapi.co/api/v2/language/5/"}},{"text":"If the foe’s HP is down to under half,\nthis attack will hit with double the\npower.","version_group":{"name":"heartgold-soulsilver","url":"http://pokeapi.co/api/v2/version-group/10/"},"language":{"name":"en","url":"http://pokeapi.co/api/v2/language/9/"}},{"text":"If the foe’s HP is down to under half,\nthis attack will hit with double the\npower.","version_group":{"name":"platinum","url":"http://pokeapi.co/api/v2/version-group/9/"},"language":{"name":"en","url":"http://pokeapi.co/api/v2/language/9/"}},{"text":"If the foe’s HP is down to under half,\nthis attack will hit with double the\npower.","version_group":{"name":"diamond-pearl","url":"http://pokeapi.co/api/v2/version-group/8/"},"language":{"name":"en","url":"http://pokeapi.co/api/v2/language/9/"}}],"game_indices":[{"game_index":382,"generation":{"name":"generation-vi","url":"http://pokeapi.co/api/v2/generation/6/"}},{"game_index":382,"generation":{"name":"generation-v","url":"http://pokeapi.co/api/v2/generation/5/"}},{"game_index":382,"generation":{"name":"generation-iv","url":"http://pokeapi.co/api/v2/generation/4/"}}],"names":[{"name":"TM55","language":{"name":"en","url":"http://pokeapi.co/api/v2/language/9/"}},{"name":"MT55","language":{"name":"it","url":"http://pokeapi.co/api/v2/language/8/"}},{"name":"MT55","language":{"name":"es","url":"http://pokeapi.co/api/v2/language/7/"}},{"name":"TM55","language":{"name":"de","url":"http://pokeapi.co/api/v2/language/6/"}},{"name":"CT55","language":{"name":"fr","url":"http://pokeapi.co/api/v2/language/5/"}},{"name":"기술머신55","language":{"name":"ko","url":"http://pokeapi.co/api/v2/language/3/"}},{"name":"わざマシン５５","language":{"name":"ja","url":"http://pokeapi.co/api/v2/language/1/"}}],"held_by_pokemon":[],"baby_trigger_for":null}