{"id":28,"name":"revive","cost":1500,"fling_power":30,"fling_effect":null,"attributes":[{"name":"countable","url":"http://pokeapi.co/api/v2/item-attribute/1/"},{"name":"consumable","url":"http://pokeapi.co/api/v2/item-attribute/2/"},{"name":"usable-overworld","url":"http://pokeapi.co/api/v2/item-attribute/3/"},{"name":"usable-in-battle","url":"http://pokeapi.co/api/v2/item-attribute/4/"},{"name":"holdable","url":"http://pokeapi.co/api/v2/item-attribute/5/"},{"name":"underground","url":"http://pokeapi.co/api/v2/item-attribute/8/"}],"category":{"name":"revival","url":"http://pokeapi.co/api/v2/item-category/29/"},"effect_entries":[{"effect":"Used on a party Pokémon\n:   Revives the Pokémon and restores half its HP.","short_effect":"Revives with half HP.","language":{"name":"en","url":"http://pokeapi.co/api/v2/language/9/"}}],"flavor_text_entries":[{"text":"ひんしに　なってしまった　ポケモン\n１匹を　元気に　したうえで\nＨＰを　半分まで　回復する。","version_group":{"name":"x-y","url":"http://pokeapi.co/api/v2/version-group/15/"},"language":{"name":"ja-kanji","url":"http://pokeapi.co/api/v2/language/11/"}},{"text":"A medicine that can revive fainted\nPokémon. It also restores half of\na fainted Pokémon’s maximum HP.","version_group":{"name":"x-y","url":"http://pokeapi.co/api/v2/version-group/15/"},"language":{"name":"en","url":"http://pokeapi.co/api/v2/language/9/"}},{"text":"Rimedio che rianima un Pokémon esausto\ne gli restituisce metà dei suoi PS massimi.","version_group":{"name":"x-y","url":"http://pokeapi.co/api/v2/version-group/15/"},"language":{"name":"it","url":"http://pokeapi.co/api/v2/language/8/"}},{"text":"Medicina que revive a un Pokémon debilitado y le\ndevuelve la mitad de sus PS.","version_group":{"name":"x-y","url":"http://pokeapi.co/api/v2/version-group/15/"},"language":{"name":"es","url":"http://pokeapi.co/api/v2/language/7/"}},{"text":"Eine Medizin, die ein kampfunfähiges Pokémon\nwiederbelebt. Die Hälfte der maximalen KP wird\nwiederhergestellt.","version_group":{"name":"x-y","url":"http://pokeapi.co/api/v2/version-group/15/"},"language":{"name":"de","url":"http://pokeapi.co/api/v2/language/6/"}},{"text":"Un médicament qui ranime un Pokémon K.O.\net restaure la moitié de ses PV max.","version_group":{"name":"x-y","url":"http://pokeapi.co/api/v2/version-group/15/"},"language":{"name":"fr","url":"http://pokeapi.co/api/v2/language/5/"}},{"text":"기절해 버린 포켓몬\n1마리를 건강하게 하고\nHP를 절반까지 회복한다.","version_group":{"name":"x-y","url":"http://pokeapi.co/api/v2/version-group/15/"},"language":{"name":"ko","url":"http://pokeapi.co/api/v2/language/3/"}},{"text":"ひんしに　なった　ポケモン\n１ひきを　げんきに　したうえで\nＨＰを　はんぶんまで　かいふくする。","version_group":{"name":"x-y","url":"http://pokeapi.co/api/v2/version-group/15/"},"language":{"name":"ja","url":"http://pokeapi.co/api/v2/language/1/"}},{"text":"A medicine that revives a fainted\nPokémon. It restores half the\nPokémon’s maximum HP.","version_group":{"name":"black-2-white-2","url":"http://pokeapi.co/api/v2/version-group/14/"},"language":{"name":"en","url":"http://pokeapi.co/api/v2/language/9/"}},{"text":"A medicine that revives a fainted\nPokémon. It restores half the\nPokémon’s maximum HP.","version_group":{"name":"black-white","url":"http://pokeapi.co/api/v2/version-group/11/"},"language":{"name":"en","url":"http://pokeapi.co/api/v2/language/9/"}},{"text":"Un médicament qui ranime un Pokémon\nK.O. et restaure la moitié de ses PV\nmax.","version_group":{"name":"black-white","url":"http://pokeapi.co/api/v2/version-group/11/"},"language":{"name":"fr","url":"http://pokeapi.co/api/v2/language/5/"}},{"text":"A medicine that revives a fainted\nPokémon. It restores half the\nPokémon’s maximum HP.","version_group":{"name":"heartgold-soulsilver","url":"http://pokeapi.co/api/v2/version-group/10/"},"language":{"name":"en","url":"http://pokeapi.co/api/v2/language/9/"}},{"text":"A medicine that revives a fainted\nPokémon. It restores half the\nPokémon’s maximum HP.","version_group":{"name":"platinum","url":"http://pokeapi.co/api/v2/version-group/9/"},"language":{"name":"en","url":"http://pokeapi.co/api/v2/language/9/"}},{"text":"A medicine that revives a fainted\nPokémon. It restores half the\nPokémon’s maximum HP.","version_group":{"name":"diamond-pearl","url":"http://pokeapi.co/api/v2/version-group/8/"},"language":{"name":"en","url":"http://pokeapi.co/api/v2/language/9/"}},{"text":"A medicine that revives a fainted\nPOKéMON, restoring HP by half the\nmaximum amount.","version_group":{"name":"firered-leafgreen","url":"http://pokeapi.co/api/v2/version-group/7/"},"language":{"name":"en","url":"http://pokeapi.co/api/v2/language/9/"}},{"text":"Revives a fainted\nPOKéMON with half\nits HP.","version_group":{"name":"emerald","url":"http://pokeapi.co/api/v2/version-group/6/"},"language":{"name":"en","url":"http://pokeapi.co/api/v2/language/9/"}},{"text":"Revives a fainted\nPOKéMON with half\nits HP.","version_group":{"name":"ruby-sapphire","url":"http://pokeapi.co/api/v2/version-group/5/"},"language":{"name":"en","url":"http://pokeapi.co/api/v2/language/9/"}}],"game_indices":[{"game_index":28,"generation":{"name":"generation-vi","url":"http://pokeapi.co/api/v2/generation/6/"}},{"game_index":28,"generation":{"name":"generation-v","url":"http://pokeapi.co/api/v2/generation/5/"}},{"game_index":28,"generation":{"name":"generation-iv","url":"http://pokeapi.co/api/v2/generation/4/"}},{"game_index":24,"generation":{"name":"generation-iii","url":"http://pokeapi.co/api/v2/generation/3/"}}],"names":[{"name":"Revive","language":{"name":"en","url":"http://pokeapi.co/api/v2/language/9/"}},{"name":"Revitalizzante","language":{"name":"it","url":"http://pokeapi.co/api/v2/language/8/"}},{"name":"Revivir","language":{"name":"es","url":"http://pokeapi.co/api/v2/language/7/"}},{"name":"Beleber","language":{"name":"de","url":"http://pokeapi.co/api/v2/language/6/"}},{"name":"Rappel","language":{"name":"fr","url":"http://pokeapi.co/api/v2/language/5/"}},{"name":"기력의조각","language":{"name":"ko","url":"http://pokeapi.co/api/v2/language/3/"}},{"name":"げんきのかけら","language":{"name":"ja","url":"http://pokeapi.co/api/v2/language/1/"}}],"held_by_pokemon":[],"baby_trigger_for":null}