{"id":131,"name":"leppa-berry","cost":20,"fling_power":10,"fling_effect":{"name":"berry-effect","url":"http://pokeapi.co/api/v2/item-fling-effect/3/"},"attributes":[{"name":"holdable-active","url":"http://pokeapi.co/api/v2/item-attribute/7/"}],"category":{"name":"medicine","url":"http://pokeapi.co/api/v2/item-category/3/"},"effect_entries":[{"effect":"Held in battle\n:   When the holder is out of PP for one of its moves, it consumes this item to restore 10 of that move's PP.\n\nUsed on a party Pokémon\n:   Restores 10 PP for a selected move.","short_effect":"Held: Consumed when a move runs out of PP to restore its PP by 10.","language":{"name":"en","url":"http://pokeapi.co/api/v2/language/9/"}}],"flavor_text_entries":[{"text":"ポケモンに　持たせると\nＰＰを　１０だけ　回復する。\n","version_group":{"name":"x-y","url":"http://pokeapi.co/api/v2/version-group/15/"},"language":{"name":"ja-kanji","url":"http://pokeapi.co/api/v2/language/11/"}},{"text":"A Berry to be consumed by Pokémon.\nIf a Pokémon holds one, it can restore\n10 PP to a depleted move during battle.","version_group":{"name":"x-y","url":"http://pokeapi.co/api/v2/version-group/15/"},"language":{"name":"en","url":"http://pokeapi.co/api/v2/language/9/"}},{"text":"Se un Pokémon ha questa bacca, può restituire\n10 PP a una mossa.","version_group":{"name":"x-y","url":"http://pokeapi.co/api/v2/version-group/15/"},"language":{"name":"it","url":"http://pokeapi.co/api/v2/language/8/"}},{"text":"Al usarla con un Pokémon, se gana su amistad,\npero también reduce su Defensa de base.","version_group":{"name":"x-y","url":"http://pokeapi.co/api/v2/version-group/15/"},"language":{"name":"es","url":"http://pokeapi.co/api/v2/language/7/"}},{"text":"Gibst du die Beere einem Pokémon zum Tragen,\nfüllt sie die AP einer Attacke um 10 Punkte auf.","version_group":{"name":"x-y","url":"http://pokeapi.co/api/v2/version-group/15/"},"language":{"name":"de","url":"http://pokeapi.co/api/v2/language/6/"}},{"text":"Une Baie qui restaure 10 PP lorsqu’elle\nest tenue par un Pokémon.","version_group":{"name":"x-y","url":"http://pokeapi.co/api/v2/version-group/15/"},"language":{"name":"fr","url":"http://pokeapi.co/api/v2/language/5/"}},{"text":"포켓몬에게 지니게 하면\nPP를 10만큼 회복한다.","version_group":{"name":"x-y","url":"http://pokeapi.co/api/v2/version-group/15/"},"language":{"name":"ko","url":"http://pokeapi.co/api/v2/language/3/"}},{"text":"ポケモンに　もたせると\nＰＰを　１０だけ　かいふくする。\n","version_group":{"name":"x-y","url":"http://pokeapi.co/api/v2/version-group/15/"},"language":{"name":"ja","url":"http://pokeapi.co/api/v2/language/1/"}},{"text":"If held by a Pokémon,\nit restores a move’s PP by 10.","version_group":{"name":"black-2-white-2","url":"http://pokeapi.co/api/v2/version-group/14/"},"language":{"name":"en","url":"http://pokeapi.co/api/v2/language/9/"}},{"text":"If held by a Pokémon,\nit restores a move’s PP by 10.","version_group":{"name":"black-white","url":"http://pokeapi.co/api/v2/version-group/11/"},"language":{"name":"en","url":"http://pokeapi.co/api/v2/language/9/"}},{"text":"Baie qui restaure 10 PP lorsqu’elle\nest tenue par un Pokémon.","version_group":{"name":"black-white","url":"http://pokeapi.co/api/v2/version-group/11/"},"language":{"name":"fr","url":"http://pokeapi.co/api/v2/language/5/"}},{"text":"It may be used or held by a Pokémon to\nrestore a move’s PP by 10.","version_group":{"name":"heartgold-soulsilver","url":"http://pokeapi.co/api/v2/version-group/10/"},"language":{"name":"en","url":"http://pokeapi.co/api/v2/language/9/"}},{"text":"A Poffin ingredient. It may be used\nor held by a Pokémon to restore a\nmove’s PP by 10.","version_group":{"name":"platinum","url":"http://pokeapi.co/api/v2/version-group/9/"},"language":{"name":"en","url":"http://pokeapi.co/api/v2/language/9/"}},{"text":"A Poffin ingredient. It may be used\nor held by a Pokémon to restore a\nmove’s PP by 10.","version_group":{"name":"diamond-pearl","url":"http://pokeapi.co/api/v2/version-group/8/"},"language":{"name":"en","url":"http://pokeapi.co/api/v2/language/9/"}},{"text":"When held by a POKéMON, it will be\nused in battle to restore 10 PP.","version_group":{"name":"firered-leafgreen","url":"http://pokeapi.co/api/v2/version-group/7/"},"language":{"name":"en","url":"http://pokeapi.co/api/v2/language/9/"}},{"text":"A hold item that\nrestores 10 PP in\nbattle.","version_group":{"name":"emerald","url":"http://pokeapi.co/api/v2/version-group/6/"},"language":{"name":"en","url":"http://pokeapi.co/api/v2/language/9/"}},{"text":"A hold item that\nrestores 10 PP in\nbattle.","version_group":{"name":"ruby-sapphire","url":"http://pokeapi.co/api/v2/version-group/5/"},"language":{"name":"en","url":"http://pokeapi.co/api/v2/language/9/"}}],"game_indices":[{"game_index":154,"generation":{"name":"generation-vi","url":"http://pokeapi.co/api/v2/generation/6/"}},{"game_index":154,"generation":{"name":"generation-v","url":"http://pokeapi.co/api/v2/generation/5/"}},{"game_index":154,"generation":{"name":"generation-iv","url":"http://pokeapi.co/api/v2/generation/4/"}},{"game_index":138,"generation":{"name":"generation-iii","url":"http://pokeapi.co/api/v2/generation/3/"}}],"names":[{"name":"Leppa Berry","language":{"name":"en","url":"http://pokeapi.co/api/v2/language/9/"}},{"name":"Baccamela","language":{"name":"it","url":"http://pokeapi.co/api/v2/language/8/"}},{"name":"Baya Zanama","language":{"name":"es","url":"http://pokeapi.co/api/v2/language/7/"}},{"name":"Jonagobeere","language":{"name":"de","url":"http://pokeapi.co/api/v2/language/6/"}},{"name":"Baie Mepo","language":{"name":"fr","url":"http://pokeapi.co/api/v2/language/5/"}},{"name":"과사열매","language":{"name":"ko","url":"http://pokeapi.co/api/v2/language/3/"}},{"name":"ヒメリのみ","language":{"name":"ja","url":"http://pokeapi.co/api/v2/language/1/"}}],"held_by_pokemon":[{"pokemon":{"name":"clefairy","url":"http://pokeapi.co/api/v2/pokemon/35/"},"version_details":[{"rarity":50,"version":{"name":"white-2","url":"http://pokeapi.co/api/v2/version/22/"}},{"rarity":50,"version":{"name":"black-2","url":"http://pokeapi.co/api/v2/version/21/"}},{"rarity":50,"version":{"name":"white","url":"http://pokeapi.co/api/v2/version/18/"}},{"rarity":50,"version":{"name":"black","url":"http://pokeapi.co/api/v2/version/17/"}},{"rarity":50,"version":{"name":"soulsilver","url":"http://pokeapi.co/api/v2/version/16/"}},{"rarity":50,"version":{"name":"heartgold","url":"http://pokeapi.co/api/v2/version/15/"}},{"rarity":50,"version":{"name":"platinum","url":"http://pokeapi.co/api/v2/version/14/"}},{"rarity":50,"version":{"name":"pearl","url":"http://pokeapi.co/api/v2/version/13/"}},{"rarity":50,"version":{"name":"diamond","url":"http://pokeapi.co/api/v2/version/12/"}},{"rarity":50,"version":{"name":"emerald","url":"http://pokeapi.co/api/v2/version/9/"}},{"rarity":50,"version":{"name":"sapphire","url":"http://pokeapi.co/api/v2/version/8/"}},{"rarity":50,"version":{"name":"ruby","url":"http://pokeapi.co/api/v2/version/7/"}}]},{"pokemon":{"name":"clefable","url":"http://pokeapi.co/api/v2/pokemon/36/"},"version_details":[{"rarity":50,"version":{"name":"white-2","url":"http://pokeapi.co/api/v2/version/22/"}},{"rarity":50,"version":{"name":"black-2","url":"http://pokeapi.co/api/v2/version/21/"}},{"rarity":50,"version":{"name":"white","url":"http://pokeapi.co/api/v2/version/18/"}},{"rarity":50,"version":{"name":"black","url":"http://pokeapi.co/api/v2/version/17/"}},{"rarity":50,"version":{"name":"soulsilver","url":"http://pokeapi.co/api/v2/version/16/"}},{"rarity":50,"version":{"name":"heartgold","url":"http://pokeapi.co/api/v2/version/15/"}},{"rarity":50,"version":{"name":"platinum","url":"http://pokeapi.co/api/v2/version/14/"}},{"rarity":50,"version":{"name":"pearl","url":"http://pokeapi.co/api/v2/version/13/"}},{"rarity":50,"version":{"name":"diamond","url":"http://pokeapi.co/api/v2/version/12/"}},{"rarity":50,"version":{"name":"emerald","url":"http://pokeapi.co/api/v2/version/9/"}},{"rarity":50,"version":{"name":"sapphire","url":"http://pokeapi.co/api/v2/version/8/"}},{"rarity":50,"version":{"name":"ruby","url":"http://pokeapi.co/api/v2/version/7/"}}]},{"pokemon":{"name":"mr-mime","url":"http://pokeapi.co/api/v2/pokemon/122/"},"version_details":[{"rarity":5,"version":{"name":"white","url":"http://pokeapi.co/api/v2/version/18/"}},{"rarity":5,"version":{"name":"black","url":"http://pokeapi.co/api/v2/version/17/"}},{"rarity":5,"version":{"name":"soulsilver","url":"http://pokeapi.co/api/v2/version/16/"}},{"rarity":5,"version":{"name":"heartgold","url":"http://pokeapi.co/api/v2/version/15/"}},{"rarity":5,"version":{"name":"platinum","url":"http://pokeapi.co/api/v2/version/14/"}},{"rarity":5,"version":{"name":"pearl","url":"http://pokeapi.co/api/v2/version/13/"}},{"rarity":5,"version":{"name":"diamond","url":"http://pokeapi.co/api/v2/version/12/"}},{"rarity":5,"version":{"name":"emerald","url":"http://pokeapi.co/api/v2/version/9/"}},{"rarity":5,"version":{"name":"sapphire","url":"http://pokeapi.co/api/v2/version/8/"}},{"rarity":5,"version":{"name":"ruby","url":"http://pokeapi.co/api/v2/version/7/"}}]},{"pokemon":{"name":"cleffa","url":"http://pokeapi.co/api/v2/pokemon/173/"},"version_details":[{"rarity":50,"version":{"name":"white-2","url":"http://pokeapi.co/api/v2/version/22/"}},{"rarity":50,"version":{"name":"black-2","url":"http://pokeapi.co/api/v2/version/21/"}},{"rarity":50,"version":{"name":"white","url":"http://pokeapi.co/api/v2/version/18/"}},{"rarity":50,"version":{"name":"black","url":"http://pokeapi.co/api/v2/version/17/"}},{"rarity":50,"version":{"name":"soulsilver","url":"http://pokeapi.co/api/v2/version/16/"}},{"rarity":50,"version":{"name":"heartgold","url":"http://pokeapi.co/api/v2/version/15/"}},{"rarity":50,"version":{"name":"platinum","url":"http://pokeapi.co/api/v2/version/14/"}},{"rarity":50,"version":{"name":"pearl","url":"http://pokeapi.co/api/v2/version/13/"}},{"rarity":50,"version":{"name":"diamond","url":"http://pokeapi.co/api/v2/version/12/"}},{"rarity":50,"version":{"name":"emerald","url":"http://pokeapi.co/api/v2/version/9/"}},{"rarity":50,"version":{"name":"sapphire","url":"http://pokeapi.co/api/v2/version/8/"}},{"rarity":50,"version":{"name":"ruby","url":"http://pokeapi.co/api/v2/version/7/"}}]},{"pokemon":{"name":"skitty","url":"http://pokeapi.co/api/v2/pokemon/300/"},"version_details":[{"rarity":5,"version":{"name":"white","url":"http://pokeapi.co/api/v2/version/18/"}},{"rarity":5,"version":{"name":"black","url":"http://pokeapi.co/api/v2/version/17/"}},{"rarity":5,"version":{"name":"soulsilver","url":"http://pokeapi.co/api/v2/version/16/"}},{"rarity":5,"version":{"name":"heartgold","url":"http://pokeapi.co/api/v2/version/15/"}},{"rarity":5,"version":{"name":"platinum","url":"http://pokeapi.co/api/v2/version/14/"}},{"rarity":5,"version":{"name":"pearl","url":"http://pokeapi.co/api/v2/version/13/"}},{"rarity":5,"version":{"name":"diamond","url":"http://pokeapi.co/api/v2/version/12/"}},{"rarity":5,"version":{"name":"leafgreen","url":"http://pokeapi.co/api/v2/version/11/"}},{"rarity":5,"version":{"name":"firered","url":"http://pokeapi.co/api/v2/version/10/"}},{"rarity":5,"version":{"name":"emerald","url":"http://pokeapi.co/api/v2/version/9/"}},{"rarity":5,"version":{"name":"sapphire","url":"http://pokeapi.co/api/v2/version/8/"}},{"rarity":5,"version":{"name":"ruby","url":"http://pokeapi.co/api/v2/version/7/"}}]},{"pokemon":{"name":"delcatty","url":"http://pokeapi.co/api/v2/pokemon/301/"},"version_details":[{"rarity":5,"version":{"name":"white","url":"http://pokeapi.co/api/v2/version/18/"}},{"rarity":5,"version":{"name":"black","url":"http://pokeapi.co/api/v2/version/17/"}},{"rarity":5,"version":{"name":"soulsilver","url":"http://pokeapi.co/api/v2/version/16/"}},{"rarity":5,"version":{"name":"heartgold","url":"http://pokeapi.co/api/v2/version/15/"}},{"rarity":5,"version":{"name":"platinum","url":"http://pokeapi.co/api/v2/version/14/"}},{"rarity":5,"version":{"name":"pearl","url":"http://pokeapi.co/api/v2/version/13/"}},{"rarity":5,"version":{"name":"diamond","url":"http://pokeapi.co/api/v2/version/12/"}},{"rarity":5,"version":{"name":"leafgreen","url":"http://pokeapi.co/api/v2/version/11/"}},{"rarity":5,"version":{"name":"firered","url":"http://pokeapi.co/api/v2/version/10/"}},{"rarity":5,"version":{"name":"emerald","url":"http://pokeapi.co/api/v2/version/9/"}},{"rarity":5,"version":{"name":"sapphire","url":"http://pokeapi.co/api/v2/version/8/"}},{"rarity":5,"version":{"name":"ruby","url":"http://pokeapi.co/api/v2/version/7/"}}]},{"pokemon":{"name":"mime-jr","url":"http://pokeapi.co/api/v2/pokemon/439/"},"version_details":[{"rarity":5,"version":{"name":"white","url":"http://pokeapi.co/api/v2/version/18/"}},{"rarity":5,"version":{"name":"black","url":"http://pokeapi.co/api/v2/version/17/"}},{"rarity":5,"version":{"name":"soulsilver","url":"http://pokeapi.co/api/v2/version/16/"}},{"rarity":5,"version":{"name":"heartgold","url":"http://pokeapi.co/api/v2/version/15/"}},{"rarity":5,"version":{"name":"platinum","url":"http://pokeapi.co/api/v2/version/14/"}},{"rarity":5,"version":{"name":"pearl","url":"http://pokeapi.co/api/v2/version/13/"}},{"rarity":5,"version":{"name":"diamond","url":"http://pokeapi.co/api/v2/version/12/"}}]}],"baby_trigger_for":null}